data,valor,indicador,ano,mes,trimestre,nome_mes,media_movel_30d,variacao_pct,nivel_selic
2020-01-02,4.0213,cambio_dolar,2020,1,1,Jan/2020,4.0213,,
2020-01-03,4.0522,cambio_dolar,2020,1,1,Jan/2020,4.03675,0.768408226195505,
2020-01-06,4.0554,cambio_dolar,2020,1,1,Jan/2020,4.042966666666667,0.07896944869452138,
2020-01-07,4.0841,cambio_dolar,2020,1,1,Jan/2020,4.05325,0.7076983774720214,
2020-01-08,4.0672,cambio_dolar,2020,1,1,Jan/2020,4.05604,-0.4137998579858637,
2020-01-09,4.0744,cambio_dolar,2020,1,1,Jan/2020,4.0591,0.1770259638080196,
2020-01-10,4.0745,cambio_dolar,2020,1,1,Jan/2020,4.0613,0.0024543491066175704,
2020-01-13,4.1309,cambio_dolar,2020,1,1,Jan/2020,4.07,1.384218922567193,
2020-01-14,4.1443,cambio_dolar,2020,1,1,Jan/2020,4.078255555555555,0.32438451669130064,
2020-01-15,4.1622,cambio_dolar,2020,1,1,Jan/2020,4.086650000000001,0.4319185387158253,
2020-01-16,4.1726,cambio_dolar,2020,1,1,Jan/2020,4.094463636363636,0.24986785834413272,
2020-01-17,4.1837,cambio_dolar,2020,1,1,Jan/2020,4.1019,0.2660211858313666,
2020-01-20,4.1829,cambio_dolar,2020,1,1,Jan/2020,4.108130769230769,-0.01912182995912337,
2020-01-21,4.2014,cambio_dolar,2020,1,1,Jan/2020,4.114792857142858,0.44227688923950126,
2020-01-22,4.1889,cambio_dolar,2020,1,1,Jan/2020,4.1197333333333335,-0.29751987432758975,
2020-01-23,4.1662,cambio_dolar,2020,1,1,Jan/2020,4.1226375,-0.5419083769008681,
2020-01-24,4.1769,cambio_dolar,2020,1,1,Jan/2020,4.125829411764705,0.2568287648216483,
2020-01-27,4.2196,cambio_dolar,2020,1,1,Jan/2020,4.131038888888889,1.0222892575833642,
2020-01-28,4.2064,cambio_dolar,2020,1,1,Jan/2020,4.135005263157895,-0.31282586027110426,
2020-01-29,4.2013,cambio_dolar,2020,1,1,Jan/2020,4.13832,-0.12124381894257352,
2020-01-30,4.2523,cambio_dolar,2020,1,1,Jan/2020,4.143747619047619,1.213909980244221,
2020-01-31,4.2695,cambio_dolar,2020,1,1,Jan/2020,4.149463636363636,0.40448698351480683,
2020-02-03,4.2475,cambio_dolar,2020,2,1,Feb/2020,4.153726086956522,-0.5152828200023496,
2020-02-04,4.2381,cambio_dolar,2020,2,1,Feb/2020,4.157241666666667,-0.22130665097114255,
2020-02-05,4.2449,cambio_dolar,2020,2,1,Feb/2020,4.160748,0.16044925792217946,
2020-02-06,4.2477,cambio_dolar,2020,2,1,Feb/2020,4.164092307692308,0.06596150674926804,
2020-02-07,4.3076,cambio_dolar,2020,2,1,Feb/2020,4.169407407407407,1.4101749181910206,
2020-02-10,4.3195,cambio_dolar,2020,2,1,Feb/2020,4.174767857142857,0.27625591976969677,
2020-02-11,4.3148,cambio_dolar,2020,2,1,Feb/2020,4.179596551724138,-0.10880888991781079,
2020-02-12,4.3366,cambio_dolar,2020,2,1,Feb/2020,4.18483,0.5052377862241553,
2020-02-13,4.3389,cambio_dolar,2020,2,1,Feb/2020,4.195416666666667,0.05303694138265591,
2020-02-14,4.3163,cambio_dolar,2020,2,1,Feb/2020,4.20422,-0.5208693447647961,
2020-02-17,4.3157,cambio_dolar,2020,2,1,Feb/2020,4.2128966666666665,-0.013900794662102811,
2020-02-18,4.3471,cambio_dolar,2020,2,1,Feb/2020,4.221663333333334,0.7275760595036873,
2020-02-19,4.3728,cambio_dolar,2020,2,1,Feb/2020,4.23185,0.5911987301879362,
2020-02-20,4.3873,cambio_dolar,2020,2,1,Feb/2020,4.242279999999999,0.33159531650202023,
2020-02-21,4.3924,cambio_dolar,2020,2,1,Feb/2020,4.252876666666666,0.11624461513917161,
2020-02-26,4.4359,cambio_dolar,2020,2,1,Feb/2020,4.263043333333333,0.990346962935984,
2020-02-27,4.4764,cambio_dolar,2020,2,1,Feb/2020,4.274113333333333,0.9130052525981203,
2020-02-28,4.4987,cambio_dolar,2020,2,1,Feb/2020,4.28533,0.49816817085157616,
2020-03-02,4.4946,cambio_dolar,2020,3,1,Mar/2020,4.296063333333334,-0.0911374397048137,
2020-03-03,4.4883,cambio_dolar,2020,3,1,Mar/2020,4.306216666666667,-0.1401682018422168,
2020-03-04,4.5258,cambio_dolar,2020,3,1,Mar/2020,4.317646666666667,0.8355056480181977,
2020-03-05,4.6207,cambio_dolar,2020,3,1,Mar/2020,4.331623333333334,2.096866852269219,
2020-03-06,4.6459,cambio_dolar,2020,3,1,Mar/2020,4.346856666666667,0.5453719133464707,
2020-03-09,4.7379,cambio_dolar,2020,3,1,Mar/2020,4.365913333333333,1.9802406422867458,
2020-03-10,4.6693,cambio_dolar,2020,3,1,Mar/2020,4.382326666666667,-1.4478988581439034,
2020-03-11,4.6738,cambio_dolar,2020,3,1,Mar/2020,4.397466666666667,0.09637418885057869,
2020-03-12,4.8833,cambio_dolar,2020,3,1,Mar/2020,4.42003,4.4824339937524105,
2020-03-13,4.7362,cambio_dolar,2020,3,1,Mar/2020,4.43786,-3.0123072512440396,
2020-03-16,4.9471,cambio_dolar,2020,3,1,Mar/2020,4.46102,4.4529369536759456,
2020-03-17,5.0496,cambio_dolar,2020,3,1,Mar/2020,4.487023333333334,2.0719209233692526,
2020-03-18,5.1107,cambio_dolar,2020,3,1,Mar/2020,4.515796666666668,1.2099968314321918,
2020-03-19,5.1444,cambio_dolar,2020,3,1,Mar/2020,4.546006666666667,0.6594008648521887,
2020-03-20,5.0248,cambio_dolar,2020,3,1,Mar/2020,4.572003333333333,-2.3248580981261258,
2020-03-23,5.0805,cambio_dolar,2020,3,1,Mar/2020,4.599763333333333,1.10850183091864,
2020-03-24,5.0713,cambio_dolar,2020,3,1,Mar/2020,4.62522,-0.1810845389233373,
2020-03-25,5.0706,cambio_dolar,2020,3,1,Mar/2020,4.6502566666666665,-0.013803166840853365,
2020-03-26,5.001,cambio_dolar,2020,3,1,Mar/2020,4.67313,-1.3726186250147765,
2020-03-27,5.1109,cambio_dolar,2020,3,1,Mar/2020,4.698940000000001,2.1975604879024058,
2020-03-30,5.1594,cambio_dolar,2020,3,1,Mar/2020,4.72629,0.9489522393316241,
2020-03-31,5.1987,cambio_dolar,2020,3,1,Mar/2020,4.755703333333333,0.7617164786603015,
2020-04-01,5.2404,cambio_dolar,2020,4,2,Apr/2020,4.786526666666668,0.8021236078250338,
2020-04-02,5.2651,cambio_dolar,2020,4,2,Apr/2020,4.817126666666667,0.4713380657965116,
2020-04-03,5.2997,cambio_dolar,2020,4,2,Apr/2020,4.848023333333333,0.6571575088792025,
2020-04-06,5.2471,cambio_dolar,2020,4,2,Apr/2020,4.876683333333333,-0.9925090099439537,
2020-04-07,5.2217,cambio_dolar,2020,4,2,Apr/2020,4.904326666666666,-0.48407691867887737,
2020-04-08,5.2123,cambio_dolar,2020,4,2,Apr/2020,4.930206666666666,-0.18001800180018623,
2020-04-09,5.0779,cambio_dolar,2020,4,2,Apr/2020,4.950256666666666,-2.5785162020605212,
2020-04-13,5.1824,cambio_dolar,2020,4,2,Apr/2020,4.973046666666666,2.057937336300464,
2020-04-14,5.1858,cambio_dolar,2020,4,2,Apr/2020,4.996086666666667,0.06560666872492682,
2020-04-15,5.2579,cambio_dolar,2020,4,2,Apr/2020,5.021739999999999,1.390335145975552,
2020-04-16,5.2377,cambio_dolar,2020,4,2,Apr/2020,5.045469999999999,-0.3841837996158115,
2020-04-17,5.2573,cambio_dolar,2020,4,2,Apr/2020,5.0666899999999995,0.374210054031332,
2020-04-20,5.2837,cambio_dolar,2020,4,2,Apr/2020,5.087950000000001,0.5021589028588735,
2020-04-22,5.3847,cambio_dolar,2020,4,2,Apr/2020,5.109509999999999,1.9115392622593985,
2020-04-23,5.4467,cambio_dolar,2020,4,2,Apr/2020,5.135423333333333,1.1514104778353573,
2020-04-24,5.651,cambio_dolar,2020,4,2,Apr/2020,5.167996666666666,3.7508950373620786,
2020-04-27,5.6358,cambio_dolar,2020,4,2,Apr/2020,5.193079999999999,-0.268978941780218,
2020-04-28,5.5683,cambio_dolar,2020,4,2,Apr/2020,5.220816666666667,-1.197700415202807,
2020-04-29,5.4291,cambio_dolar,2020,4,2,Apr/2020,5.236883333333333,-2.4998653089811973,
2020-04-30,5.427,cambio_dolar,2020,4,2,Apr/2020,5.249463333333334,-0.038680444272543024,
2020-05-04,5.5816,cambio_dolar,2020,5,2,May/2020,5.265159999999999,2.848719366132313,
2020-05-05,5.5354,cambio_dolar,2020,5,2,May/2020,5.278193333333333,-0.8277196502794903,
2020-05-06,5.6676,cambio_dolar,2020,5,2,May/2020,5.29962,2.38826462405608,
2020-05-07,5.8365,cambio_dolar,2020,5,2,May/2020,5.32482,2.980097395723047,
2020-05-08,5.7653,cambio_dolar,2020,5,2,May/2020,5.347953333333333,-1.2199091921528349,
2020-05-11,5.7954,cambio_dolar,2020,5,2,May/2020,5.372113333333333,0.5220890500060804,
2020-05-12,5.7723,cambio_dolar,2020,5,2,May/2020,5.397823333333333,-0.39859198674809804,
2020-05-13,5.9022,cambio_dolar,2020,5,2,May/2020,5.4242,2.2504027857179754,
2020-05-14,5.9372,cambio_dolar,2020,5,2,May/2020,5.450126666666667,0.5929992206296086,
2020-05-15,5.8229,cambio_dolar,2020,5,2,May/2020,5.470933333333334,-1.925149902310852,
2020-05-18,5.7375,cambio_dolar,2020,5,2,May/2020,5.487503333333333,-1.4666231602809554,
2020-05-19,5.7216,cambio_dolar,2020,5,2,May/2020,5.50272,-0.2771241830065385,
2020-05-20,5.6968,cambio_dolar,2020,5,2,May/2020,5.515956666666667,-0.43344519015660055,
2020-05-21,5.6019,cambio_dolar,2020,5,2,May/2020,5.527783333333334,-1.6658474933295864,
2020-05-22,5.5808,cambio_dolar,2020,5,2,May/2020,5.5397533333333335,-0.3766579196344044,
2020-05-25,5.4772,cambio_dolar,2020,5,2,May/2020,5.548583333333334,-1.8563646788990806,
2020-05-26,5.3707,cambio_dolar,2020,5,2,May/2020,5.558343333333334,-1.9444241583290611,
2020-05-27,5.2992,cambio_dolar,2020,5,2,May/2020,5.562236666666666,-1.3312975962165186,
2020-05-28,5.3405,cambio_dolar,2020,5,2,May/2020,5.567393333333333,0.7793629227053067,
2020-05-29,5.4263,cambio_dolar,2020,5,2,May/2020,5.573006666666667,1.6065911431514035,
2020-06-01,5.3639,cambio_dolar,2020,6,2,Jun/2020,5.577213333333334,-1.1499548495291445,
2020-06-02,5.2601,cambio_dolar,2020,6,2,Jun/2020,5.577306666666667,-1.9351591192975248,
2020-06-03,5.0516,cambio_dolar,2020,6,2,Jun/2020,5.56957,-3.9638029695253096,
2020-06-04,5.1041,cambio_dolar,2020,6,2,Jun/2020,5.560216666666666,1.0392746852482482,
2020-06-05,4.9775,cambio_dolar,2020,6,2,Jun/2020,5.544576666666667,-2.4803589271370052,
2020-06-08,4.9331,cambio_dolar,2020,6,2,Jun/2020,5.520646666666667,-0.892014063284785,
2020-06-09,4.9057,cambio_dolar,2020,6,2,Jun/2020,5.49631,-0.5554316758224931,
2020-06-10,4.8894,cambio_dolar,2020,6,2,Jun/2020,5.47368,-0.3322665470778974,
2020-06-12,5.0373,cambio_dolar,2020,6,2,Jun/2020,5.46062,3.0249110320284656,
2020-06-15,5.1883,cambio_dolar,2020,6,2,Jun/2020,5.452663333333333,2.997637623329963,
2020-06-16,5.1285,cambio_dolar,2020,6,2,Jun/2020,5.43756,-1.1525933350037598,
2020-06-17,5.2499,cambio_dolar,2020,6,2,Jun/2020,5.428043333333333,2.367163888076451,
2020-06-18,5.3468,cambio_dolar,2020,6,2,Jun/2020,5.41735,1.8457494428465226,
2020-06-19,5.3466,cambio_dolar,2020,6,2,Jun/2020,5.40102,-0.0037405550983860003,
2020-06-22,5.2226,cambio_dolar,2020,6,2,Jun/2020,5.382930000000001,-2.3192309131036537,
2020-06-23,5.1705,cambio_dolar,2020,6,2,Jun/2020,5.3621,-0.9975874085704439,
2020-06-24,5.2435,cambio_dolar,2020,6,2,Jun/2020,5.344473333333334,1.4118557199497284,
2020-06-25,5.3287,cambio_dolar,2020,6,2,Jun/2020,5.325356666666666,1.6248688852865456,
2020-06-26,5.4629,cambio_dolar,2020,6,2,Jun/2020,5.309546666666666,2.5184378929194784,
2020-06-29,5.4416,cambio_dolar,2020,6,2,Jun/2020,5.296836666666667,-0.38990279887971546,
2020-06-30,5.476,cambio_dolar,2020,6,2,Jun/2020,5.288120000000001,0.632167009703033,
2020-07-01,5.3651,cambio_dolar,2020,7,3,Jul/2020,5.276236666666666,-2.0252008765522245,
2020-07-02,5.3028,cambio_dolar,2020,7,3,Jul/2020,5.2631033333333335,-1.1612085515647297,
2020-07-03,5.3374,cambio_dolar,2020,7,3,Jul/2020,5.254286666666666,0.6524854793693802,
2020-07-06,5.3085,cambio_dolar,2020,7,3,Jul/2020,5.24521,-0.5414621351219506,
2020-07-07,5.3318,cambio_dolar,2020,7,3,Jul/2020,5.240363333333334,0.43891871526795523,
2020-07-08,5.3482,cambio_dolar,2020,7,3,Jul/2020,5.239613333333334,0.30758843167411065,
2020-07-09,5.2978,cambio_dolar,2020,7,3,Jul/2020,5.239566666666667,-0.9423731348865205,
2020-07-10,5.344,cambio_dolar,2020,7,3,Jul/2020,5.239683333333333,0.8720601004190476,
2020-07-13,5.3486,cambio_dolar,2020,7,3,Jul/2020,5.237093333333333,0.08607784431138299,
2020-07-14,5.4288,cambio_dolar,2020,7,3,Jul/2020,5.239256666666666,1.4994578020416593,
2020-07-15,5.3491,cambio_dolar,2020,7,3,Jul/2020,5.2422233333333335,-1.4680960801650489,
2020-07-16,5.356,cambio_dolar,2020,7,3,Jul/2020,5.25237,0.12899366248526611,
2020-07-17,5.351,cambio_dolar,2020,7,3,Jul/2020,5.2606,-0.09335324869305106,
2020-07-20,5.3635,cambio_dolar,2020,7,3,Jul/2020,5.273466666666667,0.23360119603812457,
2020-07-21,5.2283,cambio_dolar,2020,7,3,Jul/2020,5.283306666666666,-2.520742052764058,
2020-07-22,5.1111,cambio_dolar,2020,7,3,Jul/2020,5.2901533333333335,-2.241646424267918,
2020-07-23,5.1647,cambio_dolar,2020,7,3,Jul/2020,5.299329999999999,1.048697931952014,
2020-07-24,5.2146,cambio_dolar,2020,7,3,Jul/2020,5.30524,0.9661742211551472,
2020-07-27,5.1889,cambio_dolar,2020,7,3,Jul/2020,5.3052600000000005,-0.49284700648178914,
2020-07-28,5.1777,cambio_dolar,2020,7,3,Jul/2020,5.306900000000001,-0.21584536221550543,
2020-07-29,5.1395,cambio_dolar,2020,7,3,Jul/2020,5.3032200000000005,-0.7377793228653617,
2020-07-30,5.1837,cambio_dolar,2020,7,3,Jul/2020,5.297783333333333,0.8600058371436958,
2020-07-31,5.2033,cambio_dolar,2020,7,3,Jul/2020,5.293006666666668,0.37810830102049664,
2020-08-03,5.3075,cambio_dolar,2020,8,3,Aug/2020,5.295836666666667,2.0025752887590675,
2020-08-04,5.3329,cambio_dolar,2020,8,3,Aug/2020,5.3012500000000005,0.47856806406030294,
2020-08-05,5.276,cambio_dolar,2020,8,3,Aug/2020,5.302333333333333,-1.0669616906373802,
2020-08-06,5.3431,cambio_dolar,2020,8,3,Aug/2020,5.302813333333334,1.2717968157695214,
2020-08-07,5.4227,cambio_dolar,2020,8,3,Aug/2020,5.301473333333334,1.4897718552900008,
2020-08-10,5.3933,cambio_dolar,2020,8,3,Aug/2020,5.299863333333333,-0.5421653419883099,
2020-08-11,5.4285,cambio_dolar,2020,8,3,Aug/2020,5.29828,0.6526616357332093,
2020-08-12,5.4551,cambio_dolar,2020,8,3,Aug/2020,5.30128,0.4900064474532506,
2020-08-13,5.3801,cambio_dolar,2020,8,3,Aug/2020,5.3038566666666656,-1.3748602225440498,
2020-08-14,5.3852,cambio_dolar,2020,8,3,Aug/2020,5.3054499999999996,0.09479377706735903,
2020-08-17,5.4497,cambio_dolar,2020,8,3,Aug/2020,5.310156666666667,1.1977271039144366,
2020-08-18,5.4659,cambio_dolar,2020,8,3,Aug/2020,5.314626666666666,0.29726406958181517,
2020-08-19,5.4906,cambio_dolar,2020,8,3,Aug/2020,5.319373333333333,0.4518926434804671,
2020-08-20,5.651,cambio_dolar,2020,8,3,Aug/2020,5.331146666666667,2.921356500200334,
2020-08-21,5.6064,cambio_dolar,2020,8,3,Aug/2020,5.339893333333333,-0.7892408423287867,
2020-08-24,5.5954,cambio_dolar,2020,8,3,Aug/2020,5.34812,-0.1962043378995415,
2020-08-25,5.5997,cambio_dolar,2020,8,3,Aug/2020,5.353816666666668,0.07684884011867066,
2020-08-26,5.568,cambio_dolar,2020,8,3,Aug/2020,5.361113333333333,-0.5661017554511982,
2020-08-27,5.5956,cambio_dolar,2020,8,3,Aug/2020,5.3690999999999995,0.4956896551724155,
2020-08-28,5.4679,cambio_dolar,2020,8,3,Aug/2020,5.372996666666666,-2.282150260919291,
2020-08-31,5.4713,cambio_dolar,2020,8,3,Aug/2020,5.376589999999999,0.062181093289925826,
2020-09-01,5.3732,cambio_dolar,2020,9,3,Sep/2020,5.38142,-1.7929925246285228,
2020-09-02,5.3741,cambio_dolar,2020,9,3,Sep/2020,5.390186666666667,0.016749795280279756,
2020-09-03,5.3079,cambio_dolar,2020,9,3,Sep/2020,5.39496,-1.231834167581558,
2020-09-04,5.2848,cambio_dolar,2020,9,3,Sep/2020,5.3972999999999995,-0.43520036172498555,
2020-09-08,5.3698,cambio_dolar,2020,9,3,Sep/2020,5.4033299999999995,1.6083863154707778,
2020-09-09,5.3024,cambio_dolar,2020,9,3,Sep/2020,5.407486666666666,-1.2551677902342795,
2020-09-10,5.2936,cambio_dolar,2020,9,3,Sep/2020,5.4126233333333325,-0.16596258298129385,
2020-09-11,5.2854,cambio_dolar,2020,9,3,Sep/2020,5.416013333333334,-0.15490403506119854,
2020-09-14,5.2984,cambio_dolar,2020,9,3,Sep/2020,5.419183333333333,0.24596057062851173,
2020-09-15,5.2728,cambio_dolar,2020,9,3,Sep/2020,5.418026666666667,-0.48316472897478313,
2020-09-16,5.2532,cambio_dolar,2020,9,3,Sep/2020,5.415369999999999,-0.37171901077227565,
2020-09-17,5.2593,cambio_dolar,2020,9,3,Sep/2020,5.414813333333333,0.11611969846949677,
2020-09-18,5.2889,cambio_dolar,2020,9,3,Sep/2020,5.413006666666666,0.562812541592983,
2020-09-21,5.444,cambio_dolar,2020,9,3,Sep/2020,5.413716666666667,2.9325568643763456,
2020-09-22,5.4329,cambio_dolar,2020,9,3,Sep/2020,5.4150366666666665,-0.2038941954445206,
2020-09-23,5.5311,cambio_dolar,2020,9,3,Sep/2020,5.418456666666667,1.807506120120017,
2020-09-24,5.5714,cambio_dolar,2020,9,3,Sep/2020,5.4223333333333334,0.7286073294642925,
2020-09-25,5.5667,cambio_dolar,2020,9,3,Sep/2020,5.428553333333334,-0.08435940697131272,
2020-09-28,5.5858,cambio_dolar,2020,9,3,Sep/2020,5.435240000000001,0.34311171789389583,
2020-09-29,5.6528,cambio_dolar,2020,9,3,Sep/2020,5.44201,1.1994700848580342,
2020-09-30,5.6407,cambio_dolar,2020,9,3,Sep/2020,5.447836666666666,-0.21405321256722232,
2020-10-01,5.6441,cambio_dolar,2020,10,4,Oct/2020,5.452953333333332,0.060276206853759895,
2020-10-02,5.6464,cambio_dolar,2020,10,4,Oct/2020,5.452799999999999,0.04075051824028453,
2020-10-05,5.6299,cambio_dolar,2020,10,4,Oct/2020,5.4535833333333334,-0.29222159251912627,
2020-10-06,5.5205,cambio_dolar,2020,10,4,Oct/2020,5.451086666666667,-1.943196149132309,
2020-10-07,5.6018,cambio_dolar,2020,10,4,Oct/2020,5.451156666666667,1.4726926908794402,
2020-10-08,5.62,cambio_dolar,2020,10,4,Oct/2020,5.45289,0.3248955692813027,
2020-10-09,5.5393,cambio_dolar,2020,10,4,Oct/2020,5.451013333333334,-1.4359430604982237,
2020-10-13,5.5859,cambio_dolar,2020,10,4,Oct/2020,5.454946666666666,0.8412615312404004,
2020-10-14,5.5675,cambio_dolar,2020,10,4,Oct/2020,5.458153333333334,-0.329400812760694,
2020-10-15,5.6172,cambio_dolar,2020,10,4,Oct/2020,5.466286666666666,0.8926807364167066,
2020-10-16,5.6226,cambio_dolar,2020,10,4,Oct/2020,5.47457,0.09613330484938842,
2020-10-19,5.6023,cambio_dolar,2020,10,4,Oct/2020,5.484383333333333,-0.36104293387402286,
2020-10-20,5.583,cambio_dolar,2020,10,4,Oct/2020,5.494323333333333,-0.3445013655105855,
2020-10-21,5.6006,cambio_dolar,2020,10,4,Oct/2020,5.502016666666667,0.31524270105678376,
2020-10-22,5.582,cambio_dolar,2020,10,4,Oct/2020,5.511336666666667,-0.3321072742206277,
2020-10-23,5.612,cambio_dolar,2020,10,4,Oct/2020,5.52195,0.5374417771408124,
2020-10-26,5.6328,cambio_dolar,2020,10,4,Oct/2020,5.53353,0.3706343549536584,
2020-10-27,5.6491,cambio_dolar,2020,10,4,Oct/2020,5.5452200000000005,0.2893765090186129,
2020-10-28,5.7325,cambio_dolar,2020,10,4,Oct/2020,5.5605433333333325,1.4763413641111,
2020-10-29,5.7803,cambio_dolar,2020,10,4,Oct/2020,5.5781133333333335,0.8338421282163111,
2020-10-30,5.7718,cambio_dolar,2020,10,4,Oct/2020,5.595196666666666,-0.14705119111465548,
2020-11-03,5.6895,cambio_dolar,2020,11,4,Nov/2020,5.608549999999999,-1.425898333275577,
2020-11-04,5.6932,cambio_dolar,2020,11,4,Nov/2020,5.616856666666666,0.06503207663239863,
2020-11-05,5.5624,cambio_dolar,2020,11,4,Nov/2020,5.621173333333333,-2.297477692686012,
2020-11-06,5.5313,cambio_dolar,2020,11,4,Nov/2020,5.62118,-0.5591111750323674,
2020-11-09,5.2821,cambio_dolar,2020,11,4,Nov/2020,5.611536666666666,-4.505270008858675,
2020-11-10,5.3696,cambio_dolar,2020,11,4,Nov/2020,5.604966666666667,1.6565381193086148,
2020-11-11,5.402,cambio_dolar,2020,11,4,Nov/2020,5.598839999999999,0.6033969010726947,
2020-11-12,5.4094,cambio_dolar,2020,11,4,Nov/2020,5.590726666666667,0.1369863013698458,
2020-11-13,5.4854,cambio_dolar,2020,11,4,Nov/2020,5.58555,1.4049617332791087,
2020-11-16,5.4198,cambio_dolar,2020,11,4,Nov/2020,5.578073333333334,-1.1959018485434014,
2020-11-17,5.3968,cambio_dolar,2020,11,4,Nov/2020,5.569753333333334,-0.42436990294846266,
2020-11-18,5.2932,cambio_dolar,2020,11,4,Nov/2020,5.55853,-1.9196560924992667,
2020-11-19,5.333,cambio_dolar,2020,11,4,Nov/2020,5.55228,0.7519081085165968,
2020-11-20,5.3505,cambio_dolar,2020,11,4,Nov/2020,5.543903333333334,0.32814550909432416,
2020-11-23,5.3828,cambio_dolar,2020,11,4,Nov/2020,5.535996666666666,0.6036818988879311,
2020-11-24,5.4037,cambio_dolar,2020,11,4,Nov/2020,5.531476666666666,0.38827376086796317,
2020-11-25,5.3508,cambio_dolar,2020,11,4,Nov/2020,5.52364,-0.9789588615208178,
2020-11-26,5.3201,cambio_dolar,2020,11,4,Nov/2020,5.515393333333333,-0.573745981909235,
2020-11-27,5.3494,cambio_dolar,2020,11,4,Nov/2020,5.506466666666666,0.5507415274148997,
2020-11-30,5.3317,cambio_dolar,2020,11,4,Nov/2020,5.49677,-0.3308782293341417,
2020-12-01,5.2789,cambio_dolar,2020,12,4,Dec/2020,5.48599,-0.9903032803796119,
2020-12-02,5.2267,cambio_dolar,2020,12,4,Dec/2020,5.474113333333333,-0.9888423724639606,
2020-12-03,5.1625,cambio_dolar,2020,12,4,Dec/2020,5.459509999999999,-1.228308492930541,
2020-12-04,5.1706,cambio_dolar,2020,12,4,Dec/2020,5.445796666666666,0.15690072639227282,
2020-12-07,5.1018,cambio_dolar,2020,12,4,Dec/2020,5.42879,-1.3305999303755978,
2020-12-08,5.092,cambio_dolar,2020,12,4,Dec/2020,5.410763333333334,-0.19208906660395098,
2020-12-09,5.1109,cambio_dolar,2020,12,4,Dec/2020,5.392823333333333,0.3711704634721258,
2020-12-10,5.0852,cambio_dolar,2020,12,4,Dec/2020,5.371246666666667,-0.5028468567179867,
2020-12-11,5.0691,cambio_dolar,2020,12,4,Dec/2020,5.3475399999999995,-0.3166050499488815,
2020-12-14,5.0578,cambio_dolar,2020,12,4,Dec/2020,5.32374,-0.2229192558836801,
2020-12-15,5.0968,cambio_dolar,2020,12,4,Dec/2020,5.303983333333333,0.7710862430305498,
2020-12-16,5.1057,cambio_dolar,2020,12,4,Dec/2020,5.284400000000001,0.1746193690158382,
2020-12-17,5.0612,cambio_dolar,2020,12,4,Dec/2020,5.267693333333333,-0.8715749064770573,
2020-12-18,5.0986,cambio_dolar,2020,12,4,Dec/2020,5.25327,0.7389551884928514,
2020-12-21,5.1572,cambio_dolar,2020,12,4,Dec/2020,5.249106666666667,1.1493351115992478,
2020-12-22,5.1473,cambio_dolar,2020,12,4,Dec/2020,5.241696666666667,-0.19196463197082014,
2020-12-23,5.174,cambio_dolar,2020,12,4,Dec/2020,5.234096666666667,0.5187185514735848,
2020-12-24,5.18,cambio_dolar,2020,12,4,Dec/2020,5.22645,0.11596443757246888,
2020-12-28,5.239,cambio_dolar,2020,12,4,Dec/2020,5.218236666666667,1.1389961389961512,
2020-12-29,5.1942,cambio_dolar,2020,12,4,Dec/2020,5.210716666666666,-0.8551250238595043,
2020-12-30,5.1967,cambio_dolar,2020,12,4,Dec/2020,5.204046666666667,0.04813060721573503,
2020-12-31,5.1967,cambio_dolar,2020,12,4,Dec/2020,5.20083,0.0,
2021-01-04,5.1626,cambio_dolar,2021,1,1,Jan/2021,5.19515,-0.6561856562818602,
2021-01-05,5.3269,cambio_dolar,2021,1,1,Jan/2021,5.1943633333333326,3.182504939371622,
2021-01-06,5.3182,cambio_dolar,2021,1,1,Jan/2021,5.19221,-0.16332200717115164,
2021-01-07,5.3433,cambio_dolar,2021,1,1,Jan/2021,5.190196666666666,0.47196419841299964,
2021-01-08,5.3683,cambio_dolar,2021,1,1,Jan/2021,5.19078,0.4678756573652798,
2021-01-11,5.4966,cambio_dolar,2021,1,1,Jan/2021,5.196663333333333,2.38995585194568,
2021-01-12,5.4637,cambio_dolar,2021,1,1,Jan/2021,5.200473333333334,-0.5985518320416161,
2021-01-13,5.307,cambio_dolar,2021,1,1,Jan/2021,5.19965,-2.868019840035141,
2021-01-14,5.2617,cambio_dolar,2021,1,1,Jan/2021,5.199076666666667,-0.8535895986433006,
2021-01-15,5.2714,cambio_dolar,2021,1,1,Jan/2021,5.200566666666666,0.18435106524505862,
2021-01-18,5.2788,cambio_dolar,2021,1,1,Jan/2021,5.204443333333334,0.1403801646621572,
2021-01-19,5.2945,cambio_dolar,2021,1,1,Jan/2021,5.208573333333334,0.2974160794119829,
2021-01-20,5.3033,cambio_dolar,2021,1,1,Jan/2021,5.21529,0.16621021815090842,
2021-01-21,5.3166,cambio_dolar,2021,1,1,Jan/2021,5.222776666666666,0.25078724567721977,
2021-01-22,5.4301,cambio_dolar,2021,1,1,Jan/2021,5.233416666666667,2.1348230071850383,
2021-01-25,5.5089,cambio_dolar,2021,1,1,Jan/2021,5.24754,1.4511703283548893,
2021-01-26,5.3865,cambio_dolar,2021,1,1,Jan/2021,5.258120000000001,-2.2218591733376925,
2021-01-27,5.3824,cambio_dolar,2021,1,1,Jan/2021,5.268940000000001,-0.07611621646709255,
2021-01-28,5.4282,cambio_dolar,2021,1,1,Jan/2021,5.279986666666668,0.8509215219976385,
2021-01-29,5.4759,cambio_dolar,2021,1,1,Jan/2021,5.292326666666667,0.8787443351387259,
2021-02-01,5.4608,cambio_dolar,2021,2,1,Feb/2021,5.305646666666666,-0.2757537573732205,
2021-02-02,5.3875,cambio_dolar,2021,2,1,Feb/2021,5.315276666666667,-1.3422941693524648,
2021-02-03,5.3423,cambio_dolar,2021,2,1,Feb/2021,5.321446666666666,-0.8389791183294748,
2021-02-04,5.391,cambio_dolar,2021,2,1,Feb/2021,5.32957,0.9115923853022068,
2021-02-05,5.3884,cambio_dolar,2021,2,1,Feb/2021,5.336716666666667,-0.04822852902987007,
2021-02-08,5.367,cambio_dolar,2021,2,1,Feb/2021,5.34295,-0.39714943211343057,
2021-02-09,5.4216,cambio_dolar,2021,2,1,Feb/2021,5.349036666666667,1.0173281162660697,
2021-02-10,5.4024,cambio_dolar,2021,2,1,Feb/2021,5.355976666666667,-0.35413899955731853,
2021-02-11,5.3626,cambio_dolar,2021,2,1,Feb/2021,5.361506666666666,-0.7367096105434734,
2021-02-12,5.3815,cambio_dolar,2021,2,1,Feb/2021,5.367666666666667,0.3524409801215933,
2021-02-17,5.4138,cambio_dolar,2021,2,1,Feb/2021,5.37604,0.6002044039765897,
2021-02-18,5.4238,cambio_dolar,2021,2,1,Feb/2021,5.37927,0.1847131404928204,
2021-02-19,5.3924,cambio_dolar,2021,2,1,Feb/2021,5.3817433333333335,-0.5789299015450333,
2021-02-22,5.5044,cambio_dolar,2021,2,1,Feb/2021,5.387113333333334,2.0769972553964955,
2021-02-23,5.449,cambio_dolar,2021,2,1,Feb/2021,5.389803333333334,-1.0064675532301504,
2021-02-24,5.4182,cambio_dolar,2021,2,1,Feb/2021,5.38719,-0.5652413286841629,
2021-02-25,5.46,cambio_dolar,2021,2,1,Feb/2021,5.387066666666667,0.7714739212284494,
2021-02-26,5.5302,cambio_dolar,2021,2,1,Feb/2021,5.3945066666666674,1.28571428571429,
2021-03-01,5.5832,cambio_dolar,2021,3,1,Mar/2021,5.405223333333334,0.9583740190228118,
2021-03-02,5.6844,cambio_dolar,2021,3,1,Mar/2021,5.41899,1.8125805989396726,
2021-03-03,5.7342,cambio_dolar,2021,3,1,Mar/2021,5.434169999999999,0.8760819083808435,
2021-03-04,5.6008,cambio_dolar,2021,3,1,Mar/2021,5.44438,-2.3263925220606385,
2021-03-05,5.687,cambio_dolar,2021,3,1,Mar/2021,5.45717,1.539065847736043,
2021-03-08,5.7343,cambio_dolar,2021,3,1,Mar/2021,5.471093333333333,0.8317214700193309,
2021-03-09,5.8397,cambio_dolar,2021,3,1,Mar/2021,5.484746666666667,1.8380621871893599,
2021-03-10,5.7449,cambio_dolar,2021,3,1,Mar/2021,5.492613333333334,-1.6233710635820242,
2021-03-11,5.589,cambio_dolar,2021,3,1,Mar/2021,5.499363333333333,-2.713711291754428,
2021-03-12,5.564,cambio_dolar,2021,3,1,Mar/2021,5.505416666666666,-0.44730721059224043,
2021-03-15,5.6296,cambio_dolar,2021,3,1,Mar/2021,5.51213,1.1790079079798677,
2021-03-16,5.5851,cambio_dolar,2021,3,1,Mar/2021,5.51577,-0.7904646866562448,
2021-03-17,5.6579,cambio_dolar,2021,3,1,Mar/2021,5.52234,1.3034681563445671,
2021-03-18,5.5474,cambio_dolar,2021,3,1,Mar/2021,5.5276700000000005,-1.953021439049829,
2021-03-19,5.5082,cambio_dolar,2021,3,1,Mar/2021,5.5332,-0.7066373436204199,
2021-03-22,5.5269,cambio_dolar,2021,3,1,Mar/2021,5.53773,0.3394938455393737,
2021-03-23,5.4951,cambio_dolar,2021,3,1,Mar/2021,5.541286666666666,-0.5753677468381957,
2021-03-24,5.533,cambio_dolar,2021,3,1,Mar/2021,5.54682,0.6897053738785575,
2021-03-25,5.6585,cambio_dolar,2021,3,1,Mar/2021,5.554716666666667,2.268208928248683,
2021-03-26,5.7042,cambio_dolar,2021,3,1,Mar/2021,5.564776666666666,0.8076345321198275,
2021-03-29,5.7925,cambio_dolar,2021,3,1,Mar/2021,5.579106666666666,1.5479821885628242,
2021-03-30,5.7642,cambio_dolar,2021,3,1,Mar/2021,5.591863333333333,-0.48856279671990466,
2021-03-31,5.6973,cambio_dolar,2021,3,1,Mar/2021,5.601313333333334,-1.16061205371083,
2021-04-01,5.6849,cambio_dolar,2021,4,2,Apr/2021,5.610016666666667,-0.21764695557545677,
2021-04-05,5.6579,cambio_dolar,2021,4,2,Apr/2021,5.6188666666666665,-0.4749423912469908,
2021-04-06,5.6263,cambio_dolar,2021,4,2,Apr/2021,5.62293,-0.5585111083617589,
2021-04-07,5.5864,cambio_dolar,2021,4,2,Apr/2021,5.62751,-0.7091694363969059,
2021-04-08,5.5817,cambio_dolar,2021,4,2,Apr/2021,5.63296,-0.08413289417157355,
2021-04-09,5.6445,cambio_dolar,2021,4,2,Apr/2021,5.63911,1.1251052546715101,
2021-04-12,5.6582,cambio_dolar,2021,4,2,Apr/2021,5.643376666666667,0.24271414651431122,
2021-04-13,5.7064,cambio_dolar,2021,4,2,Apr/2021,5.6474833333333345,0.8518610158707807,
2021-04-14,5.6936,cambio_dolar,2021,4,2,Apr/2021,5.64779,-0.22430954717510554,
2021-04-15,5.6234,cambio_dolar,2021,4,2,Apr/2021,5.644096666666667,-1.2329633272446183,
2021-04-16,5.6328,cambio_dolar,2021,4,2,Apr/2021,5.645163333333333,0.1671586584628404,
2021-04-19,5.575,cambio_dolar,2021,4,2,Apr/2021,5.641430000000001,-1.0261326516119773,
2021-04-20,5.5266,cambio_dolar,2021,4,2,Apr/2021,5.634506666666667,-0.8681614349775768,
2021-04-22,5.497,cambio_dolar,2021,4,2,Apr/2021,5.623083333333333,-0.5355915029131908,
2021-04-23,5.4787,cambio_dolar,2021,4,2,Apr/2021,5.61421,-0.3329088593778451,
2021-04-26,5.4566,cambio_dolar,2021,4,2,Apr/2021,5.609796666666667,-0.4033803639549527,
2021-04-27,5.4424,cambio_dolar,2021,4,2,Apr/2021,5.605743333333334,-0.2602353113660527,
2021-04-28,5.4005,cambio_dolar,2021,4,2,Apr/2021,5.598106666666666,-0.7698809348816726,
2021-04-29,5.3662,cambio_dolar,2021,4,2,Apr/2021,5.59081,-0.6351263771873006,
2021-04-30,5.4036,cambio_dolar,2021,4,2,Apr/2021,5.582333333333334,0.6969550147217785,
2021-05-03,5.4087,cambio_dolar,2021,5,2,May/2021,5.57771,0.09438152342882145,
2021-05-04,5.4505,cambio_dolar,2021,5,2,May/2021,5.575786666666667,0.7728289607484395,
2021-05-05,5.3872,cambio_dolar,2021,5,2,May/2021,5.571129999999999,-1.161361342996059,
2021-05-06,5.2897,cambio_dolar,2021,5,2,May/2021,5.564283333333334,-1.8098455598455576,
2021-05-07,5.2217,cambio_dolar,2021,5,2,May/2021,5.553906666666666,-1.2855171370777074,
2021-05-10,5.2227,cambio_dolar,2021,5,2,May/2021,5.5393799999999995,0.019150851255322898,
2021-05-11,5.2403,cambio_dolar,2021,5,2,May/2021,5.523916666666667,0.3369904455549966,
2021-05-12,5.2353,cambio_dolar,2021,5,2,May/2021,5.505343333333333,-0.09541438467264296,
2021-05-13,5.2815,cambio_dolar,2021,5,2,May/2021,5.489253333333333,0.8824709185720092,
2021-05-14,5.2701,cambio_dolar,2021,5,2,May/2021,5.475013333333334,-0.21584777051973925,
2021-05-17,5.2755,cambio_dolar,2021,5,2,May/2021,5.461366666666666,0.10246484886433649,
2021-05-18,5.2588,cambio_dolar,2021,5,2,May/2021,5.448063333333334,-0.316557672258555,
2021-05-19,5.2822,cambio_dolar,2021,5,2,May/2021,5.436593333333333,0.44496843386323537,
2021-05-20,5.2905,cambio_dolar,2021,5,2,May/2021,5.42673,0.15713149823937123,
2021-05-21,5.3027,cambio_dolar,2021,5,2,May/2021,5.4174299999999995,0.23060202249314266,
2021-05-24,5.3198,cambio_dolar,2021,5,2,May/2021,5.406606666666667,0.3224772285816746,
2021-05-25,5.3143,cambio_dolar,2021,5,2,May/2021,5.395143333333333,-0.1033873453889167,
2021-05-26,5.3164,cambio_dolar,2021,5,2,May/2021,5.382143333333333,0.03951602280638511,
2021-05-27,5.284,cambio_dolar,2021,5,2,May/2021,5.36849,-0.6094349559852552,
2021-05-28,5.2281,cambio_dolar,2021,5,2,May/2021,5.355313333333333,-1.0579106737320099,
2021-05-31,5.2322,cambio_dolar,2021,5,2,May/2021,5.34196,0.07842237141599817,
2021-06-01,5.1636,cambio_dolar,2021,6,2,Jun/2021,5.328246666666667,-1.3111119605519694,
2021-06-02,5.1147,cambio_dolar,2021,6,2,Jun/2021,5.314516666666666,-0.9470137113641641,
2021-06-04,5.0666,cambio_dolar,2021,6,2,Jun/2021,5.30017,-0.9404266134866113,
2021-06-07,5.0498,cambio_dolar,2021,6,2,Jun/2021,5.285873333333333,-0.3315833103067156,
2021-06-08,5.0489,cambio_dolar,2021,6,2,Jun/2021,5.272283333333333,-0.017822488019336724,
2021-06-09,5.0533,cambio_dolar,2021,6,2,Jun/2021,5.259313333333334,0.08714769553765933,
2021-06-10,5.0635,cambio_dolar,2021,6,2,Jun/2021,5.24808,0.20184829715235164,
2021-06-11,5.119,cambio_dolar,2021,6,2,Jun/2021,5.23984,1.0960797867087813,
2021-06-14,5.0707,cambio_dolar,2021,6,2,Jun/2021,5.228743333333333,-0.9435436608712489,
2021-06-15,5.0874,cambio_dolar,2021,6,2,Jun/2021,5.2180333333333335,0.32934308872540896,
2021-06-16,5.0207,cambio_dolar,2021,6,2,Jun/2021,5.203706666666666,-1.3110822817156143,
2021-06-17,5.0359,cambio_dolar,2021,6,2,Jun/2021,5.191996666666667,0.3027466289561298,
2021-06-18,5.0314,cambio_dolar,2021,6,2,Jun/2021,5.183386666666666,-0.08935840664032746,
2021-06-21,5.0373,cambio_dolar,2021,6,2,Jun/2021,5.177239999999999,0.11726358468817644,
2021-06-22,5.0178,cambio_dolar,2021,6,2,Jun/2021,5.17041,-0.3871121434101621,
2021-06-23,4.9519,cambio_dolar,2021,6,2,Jun/2021,5.160796666666667,-1.3133245645502,
2021-06-24,4.9277,cambio_dolar,2021,6,2,Jun/2021,5.150543333333333,-0.48870130656920585,
2021-06-25,4.9206,cambio_dolar,2021,6,2,Jun/2021,5.138513333333334,-0.1440834466383767,
2021-06-28,4.942,cambio_dolar,2021,6,2,Jun/2021,5.127576666666667,0.43490631223834786,
2021-06-29,4.945,cambio_dolar,2021,6,2,Jun/2021,5.116560000000001,0.0607041683528875,
2021-06-30,5.0022,cambio_dolar,2021,6,2,Jun/2021,5.108006666666666,1.156723963599604,
2021-07-01,5.0055,cambio_dolar,2021,7,3,Jul/2021,5.0987833333333334,0.06597097277196706,
2021-07-02,5.0293,cambio_dolar,2021,7,3,Jul/2021,5.090076666666667,0.4754769753271493,
2021-07-05,5.0749,cambio_dolar,2021,7,3,Jul/2021,5.082483333333333,0.9066868152625585,
2021-07-06,5.1645,cambio_dolar,2021,7,3,Jul/2021,5.077306666666667,1.765552030581885,
2021-07-07,5.2328,cambio_dolar,2021,7,3,Jul/2021,5.07459,1.3224900764836844,
2021-07-08,5.2587,cambio_dolar,2021,7,3,Jul/2021,5.072666666666667,0.4949548998623987,
2021-07-09,5.2393,cambio_dolar,2021,7,3,Jul/2021,5.071176666666668,-0.3689124688611267,
2021-07-12,5.2239,cambio_dolar,2021,7,3,Jul/2021,5.071036666666667,-0.2939323955490125,
2021-07-13,5.177,cambio_dolar,2021,7,3,Jul/2021,5.069196666666667,-0.8977966653266889,
2021-07-14,5.088,cambio_dolar,2021,7,3,Jul/2021,5.066676666666666,-1.7191423604403955,
2021-07-15,5.1,cambio_dolar,2021,7,3,Jul/2021,5.066186666666667,0.2358490566037652,
2021-07-16,5.0941,cambio_dolar,2021,7,3,Jul/2021,5.067103333333334,-0.1156862745097964,
2021-07-19,5.1978,cambio_dolar,2021,7,3,Jul/2021,5.0720366666666665,2.0356883453406915,
2021-07-20,5.2465,cambio_dolar,2021,7,3,Jul/2021,5.078623333333334,0.9369348570549052,
2021-07-21,5.2516,cambio_dolar,2021,7,3,Jul/2021,5.085233333333334,0.09720766225100874,
2021-07-22,5.1978,cambio_dolar,2021,7,3,Jul/2021,5.08971,-1.0244496915225776,
2021-07-23,5.1701,cambio_dolar,2021,7,3,Jul/2021,5.091413333333334,-0.5329177729039292,
2021-07-26,5.1863,cambio_dolar,2021,7,3,Jul/2021,5.095266666666666,0.31334016750159677,
2021-07-27,5.1669,cambio_dolar,2021,7,3,Jul/2021,5.097916666666666,-0.374062433719613,
2021-07-28,5.1527,cambio_dolar,2021,7,3,Jul/2021,5.102316666666667,-0.2748262981671745,
2021-07-29,5.0682,cambio_dolar,2021,7,3,Jul/2021,5.103393333333333,-1.6399169367516064,
2021-07-30,5.1216,cambio_dolar,2021,7,3,Jul/2021,5.1064,1.0536285071623075,
2021-08-02,5.1379,cambio_dolar,2021,8,3,Aug/2021,5.109753333333334,0.3182599187753876,
2021-08-03,5.2464,cambio_dolar,2021,8,3,Aug/2021,5.117373333333333,2.1117577220265193,
2021-08-04,5.2091,cambio_dolar,2021,8,3,Aug/2021,5.125946666666667,-0.7109637084476983,
2021-08-05,5.1464,cambio_dolar,2021,8,3,Aug/2021,5.133236666666667,-1.2036628208327849,
2021-08-06,5.241,cambio_dolar,2021,8,3,Aug/2021,5.143916666666667,1.8381781439452682,
2021-08-09,5.2774,cambio_dolar,2021,8,3,Aug/2021,5.155096666666666,0.6945239458118868,
2021-08-10,5.2217,cambio_dolar,2021,8,3,Aug/2021,5.16432,-1.055443968620906,
2021-08-11,5.2013,cambio_dolar,2021,8,3,Aug/2021,5.170956666666667,-0.39067736560890465,
2021-08-12,5.2351,cambio_dolar,2021,8,3,Aug/2021,5.17861,0.6498375406148504,
2021-08-13,5.2474,cambio_dolar,2021,8,3,Aug/2021,5.185879999999999,0.2349525319478074,
2021-08-16,5.2495,cambio_dolar,2021,8,3,Aug/2021,5.1917,0.04001981933909882,
2021-08-17,5.2585,cambio_dolar,2021,8,3,Aug/2021,5.194833333333333,0.17144489951423925,
2021-08-18,5.3025,cambio_dolar,2021,8,3,Aug/2021,5.197156666666667,0.8367405153560936,
2021-08-19,5.418,cambio_dolar,2021,8,3,Aug/2021,5.202466666666667,2.17821782178218,
2021-08-20,5.4274,cambio_dolar,2021,8,3,Aug/2021,5.208736666666666,0.17349575489109537,
2021-08-23,5.3686,cambio_dolar,2021,8,3,Aug/2021,5.21356,-1.0833916792570952,
2021-08-24,5.3017,cambio_dolar,2021,8,3,Aug/2021,5.217716666666666,-1.246134932757137,
2021-08-25,5.2465,cambio_dolar,2021,8,3,Aug/2021,5.223,-1.0411754720184074,
2021-08-26,5.2429,cambio_dolar,2021,8,3,Aug/2021,5.227763333333333,-0.0686171733536689,
2021-08-27,5.22,cambio_dolar,2021,8,3,Aug/2021,5.23196,-0.4367811707261193,
2021-08-30,5.1952,cambio_dolar,2021,8,3,Aug/2021,5.231873333333334,-0.4750957854406157,
2021-08-31,5.1433,cambio_dolar,2021,8,3,Aug/2021,5.228433333333333,-0.9989990760702172,
2021-09-01,5.1576,cambio_dolar,2021,9,3,Sep/2021,5.2253,0.2780316139443739,
2021-09-02,5.1735,cambio_dolar,2021,9,3,Sep/2021,5.22449,0.3082829222894157,
2021-09-03,5.1685,cambio_dolar,2021,9,3,Sep/2021,5.224436666666667,-0.09664637092876571,
2021-09-06,5.1773,cambio_dolar,2021,9,3,Sep/2021,5.224136666666666,0.17026216503821523,
2021-09-08,5.2524,cambio_dolar,2021,9,3,Sep/2021,5.226986666666666,1.4505630347864784,
2021-09-09,5.2825,cambio_dolar,2021,9,3,Sep/2021,5.2313133333333335,0.573071357855448,
2021-09-10,5.2158,cambio_dolar,2021,9,3,Sep/2021,5.236233333333333,-1.2626597255087524,
2021-09-13,5.219,cambio_dolar,2021,9,3,Sep/2021,5.2394799999999995,0.061352045707274705,
2021-09-14,5.226,cambio_dolar,2021,9,3,Sep/2021,5.242416666666666,0.13412531136232086,
2021-09-15,5.2576,cambio_dolar,2021,9,3,Sep/2021,5.242789999999999,0.6046689628779189,
2021-09-16,5.2594,cambio_dolar,2021,9,3,Sep/2021,5.244466666666666,0.034236153377964484,
2021-09-17,5.3103,cambio_dolar,2021,9,3,Sep/2021,5.24993,0.9677910027759751,
2021-09-20,5.3332,cambio_dolar,2021,9,3,Sep/2021,5.253003333333334,0.4312374065495339,
2021-09-21,5.3044,cambio_dolar,2021,9,3,Sep/2021,5.253903333333333,-0.5400135003374995,
2021-09-22,5.2783,cambio_dolar,2021,9,3,Sep/2021,5.25579,-0.4920443405474817,
2021-09-23,5.2891,cambio_dolar,2021,9,3,Sep/2021,5.258716666666667,0.2046113331944044,
2021-09-24,5.3435,cambio_dolar,2021,9,3,Sep/2021,5.26233,1.028530373787584,
2021-09-27,5.3478,cambio_dolar,2021,9,3,Sep/2021,5.265676666666667,0.08047160101058992,
2021-09-28,5.4206,cambio_dolar,2021,9,3,Sep/2021,5.27138,1.36130745353229,
2021-09-29,5.4173,cambio_dolar,2021,9,3,Sep/2021,5.276673333333334,-0.06087886949784904,
2021-09-30,5.4394,cambio_dolar,2021,9,3,Sep/2021,5.281236666666667,0.4079523009617336,
2021-10-01,5.3911,cambio_dolar,2021,10,4,Oct/2021,5.280339999999999,-0.8879655844394652,
2021-10-04,5.4204,cambio_dolar,2021,10,4,Oct/2021,5.280106666666667,0.5434883418968361,
2021-10-05,5.4611,cambio_dolar,2021,10,4,Oct/2021,5.28319,0.7508670946793528,
2021-10-06,5.5097,cambio_dolar,2021,10,4,Oct/2021,5.290123333333335,0.8899306000622609,
2021-10-07,5.514,cambio_dolar,2021,10,4,Oct/2021,5.29904,0.07804417663395125,
2021-10-08,5.5084,cambio_dolar,2021,10,4,Oct/2021,5.3078899999999996,-0.10155966630396307,
2021-10-11,5.5161,cambio_dolar,2021,10,4,Oct/2021,5.317760000000001,0.1397865078788696,
2021-10-13,5.5471,cambio_dolar,2021,10,4,Oct/2021,5.329490000000001,0.5619912619423184,
2021-10-14,5.4988,cambio_dolar,2021,10,4,Oct/2021,5.34134,-0.8707252438211022,
2021-10-15,5.451,cambio_dolar,2021,10,4,Oct/2021,5.35112,-0.8692805703062634,
2021-10-18,5.5193,cambio_dolar,2021,10,4,Oct/2021,5.362646666666667,1.2529811043845207,
2021-10-19,5.5521,cambio_dolar,2021,10,4,Oct/2021,5.3754333333333335,0.5942782599242635,
2021-10-20,5.5571,cambio_dolar,2021,10,4,Oct/2021,5.388093333333333,0.09005601484122217,
2021-10-21,5.6423,cambio_dolar,2021,10,4,Oct/2021,5.40109,1.5331737776898002,
2021-10-22,5.7117,cambio_dolar,2021,10,4,Oct/2021,5.415396666666667,1.2299948602520372,
2021-10-25,5.5973,cambio_dolar,2021,10,4,Oct/2021,5.428113333333333,-2.0029063151076,
2021-10-26,5.58,cambio_dolar,2021,10,4,Oct/2021,5.440146666666667,-0.3090775909813548,
2021-10-27,5.5667,cambio_dolar,2021,10,4,Oct/2021,5.451503333333334,-0.2383512544802846,
2021-10-28,5.6124,cambio_dolar,2021,10,4,Oct/2021,5.46333,0.8209531679451043,
2021-10-29,5.643,cambio_dolar,2021,10,4,Oct/2021,5.476116666666667,0.5452212957023583,
2021-11-01,5.6694,cambio_dolar,2021,11,4,Nov/2021,5.488086666666667,0.4678362573099504,
2021-11-03,5.6672,cambio_dolar,2021,11,4,Nov/2021,5.499219999999999,-0.038804811796666616,
2021-11-04,5.5942,cambio_dolar,2021,11,4,Nov/2021,5.50888,-1.288114059853196,
2021-11-05,5.5455,cambio_dolar,2021,11,4,Nov/2021,5.517786666666667,-0.8705444925101058,
2021-11-08,5.5627,cambio_dolar,2021,11,4,Nov/2021,5.526906666666666,0.31016139211974547,
2021-11-09,5.4957,cambio_dolar,2021,11,4,Nov/2021,5.531980000000001,-1.2044510759163796,
2021-11-10,5.459,cambio_dolar,2021,11,4,Nov/2021,5.535686666666667,-0.6677948214058427,
2021-11-11,5.4171,cambio_dolar,2021,11,4,Nov/2021,5.535570000000001,-0.767539842461995,
2021-11-12,5.4199,cambio_dolar,2021,11,4,Nov/2021,5.535656666666667,0.051688172638497676,
2021-11-16,5.4772,cambio_dolar,2021,11,4,Nov/2021,5.536916666666667,1.057215077768947,
2021-11-17,5.4993,cambio_dolar,2021,11,4,Nov/2021,5.540523333333335,0.4034908347330779,
2021-11-18,5.547,cambio_dolar,2021,11,4,Nov/2021,5.544743333333334,0.8673831214881966,
2021-11-19,5.5584,cambio_dolar,2021,11,4,Nov/2021,5.547986666666666,0.20551649540292427,
2021-11-22,5.5841,cambio_dolar,2021,11,4,Nov/2021,5.550466666666666,0.46236327000577226,
2021-11-23,5.6456,cambio_dolar,2021,11,4,Nov/2021,5.554853333333333,1.1013413083576618,
2021-11-24,5.6027,cambio_dolar,2021,11,4,Nov/2021,5.557996666666667,-0.7598838033158639,
2021-11-25,5.574,cambio_dolar,2021,11,4,Nov/2021,5.559926666666667,-0.512253020864939,
2021-11-26,5.5865,cambio_dolar,2021,11,4,Nov/2021,5.56124,0.22425547183351213,
2021-11-29,5.6118,cambio_dolar,2021,11,4,Nov/2021,5.565006666666666,0.4528774724782858,
2021-11-30,5.6199,cambio_dolar,2021,11,4,Nov/2021,5.570636666666667,0.1443387148508668,
2021-12-01,5.6168,cambio_dolar,2021,12,4,Dec/2021,5.573886666666667,-0.05516112386342309,
2021-12-02,5.6345,cambio_dolar,2021,12,4,Dec/2021,5.5766333333333336,0.31512605042016695,
2021-12-03,5.6432,cambio_dolar,2021,12,4,Dec/2021,5.579503333333333,0.1544058922708258,
2021-12-06,5.6877,cambio_dolar,2021,12,4,Dec/2021,5.581016666666667,0.7885596824496854,
2021-12-07,5.6411,cambio_dolar,2021,12,4,Dec/2021,5.578663333333333,-0.8193118483745709,
2021-12-08,5.5779,cambio_dolar,2021,12,4,Dec/2021,5.578016666666667,-1.1203488681285623,
2021-12-09,5.5564,cambio_dolar,2021,12,4,Dec/2021,5.577229999999999,-0.38544972122124266,
2021-12-10,5.5931,cambio_dolar,2021,12,4,Dec/2021,5.57811,0.6604996040601829,
2021-12-13,5.6357,cambio_dolar,2021,12,4,Dec/2021,5.5788866666666665,0.7616527507106952,
2021-12-14,5.6461,cambio_dolar,2021,12,4,Dec/2021,5.57899,0.18453785687668756,
2021-12-15,5.7127,cambio_dolar,2021,12,4,Dec/2021,5.580433333333333,1.1795752820531025,
2021-12-16,5.6963,cambio_dolar,2021,12,4,Dec/2021,5.581403333333333,-0.28707966460692624,
2021-12-17,5.6959,cambio_dolar,2021,12,4,Dec/2021,5.584793333333334,-0.007022102066256419,
2021-12-20,5.7055,cambio_dolar,2021,12,4,Dec/2021,5.5901266666666665,0.16854228480134292,
2021-12-21,5.7372,cambio_dolar,2021,12,4,Dec/2021,5.5959433333333335,0.5556042415213458,
2021-12-22,5.7201,cambio_dolar,2021,12,4,Dec/2021,5.603423333333334,-0.29805480025097975,
2021-12-23,5.691,cambio_dolar,2021,12,4,Dec/2021,5.611156666666667,-0.5087323648188091,
2021-12-24,5.6591,cambio_dolar,2021,12,4,Dec/2021,5.619223333333333,-0.5605341767703442,
2021-12-27,5.665,cambio_dolar,2021,12,4,Dec/2021,5.627393333333333,0.10425686063155748,
2021-12-28,5.6438,cambio_dolar,2021,12,4,Dec/2021,5.632946666666666,-0.37422771403354815,
2021-12-29,5.6619,cambio_dolar,2021,12,4,Dec/2021,5.638366666666666,0.32070590736739124,
2021-12-30,5.5805,cambio_dolar,2021,12,4,Dec/2021,5.639483333333333,-1.437679930765301,
2021-12-31,5.5805,cambio_dolar,2021,12,4,Dec/2021,5.64022,0.0,
2022-01-03,5.6309,cambio_dolar,2022,1,1,Jan/2022,5.64178,0.9031448794910801,
2022-01-04,5.6776,cambio_dolar,2022,1,1,Jan/2022,5.642846666666667,0.8293523237848266,
2022-01-05,5.6628,cambio_dolar,2022,1,1,Jan/2022,5.644850000000001,-0.26067352402423527,
2022-01-06,5.7042,cambio_dolar,2022,1,1,Jan/2022,5.64919,0.7310870947234704,
2022-01-07,5.6753,cambio_dolar,2022,1,1,Jan/2022,5.65215,-0.5066442270607596,
2022-01-10,5.6736,cambio_dolar,2022,1,1,Jan/2022,5.654210000000001,-0.029954363645967597,
2022-01-11,5.6351,cambio_dolar,2022,1,1,Jan/2022,5.654716666666667,-0.678581500282005,
2022-01-12,5.5611,cambio_dolar,2022,1,1,Jan/2022,5.6528599999999996,-1.3131976362442677,
2022-01-13,5.5246,cambio_dolar,2022,1,1,Jan/2022,5.649196666666667,-0.6563449677222,
2022-01-14,5.5349,cambio_dolar,2022,1,1,Jan/2022,5.645586666666667,0.18643883720088628,
2022-01-17,5.5058,cambio_dolar,2022,1,1,Jan/2022,5.639523333333333,-0.5257547561835052,
2022-01-18,5.5213,cambio_dolar,2022,1,1,Jan/2022,5.63553,0.281521304805854,
2022-01-19,5.4978,cambio_dolar,2022,1,1,Jan/2022,5.63286,-0.425624400050717,
2022-01-20,5.4166,cambio_dolar,2022,1,1,Jan/2022,5.6282000000000005,-1.4769544181308825,
2022-01-21,5.4401,cambio_dolar,2022,1,1,Jan/2022,5.623099999999999,0.43385149355685826,
2022-01-24,5.491,cambio_dolar,2022,1,1,Jan/2022,5.6182766666666675,0.9356445653572409,
2022-01-25,5.4971,cambio_dolar,2022,1,1,Jan/2022,5.61331,0.1110908759788698,
2022-01-26,5.4324,cambio_dolar,2022,1,1,Jan/2022,5.6039666666666665,-1.1769842280475062,
2022-01-27,5.3812,cambio_dolar,2022,1,1,Jan/2022,5.593463333333333,-0.9424931890140709,
2022-01-28,5.3954,cambio_dolar,2022,1,1,Jan/2022,5.583446666666666,0.26388166208282104,
2022-01-31,5.3574,cambio_dolar,2022,1,1,Jan/2022,5.571843333333334,-0.7043036660859259,
2022-02-01,5.281,cambio_dolar,2022,2,1,Feb/2022,5.556636666666666,-1.4260648822189914,
2022-02-02,5.2956,cambio_dolar,2022,2,1,Feb/2022,5.542486666666666,0.2764627911380435,
2022-02-03,5.3025,cambio_dolar,2022,2,1,Feb/2022,5.529536666666667,0.13029685021526127,
2022-02-04,5.3284,cambio_dolar,2022,2,1,Feb/2022,5.518513333333333,0.4884488448844815,
2022-02-07,5.2913,cambio_dolar,2022,2,1,Feb/2022,5.506056666666667,-0.6962690488702128,
2022-02-08,5.2699,cambio_dolar,2022,2,1,Feb/2022,5.493593333333334,-0.40443747283276377,
2022-02-09,5.2735,cambio_dolar,2022,2,1,Feb/2022,5.480646666666667,0.06831249169814146,
2022-02-10,5.2101,cambio_dolar,2022,2,1,Feb/2022,5.4683,-1.2022376031099014,
2022-02-11,5.1987,cambio_dolar,2022,2,1,Feb/2022,5.455573333333334,-0.21880578107905668,
2022-02-14,5.2106,cambio_dolar,2022,2,1,Feb/2022,5.441563333333334,0.2289033796910811,
2022-02-15,5.1881,cambio_dolar,2022,2,1,Feb/2022,5.425246666666666,-0.4318120753847965,
2022-02-16,5.163,cambio_dolar,2022,2,1,Feb/2022,5.408586666666667,-0.48379946415836317,
2022-02-17,5.1565,cambio_dolar,2022,2,1,Feb/2022,5.3903300000000005,-0.12589579701723919,
2022-02-18,5.1339,cambio_dolar,2022,2,1,Feb/2022,5.372283333333333,-0.43828178027732756,
2022-02-21,5.0997,cambio_dolar,2022,2,1,Feb/2022,5.353153333333333,-0.6661602290656043,
2022-02-22,5.0611,cambio_dolar,2022,2,1,Feb/2022,5.33402,-0.7569072690550516,
2022-02-23,5.0143,cambio_dolar,2022,2,1,Feb/2022,5.315793333333334,-0.9247001639959507,
2022-02-24,5.1174,cambio_dolar,2022,2,1,Feb/2022,5.30222,2.0561194982350317,
2022-02-25,5.1394,cambio_dolar,2022,2,1,Feb/2022,5.289036666666666,0.42990581154493945,
2022-03-02,5.1347,cambio_dolar,2022,3,1,Mar/2022,5.276666666666667,-0.09145036385571625,
2022-03-03,5.0479,cambio_dolar,2022,3,1,Mar/2022,5.260886666666667,-1.6904590336338843,
2022-03-04,5.0758,cambio_dolar,2022,3,1,Mar/2022,5.24682,0.5527050852829785,
2022-03-07,5.0579,cambio_dolar,2022,3,1,Mar/2022,5.234863333333334,-0.35265376886401967,
2022-03-08,5.0903,cambio_dolar,2022,3,1,Mar/2022,5.223203333333333,0.6405820597481071,
2022-03-09,5.0094,cambio_dolar,2022,3,1,Mar/2022,5.2071499999999995,-1.589297290925873,
2022-03-10,5.0513,cambio_dolar,2022,3,1,Mar/2022,5.19229,0.8364275162694224,
2022-03-11,5.0255,cambio_dolar,2022,3,1,Mar/2022,5.178726666666667,-0.5107596064379494,
2022-03-14,5.0647,cambio_dolar,2022,3,1,Mar/2022,5.168176666666667,0.78002188836932,
2022-03-15,5.1314,cambio_dolar,2022,3,1,Mar/2022,5.159376666666666,1.316958556281711,
2022-03-16,5.1287,cambio_dolar,2022,3,1,Mar/2022,5.151753333333334,-0.052617219472261834,
2022-03-17,5.0764,cambio_dolar,2022,3,1,Mar/2022,5.144933333333333,-1.0197515939711965,
2022-03-18,5.0411,cambio_dolar,2022,3,1,Mar/2022,5.13645,-0.695374674966498,
2022-03-21,4.9666,cambio_dolar,2022,3,1,Mar/2022,5.125253333333333,-1.4778520560988717,
2022-03-22,4.9208,cambio_dolar,2022,3,1,Mar/2022,5.111666666666666,-0.9221600289936793,
2022-03-23,4.8704,cambio_dolar,2022,3,1,Mar/2022,5.097636666666667,-1.0242237034628454,
2022-03-24,4.8067,cambio_dolar,2022,3,1,Mar/2022,5.0821966666666665,-1.307900788436267,
2022-03-25,4.7782,cambio_dolar,2022,3,1,Mar/2022,5.065686666666667,-0.5929223791790617,
2022-03-28,4.7905,cambio_dolar,2022,3,1,Mar/2022,5.051699999999999,0.25741911179941734,
2022-03-29,4.7486,cambio_dolar,2022,3,1,Mar/2022,5.036696666666667,-0.8746477403193786,
2022-03-30,4.7497,cambio_dolar,2022,3,1,Mar/2022,5.021333333333333,0.02316472223391486,
2022-03-31,4.7378,cambio_dolar,2022,3,1,Mar/2022,5.0063233333333335,-0.2505421395035401,
2022-04-01,4.6984,cambio_dolar,2022,4,2,Apr/2022,4.990836666666667,-0.8316096078348489,
2022-04-04,4.6175,cambio_dolar,2022,4,2,Apr/2022,4.97287,-1.7218627617912596,
2022-04-05,4.64,cambio_dolar,2022,4,2,Apr/2022,4.956406666666667,0.48727666486194643,
2022-04-06,4.6967,cambio_dolar,2022,4,2,Apr/2022,4.942973333333333,1.2219827586206877,
2022-04-07,4.7422,cambio_dolar,2022,4,2,Apr/2022,4.932343333333333,0.9687653032980803,
2022-04-08,4.7513,cambio_dolar,2022,4,2,Apr/2022,4.9235766666666665,0.1918940576103756,
2022-04-11,4.7025,cambio_dolar,2022,4,2,Apr/2022,4.909746666666666,-1.0270873234693667,
2022-04-12,4.6483,cambio_dolar,2022,4,2,Apr/2022,4.893376666666667,-1.152578415736305,
2022-04-13,4.6811,cambio_dolar,2022,4,2,Apr/2022,4.878256666666667,0.7056343179226765,
2022-04-14,4.7158,cambio_dolar,2022,4,2,Apr/2022,4.867186666666667,0.7412787592659731,
2022-04-18,4.6746,cambio_dolar,2022,4,2,Apr/2022,4.853813333333334,-0.873658764154539,
2022-04-19,4.6664,cambio_dolar,2022,4,2,Apr/2022,4.840763333333332,-0.1754160783810299,
2022-04-20,4.6397,cambio_dolar,2022,4,2,Apr/2022,4.8257433333333335,-0.5721755528887318,
2022-04-22,4.7326,cambio_dolar,2022,4,2,Apr/2022,4.816516666666667,2.0022846304717845,
2022-04-25,4.8818,cambio_dolar,2022,4,2,Apr/2022,4.810866666666667,3.152601107213804,
2022-04-26,4.9666,cambio_dolar,2022,4,2,Apr/2022,4.808903333333333,1.7370641976320211,
2022-04-27,5.0167,cambio_dolar,2022,4,2,Apr/2022,4.8073033333333335,1.008738372327156,
2022-04-28,5.011,cambio_dolar,2022,4,2,Apr/2022,4.8032900000000005,-0.11362050750493013,
2022-04-29,4.9191,cambio_dolar,2022,4,2,Apr/2022,4.796303333333333,-1.8339652763919356,
2022-05-02,5.0266,cambio_dolar,2022,5,2,May/2022,4.794643333333334,2.185359110406382,
2022-05-03,5.0167,cambio_dolar,2022,5,2,May/2022,4.79383,-0.19695221422034725,
2022-05-04,5.0093,cambio_dolar,2022,5,2,May/2022,4.795253333333333,-0.14750732553273638,
2022-05-05,5.0051,cambio_dolar,2022,5,2,May/2022,4.798063333333333,-0.08384405006687246,
2022-05-06,5.075,cambio_dolar,2022,5,2,May/2022,4.804883333333334,1.396575492997143,
2022-05-09,5.134,cambio_dolar,2022,5,2,May/2022,4.815793333333333,1.1625615763546815,
2022-05-10,5.139,cambio_dolar,2022,5,2,May/2022,4.82782,0.09738994935721834,
2022-05-11,5.1244,cambio_dolar,2022,5,2,May/2022,4.83895,-0.2841019653629262,
2022-05-12,5.1482,cambio_dolar,2022,5,2,May/2022,4.85227,0.46444461790648983,
2022-05-13,5.1075,cambio_dolar,2022,5,2,May/2022,4.864196666666667,-0.7905675770172094,
2022-05-16,5.0666,cambio_dolar,2022,5,2,May/2022,4.875156666666666,-0.8007831620166384,
2022-05-17,4.9676,cambio_dolar,2022,5,2,May/2022,4.88413,-1.9539730785931408,
2022-05-18,4.9592,cambio_dolar,2022,5,2,May/2022,4.89552,-0.1690957403977733,
2022-05-19,4.9198,cambio_dolar,2022,5,2,May/2022,4.904846666666667,-0.7944829811259768,
2022-05-20,4.8777,cambio_dolar,2022,5,2,May/2022,4.910880000000001,-0.8557258425139325,
2022-05-23,4.7973,cambio_dolar,2022,5,2,May/2022,4.912716666666667,-1.6483178547266109,
2022-05-24,4.8106,cambio_dolar,2022,5,2,May/2022,4.914693333333333,0.27723928042857615,
2022-05-25,4.8359,cambio_dolar,2022,5,2,May/2022,4.9191400000000005,0.525921922421313,
2022-05-26,4.7967,cambio_dolar,2022,5,2,May/2022,4.924086666666667,-0.8106040240699608,
2022-05-27,4.7434,cambio_dolar,2022,5,2,May/2022,4.926163333333333,-1.111180603331463,
2022-05-30,4.7216,cambio_dolar,2022,5,2,May/2022,4.926356666666666,-0.4595859510056255,
2022-05-31,4.7289,cambio_dolar,2022,5,2,May/2022,4.928166666666667,0.15460860725180492,
2022-06-01,4.7765,cambio_dolar,2022,6,2,Jun/2022,4.931836666666667,1.0065765822918626,
2022-06-02,4.7879,cambio_dolar,2022,6,2,Jun/2022,4.936776666666666,0.2386684811053863,
2022-06-03,4.7956,cambio_dolar,2022,6,2,Jun/2022,4.938876666666667,0.1608220723072984,
2022-06-06,4.7839,cambio_dolar,2022,6,2,Jun/2022,4.935613333333334,-0.2439736425056349,
2022-06-07,4.8909,cambio_dolar,2022,6,2,Jun/2022,4.933090000000001,2.2366688266895363,
2022-06-08,4.8711,cambio_dolar,2022,6,2,Jun/2022,4.928236666666667,-0.40483346623321204,
2022-06-09,4.8951,cambio_dolar,2022,6,2,Jun/2022,4.9243733333333335,0.4927018537907335,
2022-06-10,4.9836,cambio_dolar,2022,6,2,Jun/2022,4.926523333333333,1.8079303793589574,
2022-06-13,5.1033,cambio_dolar,2022,6,2,Jun/2022,4.92908,2.401878160365989,
2022-06-14,5.1203,cambio_dolar,2022,6,2,Jun/2022,4.932533333333334,0.33311778653029034,
2022-06-15,5.1119,cambio_dolar,2022,6,2,Jun/2022,4.935953333333333,-0.16405288752612268,
2022-06-17,5.1313,cambio_dolar,2022,6,2,Jun/2022,4.9401600000000006,0.379506641366234,
2022-06-20,5.1641,cambio_dolar,2022,6,2,Jun/2022,4.943129999999999,0.6392142342096507,
2022-06-21,5.1462,cambio_dolar,2022,6,2,Jun/2022,4.943536666666668,-0.34662380666524717,
2022-06-22,5.1509,cambio_dolar,2022,6,2,Jun/2022,4.943933333333333,0.09132952469783628,
2022-06-23,5.1833,cambio_dolar,2022,6,2,Jun/2022,4.945896666666667,0.629016288415607,
2022-06-24,5.2334,cambio_dolar,2022,6,2,Jun/2022,4.948736666666667,0.9665657013871343,
2022-06-27,5.2214,cambio_dolar,2022,6,2,Jun/2022,4.952533333333333,-0.2292964420835375,
2022-06-28,5.2179,cambio_dolar,2022,6,2,Jun/2022,4.957576666666667,-0.06703183054352913,
2022-06-29,5.2268,cambio_dolar,2022,6,2,Jun/2022,4.966216666666667,0.1705667030797775,
2022-06-30,5.238,cambio_dolar,2022,6,2,Jun/2022,4.97551,0.21428024795286937,
2022-07-01,5.3142,cambio_dolar,2022,7,3,Jul/2022,4.988656666666667,1.4547537227949547,
2022-07-04,5.3038,cambio_dolar,2022,7,3,Jul/2022,5.00286,-0.19570208121635346,
2022-07-05,5.3899,cambio_dolar,2022,7,3,Jul/2022,5.022613333333334,1.6233643802556763,
2022-07-06,5.4321,cambio_dolar,2022,7,3,Jul/2022,5.04333,0.7829458802575129,
2022-07-07,5.364,cambio_dolar,2022,7,3,Jul/2022,5.060933333333334,-1.253658805986635,
2022-07-08,5.3086,cambio_dolar,2022,7,3,Jul/2022,5.0779966666666665,-1.032811334824757,
2022-07-11,5.3477,cambio_dolar,2022,7,3,Jul/2022,5.09814,0.7365407075311747,
2022-07-12,5.412,cambio_dolar,2022,7,3,Jul/2022,5.121153333333334,1.2023860725171698,
2022-07-13,5.3992,cambio_dolar,2022,7,3,Jul/2022,5.143496666666667,-0.23651145602364698,
2022-07-14,5.4568,cambio_dolar,2022,7,3,Jul/2022,5.166173333333333,1.0668247147725518,
2022-07-15,5.4014,cambio_dolar,2022,7,3,Jul/2022,5.186623333333333,-1.0152470312271067,
2022-07-18,5.3675,cambio_dolar,2022,7,3,Jul/2022,5.205686666666667,-0.6276150627615107,
2022-07-19,5.3904,cambio_dolar,2022,7,3,Jul/2022,5.225903333333333,0.4266418258034532,
2022-07-20,5.4288,cambio_dolar,2022,7,3,Jul/2022,5.243833333333333,0.7123775601068694,
2022-07-21,5.475,cambio_dolar,2022,7,3,Jul/2022,5.263963333333333,0.8510167992926476,
2022-07-22,5.4522,cambio_dolar,2022,7,3,Jul/2022,5.282533333333333,-0.4164383561643725,
2022-07-25,5.4144,cambio_dolar,2022,7,3,Jul/2022,5.296893333333333,-0.6932981181908326,
2022-07-26,5.3608,cambio_dolar,2022,7,3,Jul/2022,5.305476666666666,-0.9899527186761126,
2022-07-27,5.3074,cambio_dolar,2022,7,3,Jul/2022,5.3117133333333335,-0.9961199820922251,
2022-07-28,5.2149,cambio_dolar,2022,7,3,Jul/2022,5.315146666666667,-1.7428496062102061,
2022-07-29,5.1884,cambio_dolar,2022,7,3,Jul/2022,5.31705,-0.5081593127385098,
2022-08-01,5.1606,cambio_dolar,2022,8,3,Aug/2022,5.316933333333334,-0.53581065453705,
2022-08-02,5.2329,cambio_dolar,2022,8,3,Aug/2022,5.319823333333333,1.400999883734455,
2022-08-03,5.2846,cambio_dolar,2022,8,3,Aug/2022,5.324280000000001,0.9879798964245401,
2022-08-04,5.2409,cambio_dolar,2022,8,3,Aug/2022,5.3262,-0.8269310827688003,
2022-08-05,5.2165,cambio_dolar,2022,8,3,Aug/2022,5.325636666666666,-0.4655688908393629,
2022-08-08,5.1247,cambio_dolar,2022,8,3,Aug/2022,5.322413333333333,-1.7598006326080773,
2022-08-09,5.1224,cambio_dolar,2022,8,3,Aug/2022,5.31923,-0.044880675942005066,
2022-08-10,5.0497,cambio_dolar,2022,8,3,Aug/2022,5.313326666666667,-1.419256598469476,
2022-08-11,5.1127,cambio_dolar,2022,8,3,Aug/2022,5.30915,1.2475988672594474,
2022-08-12,5.1023,cambio_dolar,2022,8,3,Aug/2022,5.302086666666667,-0.20341502532909006,
2022-08-15,5.0925,cambio_dolar,2022,8,3,Aug/2022,5.295043333333334,-0.19207024283165453,
2022-08-16,5.134,cambio_dolar,2022,8,3,Aug/2022,5.286513333333333,0.81492390770741,
2022-08-17,5.1784,cambio_dolar,2022,8,3,Aug/2022,5.278056666666667,0.8648227502921602,
2022-08-18,5.1773,cambio_dolar,2022,8,3,Aug/2022,5.271833333333333,-0.021242082496530923,
2022-08-19,5.1961,cambio_dolar,2022,8,3,Aug/2022,5.268083333333334,0.3631236358719869,
2022-08-22,5.1709,cambio_dolar,2022,8,3,Aug/2022,5.26219,-0.4849791189546204,
2022-08-23,5.103,cambio_dolar,2022,8,3,Aug/2022,5.25189,-1.3131176390957067,
2022-08-24,5.105,cambio_dolar,2022,8,3,Aug/2022,5.2420833333333325,0.039192631785245347,
2022-08-25,5.1173,cambio_dolar,2022,8,3,Aug/2022,5.230766666666667,0.24094025465228874,
2022-08-26,5.0903,cambio_dolar,2022,8,3,Aug/2022,5.220396666666668,-0.5276219881578226,
2022-08-29,5.0428,cambio_dolar,2022,8,3,Aug/2022,5.209573333333334,-0.9331473587018468,
2022-08-30,5.0617,cambio_dolar,2022,8,3,Aug/2022,5.198616666666666,0.37479178234314237,
2022-08-31,5.179,cambio_dolar,2022,8,3,Aug/2022,5.19029,2.317403243969429,
2022-09-01,5.2007,cambio_dolar,2022,9,3,Sep/2022,5.181146666666667,0.41899980691253447,
2022-09-02,5.1878,cambio_dolar,2022,9,3,Sep/2022,5.1723333333333334,-0.248043532601383,
2022-09-05,5.1686,cambio_dolar,2022,9,3,Sep/2022,5.164140000000001,-0.3700990786075109,
2022-09-06,5.2228,cambio_dolar,2022,9,3,Sep/2022,5.159540000000001,1.0486398637929106,
2022-09-08,5.2155,cambio_dolar,2022,9,3,Sep/2022,5.156476666666666,-0.13977176993185125,
2022-09-09,5.1633,cambio_dolar,2022,9,3,Sep/2022,5.154756666666667,-1.0008628127696317,
2022-09-12,5.1183,cambio_dolar,2022,9,3,Sep/2022,5.15242,-0.8715356458079082,
2022-09-13,5.1794,cambio_dolar,2022,9,3,Sep/2022,5.1530466666666666,1.1937557392103004,
2022-09-14,5.1774,cambio_dolar,2022,9,3,Sep/2022,5.151196666666666,-0.03861451133336802,
2022-09-15,5.2211,cambio_dolar,2022,9,3,Sep/2022,5.14908,0.8440529995750845,
2022-09-16,5.2882,cambio_dolar,2022,9,3,Sep/2022,5.150656666666666,1.2851697918063287,
2022-09-19,5.2367,cambio_dolar,2022,9,3,Sep/2022,5.151330000000001,-0.9738663439355477,
2022-09-20,5.1705,cambio_dolar,2022,9,3,Sep/2022,5.152856666666667,-1.264154906716064,
2022-09-21,5.1692,cambio_dolar,2022,9,3,Sep/2022,5.154416666666666,-0.025142636108688166,
2022-09-22,5.1677,cambio_dolar,2022,9,3,Sep/2022,5.1583499999999995,-0.029018029869221085,
2022-09-23,5.2257,cambio_dolar,2022,9,3,Sep/2022,5.162116666666666,1.1223561739265087,
2022-09-26,5.3548,cambio_dolar,2022,9,3,Sep/2022,5.170533333333333,2.470482423407394,
2022-09-27,5.3508,cambio_dolar,2022,9,3,Sep/2022,5.179143333333332,-0.07469933517592064,
2022-09-28,5.3594,cambio_dolar,2022,9,3,Sep/2022,5.186656666666667,0.16072363011139235,
2022-09-29,5.3916,cambio_dolar,2022,9,3,Sep/2022,5.193763333333333,0.600813523901933,
2022-09-30,5.4066,cambio_dolar,2022,9,3,Sep/2022,5.201406666666666,0.27821054974404014,
2022-10-03,5.2002,cambio_dolar,2022,10,4,Oct/2022,5.2015433333333325,-3.8175563200532725,
2022-10-04,5.1411,cambio_dolar,2022,10,4,Oct/2022,5.200550000000001,-1.1364947502019107,
2022-10-05,5.2144,cambio_dolar,2022,10,4,Oct/2022,5.204263333333333,1.4257649141234507,
2022-10-06,5.2009,cambio_dolar,2022,10,4,Oct/2022,5.20746,-0.25889843510280564,
2022-10-07,5.2221,cambio_dolar,2022,10,4,Oct/2022,5.210953333333333,0.4076217577726915,
2022-10-10,5.1941,cambio_dolar,2022,10,4,Oct/2022,5.214413333333332,-0.5361827617242243,
2022-10-11,5.2068,cambio_dolar,2022,10,4,Oct/2022,5.21988,0.24450819198706952,
2022-10-13,5.3017,cambio_dolar,2022,10,4,Oct/2022,5.227880000000001,1.8226165783206572,
2022-10-14,5.2824,cambio_dolar,2022,10,4,Oct/2022,5.231326666666667,-0.36403417771658786,
2022-10-17,5.2713,cambio_dolar,2022,10,4,Oct/2022,5.2336800000000006,-0.2101317582916873,
2022-10-18,5.2697,cambio_dolar,2022,10,4,Oct/2022,5.23641,-0.030353043841169214,
2022-10-19,5.2808,cambio_dolar,2022,10,4,Oct/2022,5.24015,0.2106381767462917,
2022-10-20,5.2176,cambio_dolar,2022,10,4,Oct/2022,5.239976666666666,-1.1967883653991818,
2022-10-21,5.1919,cambio_dolar,2022,10,4,Oct/2022,5.23919,-0.49256363078808985,
2022-10-24,5.2744,cambio_dolar,2022,10,4,Oct/2022,5.242893333333333,1.5890136558870394,
2022-10-25,5.3091,cambio_dolar,2022,10,4,Oct/2022,5.249253333333333,0.6578947368421018,
2022-10-26,5.3248,cambio_dolar,2022,10,4,Oct/2022,5.2541,0.29571867171460653,
2022-10-27,5.3003,cambio_dolar,2022,10,4,Oct/2022,5.258196666666667,-0.46011117788461453,
2022-10-28,5.3454,cambio_dolar,2022,10,4,Oct/2022,5.262339999999999,0.8508952323453389,
2022-10-31,5.257,cambio_dolar,2022,10,4,Oct/2022,5.2613,-1.6537583716840665,
2022-11-01,5.15,cambio_dolar,2022,11,4,Nov/2022,5.25841,-2.035381396233582,
2022-11-03,5.1349,cambio_dolar,2022,11,4,Nov/2022,5.257223333333333,-0.29320388349515225,
2022-11-04,5.036,cambio_dolar,2022,11,4,Nov/2022,5.2527833333333325,-1.9260355605756785,
2022-11-07,5.0886,cambio_dolar,2022,11,4,Nov/2022,5.250146666666667,1.0444797458300181,
2022-11-08,5.1744,cambio_dolar,2022,11,4,Nov/2022,5.248436666666667,1.6861219195849708,
2022-11-09,5.1629,cambio_dolar,2022,11,4,Nov/2022,5.24204,-0.22224799010515106,
2022-11-10,5.3064,cambio_dolar,2022,11,4,Nov/2022,5.24056,2.779445660384683,
2022-11-11,5.3051,cambio_dolar,2022,11,4,Nov/2022,5.23875,-0.024498718528565,
2022-11-14,5.3013,cambio_dolar,2022,11,4,Nov/2022,5.235740000000001,-0.071629187008726,
2022-11-16,5.3204,cambio_dolar,2022,11,4,Nov/2022,5.232866666666667,0.3602889857204916,
2022-11-17,5.4655,cambio_dolar,2022,11,4,Nov/2022,5.24171,2.727238553492195,
2022-11-18,5.3477,cambio_dolar,2022,11,4,Nov/2022,5.248596666666667,-2.1553380294575097,
2022-11-21,5.3259,cambio_dolar,2022,11,4,Nov/2022,5.252313333333333,-0.40765188772743377,
2022-11-22,5.3339,cambio_dolar,2022,11,4,Nov/2022,5.2567466666666665,0.1502093542875338,
2022-11-23,5.393,cambio_dolar,2022,11,4,Nov/2022,5.262443333333334,1.1080072742271074,
2022-11-24,5.3149,cambio_dolar,2022,11,4,Nov/2022,5.26647,-1.4481735583163347,
2022-11-25,5.3508,cambio_dolar,2022,11,4,Nov/2022,5.27127,0.6754595570942046,
2022-11-28,5.3796,cambio_dolar,2022,11,4,Nov/2022,5.273866666666667,0.5382372729311635,
2022-11-29,5.3076,cambio_dolar,2022,11,4,Nov/2022,5.274706666666666,-1.3383894713361655,
2022-11-30,5.2941,cambio_dolar,2022,11,4,Nov/2022,5.275466666666666,-0.25435224960433933,
2022-12-01,5.1948,cambio_dolar,2022,12,4,Dec/2022,5.27297,-1.875672918909732,
2022-12-02,5.1974,cambio_dolar,2022,12,4,Dec/2022,5.2701899999999995,0.05005005005005447,
2022-12-05,5.2464,cambio_dolar,2022,12,4,Dec/2022,5.2711500000000004,0.9427790818486326,
2022-12-06,5.2396,cambio_dolar,2022,12,4,Dec/2022,5.27274,-0.12961268679475557,
2022-12-07,5.2208,cambio_dolar,2022,12,4,Dec/2022,5.270953333333334,-0.35880601572639836,
2022-12-08,5.2091,cambio_dolar,2022,12,4,Dec/2022,5.26762,-0.22410358565735367,
2022-12-09,5.2396,cambio_dolar,2022,12,4,Dec/2022,5.26478,0.5855138123668224,
2022-12-12,5.3066,cambio_dolar,2022,12,4,Dec/2022,5.26499,1.278723566684481,
2022-12-13,5.2669,cambio_dolar,2022,12,4,Dec/2022,5.262373333333334,-0.748124976444442,
2022-12-14,5.3406,cambio_dolar,2022,12,4,Dec/2022,5.26516,1.3993050940781293,
2022-12-15,5.3183,cambio_dolar,2022,12,4,Dec/2022,5.27077,-0.41755607984121923,
2022-12-16,5.2806,cambio_dolar,2022,12,4,Dec/2022,5.275626666666667,-0.7088731361525324,
2022-12-19,5.316,cambio_dolar,2022,12,4,Dec/2022,5.28496,0.6703783660947593,
2022-12-20,5.2427,cambio_dolar,2022,12,4,Dec/2022,5.290096666666667,-1.3788562829194828,
2022-12-21,5.2031,cambio_dolar,2022,12,4,Dec/2022,5.291053333333334,-0.7553359909970081,
2022-12-22,5.1871,cambio_dolar,2022,12,4,Dec/2022,5.29186,-0.3075089850281598,
2022-12-23,5.1445,cambio_dolar,2022,12,4,Dec/2022,5.286463333333333,-0.8212681459775273,
2022-12-26,5.1872,cambio_dolar,2022,12,4,Dec/2022,5.282533333333333,0.8300126348527614,
2022-12-27,5.2832,cambio_dolar,2022,12,4,Dec/2022,5.28193,1.8507094386181366,
2022-12-28,5.2736,cambio_dolar,2022,12,4,Dec/2022,5.28037,-0.181708055723806,
2022-12-29,5.2177,cambio_dolar,2022,12,4,Dec/2022,5.27211,-1.0599969660194275,
2022-12-30,5.2177,cambio_dolar,2022,12,4,Dec/2022,5.267776666666666,0.0,
2023-01-02,5.3436,cambio_dolar,2023,1,1,Jan/2023,5.268366666666667,2.412940567683086,
2023-01-03,5.3759,cambio_dolar,2023,1,1,Jan/2023,5.2697666666666665,0.6044614117822977,
2023-01-04,5.4459,cambio_dolar,2023,1,1,Jan/2023,5.27153,1.3021075540839755,
2023-01-05,5.4026,cambio_dolar,2023,1,1,Jan/2023,5.274453333333333,-0.7950935566205852,
2023-01-06,5.2855,cambio_dolar,2023,1,1,Jan/2023,5.2722766666666665,-2.1674749194832033,
2023-01-09,5.2967,cambio_dolar,2023,1,1,Jan/2023,5.269513333333333,0.21190048245200988,
2023-01-10,5.2395,cambio_dolar,2023,1,1,Jan/2023,5.267243333333334,-1.0799176845960878,
2023-01-11,5.202,cambio_dolar,2023,1,1,Jan/2023,5.264173333333334,-0.7157171485828728,
2023-01-12,5.14,cambio_dolar,2023,1,1,Jan/2023,5.262346666666667,-1.1918492887351029,
2023-01-13,5.1146,cambio_dolar,2023,1,1,Jan/2023,5.259586666666666,-0.4941634241245052,
2023-01-16,5.1115,cambio_dolar,2023,1,1,Jan/2023,5.25509,-0.06061080045359768,
2023-01-17,5.1203,cambio_dolar,2023,1,1,Jan/2023,5.2511133333333335,0.1721608138511188,
2023-01-18,5.0909,cambio_dolar,2023,1,1,Jan/2023,5.246783333333332,-0.5741851063414183,
2023-01-19,5.2144,cambio_dolar,2023,1,1,Jan/2023,5.24696,2.425897189102133,
2023-01-20,5.1986,cambio_dolar,2023,1,1,Jan/2023,5.245593333333333,-0.30300705737957845,
2023-01-23,5.1922,cambio_dolar,2023,1,1,Jan/2023,5.24178,-0.12311006809525571,
2023-01-24,5.1696,cambio_dolar,2023,1,1,Jan/2023,5.238536666666666,-0.43526828704595344,
2023-01-25,5.1042,cambio_dolar,2023,1,1,Jan/2023,5.2306566666666665,-1.2650882079851544,
2023-01-26,5.0951,cambio_dolar,2023,1,1,Jan/2023,5.2232166666666675,-0.1782845499784358,
2023-01-27,5.0767,cambio_dolar,2023,1,1,Jan/2023,5.21642,-0.3611312829974067,
2023-01-30,5.0959,cambio_dolar,2023,1,1,Jan/2023,5.209083333333334,0.3781984359918944,
2023-01-31,5.0993,cambio_dolar,2023,1,1,Jan/2023,5.204303333333333,0.06672030455856515,
2023-02-01,5.0721,cambio_dolar,2023,2,1,Feb/2023,5.199936666666667,-0.5334065459965176,
2023-02-02,4.9901,cambio_dolar,2023,2,1,Feb/2023,5.193370000000001,-1.6166873681512595,
2023-02-03,5.103,cambio_dolar,2023,2,1,Feb/2023,5.191986666666667,2.262479709825449,
2023-02-06,5.1763,cambio_dolar,2023,2,1,Feb/2023,5.191623333333333,1.4364099549284859,
2023-02-07,5.1695,cambio_dolar,2023,2,1,Feb/2023,5.187833333333333,-0.131367965535234,
2023-02-08,5.2036,cambio_dolar,2023,2,1,Feb/2023,5.1855,0.6596382628880848,
2023-02-09,5.2315,cambio_dolar,2023,2,1,Feb/2023,5.18596,0.5361672688138919,
2023-02-10,5.2526,cambio_dolar,2023,2,1,Feb/2023,5.187123333333333,0.4033260059256527,
2023-02-13,5.1834,cambio_dolar,2023,2,1,Feb/2023,5.181783333333333,-1.317442790237222,
2023-02-14,5.1507,cambio_dolar,2023,2,1,Feb/2023,5.1742766666666675,-0.6308600532469066,
2023-02-15,5.2243,cambio_dolar,2023,2,1,Feb/2023,5.1668899999999995,1.4289319898266317,
2023-02-16,5.2432,cambio_dolar,2023,2,1,Feb/2023,5.161576666666667,0.36177095496046086,
2023-02-17,5.2012,cambio_dolar,2023,2,1,Feb/2023,5.158766666666667,-0.8010375343301734,
2023-02-22,5.173,cambio_dolar,2023,2,1,Feb/2023,5.154643333333334,-0.5421825732523256,
2023-02-23,5.133,cambio_dolar,2023,2,1,Feb/2023,5.151093333333333,-0.7732456988208014,
2023-02-24,5.1791,cambio_dolar,2023,2,1,Feb/2023,5.150329999999999,0.8981102669004537,
2023-02-27,5.196,cambio_dolar,2023,2,1,Feb/2023,5.152196666666667,0.3263115213067769,
2023-02-28,5.2078,cambio_dolar,2023,2,1,Feb/2023,5.155303333333334,0.22709776751346222,
2023-03-01,5.207,cambio_dolar,2023,3,1,Mar/2023,5.158486666666667,-0.01536157302507446,
2023-03-02,5.208,cambio_dolar,2023,3,1,Mar/2023,5.16141,0.019204916458614996,
2023-03-03,5.2037,cambio_dolar,2023,3,1,Mar/2023,5.165170000000001,-0.0825652841781821,
2023-03-06,5.197,cambio_dolar,2023,3,1,Mar/2023,5.1645900000000005,-0.12875454003882236,
2023-03-07,5.1901,cambio_dolar,2023,3,1,Mar/2023,5.164306666666667,-0.13276890513758133,
2023-03-08,5.1387,cambio_dolar,2023,3,1,Mar/2023,5.162523333333334,-0.9903470068014175,
2023-03-09,5.1353,cambio_dolar,2023,3,1,Mar/2023,5.161379999999999,-0.06616459415805798,
2023-03-10,5.1822,cambio_dolar,2023,3,1,Mar/2023,5.16398,0.9132864681712816,
2023-03-13,5.24,cambio_dolar,2023,3,1,Mar/2023,5.16881,1.1153564123345339,
2023-03-14,5.2362,cambio_dolar,2023,3,1,Mar/2023,5.174126666666667,-0.07251908396946893,
2023-03-15,5.2981,cambio_dolar,2023,3,1,Mar/2023,5.180866666666668,1.182154997899243,
2023-03-16,5.2892,cambio_dolar,2023,3,1,Mar/2023,5.187196666666667,-0.16798474924972773,
2023-03-17,5.2679,cambio_dolar,2023,3,1,Mar/2023,5.193723333333334,-0.4027074037661671,
2023-03-20,5.2467,cambio_dolar,2023,3,1,Mar/2023,5.202276666666666,-0.4024374038990919,
2023-03-21,5.2444,cambio_dolar,2023,3,1,Mar/2023,5.20699,-0.04383707854460628,
2023-03-22,5.2648,cambio_dolar,2023,3,1,Mar/2023,5.2099400000000005,0.38898634734192417,
2023-03-23,5.2632,cambio_dolar,2023,3,1,Mar/2023,5.213063333333334,-0.030390518158329716,
2023-03-24,5.2921,cambio_dolar,2023,3,1,Mar/2023,5.216013333333334,0.5490956072351283,
2023-03-27,5.2306,cambio_dolar,2023,3,1,Mar/2023,5.215983333333333,-1.1621095595321318,
2023-03-28,5.1733,cambio_dolar,2023,3,1,Mar/2023,5.2133400000000005,-1.0954766183611797,
2023-03-29,5.1493,cambio_dolar,2023,3,1,Mar/2023,5.212203333333333,-0.46392051495177666,
2023-03-30,5.1254,cambio_dolar,2023,3,1,Mar/2023,5.21136,-0.4641407569961009,
2023-03-31,5.0804,cambio_dolar,2023,3,1,Mar/2023,5.206563333333333,-0.8779802551995952,
2023-04-03,5.0637,cambio_dolar,2023,4,2,Apr/2023,5.2005799999999995,-0.3287142744665794,
2023-04-04,5.0762,cambio_dolar,2023,4,2,Apr/2023,5.196413333333333,0.24685506645338862,
2023-04-05,5.0447,cambio_dolar,2023,4,2,Apr/2023,5.192136666666666,-0.6205429258106521,
2023-04-06,5.0683,cambio_dolar,2023,4,2,Apr/2023,5.18998,0.46781770967549985,
2023-04-10,5.0834,cambio_dolar,2023,4,2,Apr/2023,5.18679,0.2979302724779531,
2023-04-11,5.0128,cambio_dolar,2023,4,2,Apr/2023,5.1806833333333335,-1.3888342447967883,
2023-04-12,4.9496,cambio_dolar,2023,4,2,Apr/2023,5.172076666666666,-1.2607724225981554,
2023-04-13,4.9097,cambio_dolar,2023,4,2,Apr/2023,5.162166666666666,-0.806125747535158,
2023-04-14,4.9455,cambio_dolar,2023,4,2,Apr/2023,5.153416666666667,0.7291687883170139,
2023-04-17,4.9421,cambio_dolar,2023,4,2,Apr/2023,5.1446966666666665,-0.06874936811243071,
2023-04-18,4.9678,cambio_dolar,2023,4,2,Apr/2023,5.137056666666666,0.5200218530584166,
2023-04-19,5.0467,cambio_dolar,2023,4,2,Apr/2023,5.132276666666667,1.5882281895406303,
2023-04-20,5.0497,cambio_dolar,2023,4,2,Apr/2023,5.12931,0.05944478570152345,
2023-04-24,5.0595,cambio_dolar,2023,4,2,Apr/2023,5.126783333333333,0.1940709349070202,
2023-04-25,5.0613,cambio_dolar,2023,4,2,Apr/2023,5.122753333333334,0.03557663800770605,
2023-04-26,5.0585,cambio_dolar,2023,4,2,Apr/2023,5.116703333333333,-0.05532175528025762,
2023-04-27,5.015,cambio_dolar,2023,4,2,Apr/2023,5.10933,-0.8599387170109885,
2023-04-28,5.0007,cambio_dolar,2023,4,2,Apr/2023,5.0994166666666665,-0.28514456630108764,
2023-05-02,5.0334,cambio_dolar,2023,5,2,May/2023,5.09089,0.6539084528166095,
2023-05-03,5.0227,cambio_dolar,2023,5,2,May/2023,5.082716666666667,-0.21257996582826344,
2023-05-04,5.0106,cambio_dolar,2023,5,2,May/2023,5.074846666666667,-0.24090628546399318,
2023-05-05,4.9696,cambio_dolar,2023,5,2,May/2023,5.065686666666667,-0.818265277611474,
2023-05-08,4.9696,cambio_dolar,2023,5,2,May/2023,5.055846666666667,0.0,
2023-05-09,5.0007,cambio_dolar,2023,5,2,May/2023,5.047096666666666,0.6258048937540339,
2023-05-10,4.9547,cambio_dolar,2023,5,2,May/2023,5.03585,-0.9198712180294777,
2023-05-11,4.9696,cambio_dolar,2023,5,2,May/2023,5.027150000000001,0.3007245645548551,
2023-05-12,4.9234,cambio_dolar,2023,5,2,May/2023,5.01882,-0.9296522858982526,
2023-05-15,4.9103,cambio_dolar,2023,5,2,May/2023,5.010853333333333,-0.26607628874354416,
2023-05-16,4.9122,cambio_dolar,2023,5,2,May/2023,5.003746666666667,0.038694173472086923,
2023-05-17,4.9513,cambio_dolar,2023,5,2,May/2023,4.999443333333333,0.7959773624852229,
2023-05-18,4.9647,cambio_dolar,2023,5,2,May/2023,4.996143333333334,0.27063599458727605,
2023-05-19,4.9858,cambio_dolar,2023,5,2,May/2023,4.99313,0.4250005035551174,
2023-05-22,4.968,cambio_dolar,2023,5,2,May/2023,4.990573333333334,-0.3570139195314792,
2023-05-23,4.9674,cambio_dolar,2023,5,2,May/2023,4.987210000000001,-0.012077294685997053,
2023-05-24,4.9474,cambio_dolar,2023,5,2,May/2023,4.982676666666666,-0.4026251157547067,
2023-05-25,4.999,cambio_dolar,2023,5,2,May/2023,4.982216666666667,1.04297206613575,
2023-05-26,5.0114,cambio_dolar,2023,5,2,May/2023,4.984276666666667,0.24804960992199643,
2023-05-29,4.9954,cambio_dolar,2023,5,2,May/2023,4.987133333333333,-0.31927205970387895,
2023-05-30,5.0593,cambio_dolar,2023,5,2,May/2023,4.990926666666667,1.2791768426952954,
2023-05-31,5.0959,cambio_dolar,2023,5,2,May/2023,4.996053333333333,0.7234202360010267,
2023-06-01,5.035,cambio_dolar,2023,6,2,Jun/2023,4.998293333333334,-1.1950783963578626,
2023-06-02,4.9558,cambio_dolar,2023,6,2,Jun/2023,4.995263333333333,-1.572989076464748,
2023-06-05,4.9236,cambio_dolar,2023,6,2,Jun/2023,4.99106,-0.6497437346139834,
2023-06-06,4.9292,cambio_dolar,2023,6,2,Jun/2023,4.986716666666667,0.11373791534647903,
2023-06-07,4.9119,cambio_dolar,2023,6,2,Jun/2023,4.9817366666666665,-0.3509697313965665,
2023-06-09,4.8922,cambio_dolar,2023,6,2,Jun/2023,4.976193333333334,-0.40106679696247927,
2023-06-12,4.8832,cambio_dolar,2023,6,2,Jun/2023,4.9718,-0.18396631372387118,
2023-06-13,4.8533,cambio_dolar,2023,6,2,Jun/2023,4.9668866666666664,-0.6123034076015776,
2023-06-14,4.8462,cambio_dolar,2023,6,2,Jun/2023,4.960646666666666,-0.1462922135454292,
2023-06-15,4.8222,cambio_dolar,2023,6,2,Jun/2023,4.953963333333333,-0.4952333787297314,
2023-06-16,4.8286,cambio_dolar,2023,6,2,Jun/2023,4.947896666666667,0.13271950561983825,
2023-06-19,4.7803,cambio_dolar,2023,6,2,Jun/2023,4.941586666666666,-1.000289939112775,
2023-06-20,4.793,cambio_dolar,2023,6,2,Jun/2023,4.9357,0.26567370248729016,
2023-06-21,4.7795,cambio_dolar,2023,6,2,Jun/2023,4.928326666666667,-0.2816607552681094,
2023-06-22,4.775,cambio_dolar,2023,6,2,Jun/2023,4.922336666666667,-0.09415210796106521,
2023-06-23,4.7799,cambio_dolar,2023,6,2,Jun/2023,4.916013333333334,0.10261780104710017,
2023-06-26,4.7698,cambio_dolar,2023,6,2,Jun/2023,4.910893333333334,-0.21130149166299628,
2023-06-27,4.7903,cambio_dolar,2023,6,2,Jun/2023,4.906893333333333,0.4297874124701284,
2023-06-28,4.8563,cambio_dolar,2023,6,2,Jun/2023,4.905029999999999,1.3777842723837752,
2023-06-29,4.8584,cambio_dolar,2023,6,2,Jun/2023,4.901933333333334,0.043242798014930806,
2023-06-30,4.8192,cambio_dolar,2023,6,2,Jun/2023,4.897083333333333,-0.8068499917668226,
2023-07-03,4.7876,cambio_dolar,2023,7,3,Jul/2023,4.890476666666667,-0.6557104913678669,
2023-07-04,4.8056,cambio_dolar,2023,7,3,Jul/2023,4.885063333333333,0.37597125908597206,
2023-07-05,4.8577,cambio_dolar,2023,7,3,Jul/2023,4.881406666666666,1.0841518228733138,
2023-07-06,4.8977,cambio_dolar,2023,7,3,Jul/2023,4.8797500000000005,0.8234349589311796,
2023-07-07,4.8799,cambio_dolar,2023,7,3,Jul/2023,4.875780000000001,-0.36343589848296665,
2023-07-10,4.8735,cambio_dolar,2023,7,3,Jul/2023,4.871183333333334,-0.13115022848829705,
2023-07-11,4.8949,cambio_dolar,2023,7,3,Jul/2023,4.867833333333334,0.4391094695803899,
2023-07-12,4.8058,cambio_dolar,2023,7,3,Jul/2023,4.859383333333333,-1.8202619052483215,
2023-07-13,4.8038,cambio_dolar,2023,7,3,Jul/2023,4.849646666666667,-0.04161638020724334,
2023-07-14,4.7957,cambio_dolar,2023,7,3,Jul/2023,4.84167,-0.1686165119280547,
2023-07-17,4.8302,cambio_dolar,2023,7,3,Jul/2023,4.837483333333333,0.719394457534861,
2023-07-18,4.804,cambio_dolar,2023,7,3,Jul/2023,4.833496666666666,-0.5424206037016988,
2023-07-19,4.8,cambio_dolar,2023,7,3,Jul/2023,4.82919,-0.08326394671108739,
2023-07-20,4.7888,cambio_dolar,2023,7,3,Jul/2023,4.8250866666666665,-0.23333333333332984,
2023-07-21,4.7732,cambio_dolar,2023,7,3,Jul/2023,4.82112,-0.32576010691613977,
2023-07-24,4.7457,cambio_dolar,2023,7,3,Jul/2023,4.816536666666667,-0.5761334115478078,
2023-07-25,4.7496,cambio_dolar,2023,7,3,Jul/2023,4.81308,0.08217965737404853,
2023-07-26,4.7368,cambio_dolar,2023,7,3,Jul/2023,4.809433333333333,-0.2694963786424198,
2023-07-27,4.7202,cambio_dolar,2023,7,3,Jul/2023,4.806033333333333,-0.35044755953385076,
2023-07-28,4.7253,cambio_dolar,2023,7,3,Jul/2023,4.8025899999999995,0.1080462692258699,
2023-07-31,4.7415,cambio_dolar,2023,7,3,Jul/2023,4.801296666666667,0.34283537553172483,
2023-08-01,4.7752,cambio_dolar,2023,8,3,Aug/2023,4.800703333333334,0.710745544658864,
2023-08-02,4.8083,cambio_dolar,2023,8,3,Aug/2023,4.801663333333334,0.6931646842017081,
2023-08-03,4.8797,cambio_dolar,2023,8,3,Aug/2023,4.805153333333333,1.4849323045567075,
2023-08-04,4.8609,cambio_dolar,2023,8,3,Aug/2023,4.807853333333332,-0.3852695862450517,
2023-08-07,4.901,cambio_dolar,2023,8,3,Aug/2023,4.812226666666666,0.8249501121191605,
2023-08-08,4.9217,cambio_dolar,2023,8,3,Aug/2023,4.816606666666668,0.422362783105501,
2023-08-09,4.9015,cambio_dolar,2023,8,3,Aug/2023,4.818113333333334,-0.4104272913830531,
2023-08-10,4.8518,cambio_dolar,2023,8,3,Aug/2023,4.817893333333333,-1.0139753136794938,
2023-08-11,4.8918,cambio_dolar,2023,8,3,Aug/2023,4.820313333333333,0.8244362916855597,
2023-08-14,4.9481,cambio_dolar,2023,8,3,Aug/2023,4.825663333333334,1.1509055971217208,
2023-08-15,4.9812,cambio_dolar,2023,8,3,Aug/2023,4.831516666666667,0.6689436349305744,
2023-08-16,4.9772,cambio_dolar,2023,8,3,Aug/2023,4.8355,-0.08030193527664986,
2023-08-17,4.9816,cambio_dolar,2023,8,3,Aug/2023,4.8382966666666665,0.08840311821909363,
2023-08-18,4.9724,cambio_dolar,2023,8,3,Aug/2023,4.84138,-0.18467962100530144,
2023-08-21,4.9847,cambio_dolar,2023,8,3,Aug/2023,4.845086666666666,0.24736545732442217,
2023-08-22,4.9431,cambio_dolar,2023,8,3,Aug/2023,4.846693333333333,-0.8345537344273457,
2023-08-23,4.8977,cambio_dolar,2023,8,3,Aug/2023,4.849756666666667,-0.9184519835730542,
2023-08-24,4.8748,cambio_dolar,2023,8,3,Aug/2023,4.852123333333333,-0.4675664087224751,
2023-08-25,4.8772,cambio_dolar,2023,8,3,Aug/2023,4.85484,0.04923278903750106,
2023-08-28,4.8938,cambio_dolar,2023,8,3,Aug/2023,4.856960000000001,0.34035922250470474,
2023-08-29,4.8706,cambio_dolar,2023,8,3,Aug/2023,4.85918,-0.4740692304548655,
2023-08-30,4.8653,cambio_dolar,2023,8,3,Aug/2023,4.8613566666666665,-0.10881616227979007,
2023-08-31,4.9219,cambio_dolar,2023,8,3,Aug/2023,4.8657933333333325,1.1633403901095463,
2023-09-01,4.9318,cambio_dolar,2023,9,3,Sep/2023,4.87108,0.20114183547004227,
2023-09-04,4.9176,cambio_dolar,2023,9,3,Sep/2023,4.87681,-0.2879273287643369,
2023-09-05,4.9705,cambio_dolar,2023,9,3,Sep/2023,4.884173333333334,1.0757279973971023,
2023-09-06,4.9762,cambio_dolar,2023,9,3,Sep/2023,4.892153333333335,0.11467659189217105,
2023-09-08,4.9835,cambio_dolar,2023,9,3,Sep/2023,4.900930000000001,0.146698283831026,
2023-09-11,4.9366,cambio_dolar,2023,9,3,Sep/2023,4.9079733333333335,-0.9411056486405167,
2023-09-12,4.9505,cambio_dolar,2023,9,3,Sep/2023,4.9149400000000005,0.28157031155044976,
2023-09-13,4.9171,cambio_dolar,2023,9,3,Sep/2023,4.919669999999999,-0.6746793253206818,
2023-09-14,4.8751,cambio_dolar,2023,9,3,Sep/2023,4.921896666666666,-0.8541620060604771,
2023-09-15,4.8689,cambio_dolar,2023,9,3,Sep/2023,4.9215366666666664,-0.12717687842299652,
2023-09-18,4.8535,cambio_dolar,2023,9,3,Sep/2023,4.92129,-0.31629320791143334,
2023-09-19,4.8575,cambio_dolar,2023,9,3,Sep/2023,4.91984,0.08241475224064487,
2023-09-20,4.8487,cambio_dolar,2023,9,3,Sep/2023,4.9174066666666665,-0.18116314976839298,
2023-09-21,4.9229,cambio_dolar,2023,9,3,Sep/2023,4.91812,1.5303070926227624,
2023-09-22,4.9131,cambio_dolar,2023,9,3,Sep/2023,4.920163333333333,-0.19906965406569777,
2023-09-25,4.9606,cambio_dolar,2023,9,3,Sep/2023,4.922456666666666,0.9668030367792291,
2023-09-26,4.9717,cambio_dolar,2023,9,3,Sep/2023,4.923243333333333,0.22376325444501965,
2023-09-27,5.0289,cambio_dolar,2023,9,3,Sep/2023,4.924833333333334,1.150511897338946,
2023-09-28,5.0475,cambio_dolar,2023,9,3,Sep/2023,4.927176666666667,0.3698621965042115,
2023-09-29,5.0076,cambio_dolar,2023,9,3,Sep/2023,4.928043333333333,-0.7904903417533471,
2023-10-02,5.0679,cambio_dolar,2023,10,4,Oct/2023,4.931226666666666,1.2041696621135856,
2023-10-03,5.11,cambio_dolar,2023,10,4,Oct/2023,4.935403333333334,0.8307188381775577,
2023-10-04,5.1526,cambio_dolar,2023,10,4,Oct/2023,4.942386666666667,0.8336594911937167,
2023-10-05,5.1713,cambio_dolar,2023,10,4,Oct/2023,4.951506666666666,0.36292357256531016,
2023-10-06,5.1918,cambio_dolar,2023,10,4,Oct/2023,4.962073333333334,0.3964186954924287,
2023-10-09,5.1666,cambio_dolar,2023,10,4,Oct/2023,4.97172,-0.48538079278862556,
2023-10-10,5.0862,cambio_dolar,2023,10,4,Oct/2023,4.978133333333333,-1.5561491116014459,
2023-10-11,5.0496,cambio_dolar,2023,10,4,Oct/2023,4.9841,-0.719594196059925,
2023-10-13,5.0625,cambio_dolar,2023,10,4,Oct/2023,4.9906733333333335,0.25546577946768956,
2023-10-16,5.0618,cambio_dolar,2023,10,4,Oct/2023,4.995336666666668,-0.013827160493828927,
2023-10-17,5.0384,cambio_dolar,2023,10,4,Oct/2023,4.99889,-0.46228614326918605,
2023-10-18,5.0568,cambio_dolar,2023,10,4,Oct/2023,5.0035300000000005,0.3651953000952668,
2023-10-19,5.054,cambio_dolar,2023,10,4,Oct/2023,5.006313333333333,-0.055370985603542255,
2023-10-20,5.0528,cambio_dolar,2023,10,4,Oct/2023,5.008866666666666,-0.02374356944994105,
2023-10-23,5.0164,cambio_dolar,2023,10,4,Oct/2023,5.009963333333333,-0.7203926535782279,
2023-10-24,5.0065,cambio_dolar,2023,10,4,Oct/2023,5.012293333333333,-0.19735268319910348,
2023-10-25,4.9981,cambio_dolar,2023,10,4,Oct/2023,5.0138799999999994,-0.1677818835513878,
2023-10-26,5.0055,cambio_dolar,2023,10,4,Oct/2023,5.016826666666668,0.1480562613793257,
2023-10-27,4.948,cambio_dolar,2023,10,4,Oct/2023,5.019256666666667,-1.1487363899710168,
2023-10-30,5.0074,cambio_dolar,2023,10,4,Oct/2023,5.023873333333333,1.200485044462396,
2023-10-31,5.0575,cambio_dolar,2023,10,4,Oct/2023,5.0306733333333336,1.0005192315373446,
2023-11-01,5.0194,cambio_dolar,2023,11,4,Nov/2023,5.03607,-0.7533366287691523,
2023-11-03,4.891,cambio_dolar,2023,11,4,Nov/2023,5.0374799999999995,-2.55807467027932,
2023-11-06,4.8999,cambio_dolar,2023,11,4,Nov/2023,5.036713333333333,0.18196687793905486,
2023-11-07,4.867,cambio_dolar,2023,11,4,Nov/2023,5.0351766666666675,-0.6714422743321236,
2023-11-08,4.8855,cambio_dolar,2023,11,4,Nov/2023,5.032673333333333,0.38011095130472405,
2023-11-09,4.9007,cambio_dolar,2023,11,4,Nov/2023,5.030306666666666,0.3111247569337783,
2023-11-10,4.9219,cambio_dolar,2023,11,4,Nov/2023,5.02674,0.4325912624727257,
2023-11-13,4.9247,cambio_dolar,2023,11,4,Nov/2023,5.022646666666668,0.05688859993091544,
2023-11-14,4.8682,cambio_dolar,2023,11,4,Nov/2023,5.018000000000001,-1.1472780067821375,
2023-11-16,4.8575,cambio_dolar,2023,11,4,Nov/2023,5.010986666666667,-0.21979376360872216,
2023-11-17,4.8849,cambio_dolar,2023,11,4,Nov/2023,5.003483333333333,0.5640761708697983,
2023-11-20,4.8723,cambio_dolar,2023,11,4,Nov/2023,4.994140000000001,-0.2579377264631866,
2023-11-21,4.8806,cambio_dolar,2023,11,4,Nov/2023,4.98445,0.17035075836873137,
2023-11-22,4.8968,cambio_dolar,2023,11,4,Nov/2023,4.974616666666667,0.3319264024914892,
2023-11-23,4.8931,cambio_dolar,2023,11,4,Nov/2023,4.9655,-0.07555954909329587,
2023-11-24,4.8927,cambio_dolar,2023,11,4,Nov/2023,4.95905,-0.008174776726410649,
2023-11-27,4.8951,cambio_dolar,2023,11,4,Nov/2023,4.9539,0.04905267030475002,
2023-11-28,4.8867,cambio_dolar,2023,11,4,Nov/2023,4.948040000000001,-0.1716001716001725,
2023-11-29,4.8933,cambio_dolar,2023,11,4,Nov/2023,4.942423333333333,0.13506047025599877,
2023-11-30,4.9355,cambio_dolar,2023,11,4,Nov/2023,4.938993333333333,0.8624036948480684,
2023-12-01,4.9191,cambio_dolar,2023,12,4,Dec/2023,4.934403333333333,-0.33228649579576386,
2023-12-04,4.9091,cambio_dolar,2023,12,4,Dec/2023,4.929573333333333,-0.20328921957269985,
2023-12-05,4.9522,cambio_dolar,2023,12,4,Dec/2023,4.92622,0.8779613371086459,
2023-12-06,4.9031,cambio_dolar,2023,12,4,Dec/2023,4.922443333333333,-0.9914785347926225,
2023-12-07,4.8949,cambio_dolar,2023,12,4,Dec/2023,4.918723333333333,-0.16724113316066713,
2023-12-08,4.9158,cambio_dolar,2023,12,4,Dec/2023,4.91598,0.42697501481132605,
2023-12-11,4.944,cambio_dolar,2023,12,4,Dec/2023,4.91393,0.5736604418405955,
2023-12-12,4.9476,cambio_dolar,2023,12,4,Dec/2023,4.913916666666666,0.07281553398059692,
2023-12-13,4.958,cambio_dolar,2023,12,4,Dec/2023,4.91227,0.21020292667150997,
2023-12-14,4.8912,cambio_dolar,2023,12,4,Dec/2023,4.906726666666667,-1.3473174667204435,
2023-12-15,4.9397,cambio_dolar,2023,12,4,Dec/2023,4.904070000000001,0.9915767091920102,
2023-12-18,4.9399,cambio_dolar,2023,12,4,Dec/2023,4.9057,0.004048828876235255,
2023-12-19,4.8663,cambio_dolar,2023,12,4,Dec/2023,4.90458,-1.4899087026053137,
2023-12-20,4.8766,cambio_dolar,2023,12,4,Dec/2023,4.9049,0.21165978258634865,
2023-12-21,4.8755,cambio_dolar,2023,12,4,Dec/2023,4.904566666666667,-0.022556699339704167,
2023-12-22,4.8619,cambio_dolar,2023,12,4,Dec/2023,4.903273333333334,-0.2789457491539249,
2023-12-26,4.8368,cambio_dolar,2023,12,4,Dec/2023,4.900436666666666,-0.5162590756700114,
2023-12-27,4.8306,cambio_dolar,2023,12,4,Dec/2023,4.8972999999999995,-0.12818392325505412,
2023-12-28,4.8413,cambio_dolar,2023,12,4,Dec/2023,4.896403333333334,0.22150457500105247,
2023-12-29,4.8413,cambio_dolar,2023,12,4,Dec/2023,4.895863333333334,0.0,
2024-01-02,4.8916,cambio_dolar,2024,1,1,Jan/2024,4.896086666666667,1.0389771342407927,
2024-01-03,4.9212,cambio_dolar,2024,1,1,Jan/2024,4.897716666666667,0.6051189794750167,
2024-01-04,4.9188,cambio_dolar,2024,1,1,Jan/2024,4.8989899999999995,-0.04876859302608283,
2024-01-05,4.8899,cambio_dolar,2024,1,1,Jan/2024,4.898759999999999,-0.5875416768317487,
2024-01-08,4.885,cambio_dolar,2024,1,1,Jan/2024,4.89849,-0.10020654819117292,
2024-01-09,4.8937,cambio_dolar,2024,1,1,Jan/2024,4.898523333333333,0.1780962128966168,
2024-01-10,4.8901,cambio_dolar,2024,1,1,Jan/2024,4.898356666666667,-0.0735639700022439,
2024-01-11,4.8794,cambio_dolar,2024,1,1,Jan/2024,4.898113333333333,-0.2188094312999711,
2024-01-12,4.8543,cambio_dolar,2024,1,1,Jan/2024,4.896813333333333,-0.514407509119974,
2024-01-15,4.8765,cambio_dolar,2024,1,1,Jan/2024,4.894846666666666,0.4573264940362032,
2024-01-16,4.9038,cambio_dolar,2024,1,1,Jan/2024,4.894336666666667,0.5598277453091383,
2024-01-17,4.9346,cambio_dolar,2024,1,1,Jan/2024,4.895186666666667,0.6280843427545868,
2024-01-18,4.9403,cambio_dolar,2024,1,1,Jan/2024,4.89479,0.11551088234103002,
2024-01-19,4.9223,cambio_dolar,2024,1,1,Jan/2024,4.89543,-0.36435034309656444,
2024-01-22,4.949,cambio_dolar,2024,1,1,Jan/2024,4.897233333333333,0.5424293521321344,
2024-01-23,4.9715,cambio_dolar,2024,1,1,Jan/2024,4.89909,0.45463730046473305,
2024-01-24,4.9192,cambio_dolar,2024,1,1,Jan/2024,4.898263333333333,-1.0519963793623632,
2024-01-25,4.9232,cambio_dolar,2024,1,1,Jan/2024,4.89745,0.0813140348024044,
2024-01-26,4.9125,cambio_dolar,2024,1,1,Jan/2024,4.895933333333334,-0.2173383165420817,
2024-01-29,4.9225,cambio_dolar,2024,1,1,Jan/2024,4.896976666666666,0.20356234096694514,
2024-01-30,4.9638,cambio_dolar,2024,1,1,Jan/2024,4.897779999999999,0.8390045708481342,
2024-01-31,4.9535,cambio_dolar,2024,1,1,Jan/2024,4.898233333333334,-0.20750231677344466,
2024-02-01,4.935,cambio_dolar,2024,2,1,Feb/2024,4.900523333333334,-0.37347330170587334,
2024-02-02,4.9471,cambio_dolar,2024,2,1,Feb/2024,4.902873333333333,0.2451874366768081,
2024-02-05,5.0053,cambio_dolar,2024,2,1,Feb/2024,4.9072000000000005,1.1764468072203993,
2024-02-06,4.9687,cambio_dolar,2024,2,1,Feb/2024,4.91076,-0.7312249016042993,
2024-02-07,4.9608,cambio_dolar,2024,2,1,Feb/2024,4.914893333333334,-0.15899531064463845,
2024-02-08,4.9804,cambio_dolar,2024,2,1,Feb/2024,4.919886666666667,0.39509756490889725,
2024-02-09,4.9717,cambio_dolar,2024,2,1,Feb/2024,4.924233333333333,-0.17468476427596746,
2024-02-14,4.9723,cambio_dolar,2024,2,1,Feb/2024,4.9286,0.012068306615442559,
2024-02-15,4.971,cambio_dolar,2024,2,1,Feb/2024,4.931246666666667,-0.026144842427033854,
2024-02-16,4.9761,cambio_dolar,2024,2,1,Feb/2024,4.9330766666666666,0.1025950512975271,
2024-02-19,4.9585,cambio_dolar,2024,2,1,Feb/2024,4.9344,-0.3536906412652474,
2024-02-20,4.9408,cambio_dolar,2024,2,1,Feb/2024,4.936096666666667,-0.3569627911666706,
2024-02-21,4.9303,cambio_dolar,2024,2,1,Feb/2024,4.937606666666667,-0.21251619170985503,
2024-02-22,4.9419,cambio_dolar,2024,2,1,Feb/2024,4.939213333333333,0.23527980041784247,
2024-02-23,4.9851,cambio_dolar,2024,2,1,Feb/2024,4.94238,0.874157712620649,
2024-02-26,4.9819,cambio_dolar,2024,2,1,Feb/2024,4.945796666666666,-0.06419129004432422,
2024-02-27,4.9575,cambio_dolar,2024,2,1,Feb/2024,4.949236666666667,-0.4897729781810356,
2024-02-28,4.9557,cambio_dolar,2024,2,1,Feb/2024,4.951876666666666,-0.036308623298020315,
2024-02-29,4.9833,cambio_dolar,2024,2,1,Feb/2024,4.954526666666666,0.5569344391306963,
2024-03-01,4.9596,cambio_dolar,2024,3,1,Mar/2024,4.95536,-0.4755884654746856,
2024-03-04,4.9475,cambio_dolar,2024,3,1,Mar/2024,4.9556,-0.24397128800710544,
2024-03-05,4.9488,cambio_dolar,2024,3,1,Mar/2024,4.956483333333334,0.026275896917637986,
2024-03-06,4.9398,cambio_dolar,2024,3,1,Mar/2024,4.956176666666667,-0.18186226964113095,
2024-03-07,4.9364,cambio_dolar,2024,3,1,Mar/2024,4.955006666666667,-0.0688286975181196,
2024-03-08,4.9751,cambio_dolar,2024,3,1,Mar/2024,4.956869999999999,0.7839721254355503,
2024-03-11,4.9777,cambio_dolar,2024,3,1,Mar/2024,4.958686666666667,0.05226025607523166,
2024-03-12,4.9813,cambio_dolar,2024,3,1,Mar/2024,4.96098,0.07232255861142622,
2024-03-13,4.9803,cambio_dolar,2024,3,1,Mar/2024,4.962906666666667,-0.020075080802206546,
2024-03-14,4.9768,cambio_dolar,2024,3,1,Mar/2024,4.9633400000000005,-0.07027689095033818,
2024-03-15,4.9937,cambio_dolar,2024,3,1,Mar/2024,4.9646799999999995,0.3395756309275022,
2024-03-18,5.0124,cambio_dolar,2024,3,1,Mar/2024,4.96726,0.3744718345114917,
2024-03-19,5.0352,cambio_dolar,2024,3,1,Mar/2024,4.970196666666667,0.4548719176442173,
2024-03-20,5.012,cambio_dolar,2024,3,1,Mar/2024,4.970420000000001,-0.4607562758182415,
2024-03-21,4.9807,cambio_dolar,2024,3,1,Mar/2024,4.97082,-0.6245011971268921,
2024-03-22,4.9897,cambio_dolar,2024,3,1,Mar/2024,4.971783333333333,0.1806974923203697,
2024-03-25,4.9869,cambio_dolar,2024,3,1,Mar/2024,4.972,-0.05611559813214484,
2024-03-26,4.987,cambio_dolar,2024,3,1,Mar/2024,4.972510000000001,0.0020052537648584945,
2024-03-27,4.9856,cambio_dolar,2024,3,1,Mar/2024,4.972953333333334,-0.028072989773419987,
2024-03-28,4.9962,cambio_dolar,2024,3,1,Mar/2024,4.973793333333333,0.2126123234916566,
2024-04-01,5.0532,cambio_dolar,2024,4,2,Apr/2024,4.9763633333333335,1.1408670589648118,
2024-04-02,5.0476,cambio_dolar,2024,4,2,Apr/2024,4.979333333333333,-0.11082086598591667,
2024-04-03,5.0724,cambio_dolar,2024,4,2,Apr/2024,4.983720000000001,0.4913226087645661,
2024-04-04,5.0237,cambio_dolar,2024,4,2,Apr/2024,4.986833333333333,-0.9600977840864333,
2024-04-05,5.052,cambio_dolar,2024,4,2,Apr/2024,4.990503333333333,0.5633298166689782,
2024-04-08,5.0421,cambio_dolar,2024,4,2,Apr/2024,4.992403333333333,-0.19596199524940516,
2024-04-09,5.008,cambio_dolar,2024,4,2,Apr/2024,4.993273333333334,-0.6763055076257851,
2024-04-10,5.0654,cambio_dolar,2024,4,2,Apr/2024,4.9968699999999995,1.1461661341853002,
2024-04-11,5.0765,cambio_dolar,2024,4,2,Apr/2024,5.000896666666667,0.2191337308011132,
2024-04-12,5.1364,cambio_dolar,2024,4,2,Apr/2024,5.006,1.1799468137496216,
2024-04-15,5.1746,cambio_dolar,2024,4,2,Apr/2024,5.013166666666667,0.7437115489447921,
2024-04-16,5.2635,cambio_dolar,2024,4,2,Apr/2024,5.023700000000001,1.7180071889614679,
2024-04-17,5.2469,cambio_dolar,2024,4,2,Apr/2024,5.033636666666667,-0.31537950033246887,
2024-04-18,5.2512,cambio_dolar,2024,4,2,Apr/2024,5.044016666666666,0.08195315329051489,
2024-04-19,5.2269,cambio_dolar,2024,4,2,Apr/2024,5.0537,-0.4627513711151776,
2024-04-22,5.2043,cambio_dolar,2024,4,2,Apr/2024,5.0613399999999995,-0.4323786565650689,
2024-04-23,5.1626,cambio_dolar,2024,4,2,Apr/2024,5.067503333333334,-0.8012604961281977,
2024-04-24,5.1592,cambio_dolar,2024,4,2,Apr/2024,5.073433333333333,-0.06585828845930841,
2024-04-25,5.1679,cambio_dolar,2024,4,2,Apr/2024,5.0796866666666665,0.16863079547217996,
2024-04-26,5.1184,cambio_dolar,2024,4,2,Apr/2024,5.084406666666666,-0.9578358714371404,
2024-04-29,5.1155,cambio_dolar,2024,4,2,Apr/2024,5.088466666666666,-0.056658330728354134,
2024-04-30,5.1718,cambio_dolar,2024,4,2,Apr/2024,5.09378,1.1005766787215432,
2024-05-02,5.1184,cambio_dolar,2024,5,2,May/2024,5.096553333333333,-1.0325225260064186,
2024-05-03,5.0668,cambio_dolar,2024,5,2,May/2024,5.09838,-1.0081275398562184,
2024-05-06,5.0727,cambio_dolar,2024,5,2,May/2024,5.101446666666667,0.11644430409727402,
2024-05-07,5.061,cambio_dolar,2024,5,2,May/2024,5.103823333333334,-0.23064640132474112,
2024-05-08,5.0887,cambio_dolar,2024,5,2,May/2024,5.107216666666667,0.5473226635052342,
2024-05-09,5.1577,cambio_dolar,2024,5,2,May/2024,5.112906666666666,1.3559455263623343,
2024-05-10,5.1464,cambio_dolar,2024,5,2,May/2024,5.118266666666666,-0.21908990441475984,
2024-05-13,5.1412,cambio_dolar,2024,5,2,May/2024,5.1231,-0.10104150474116169,
2024-05-14,5.1356,cambio_dolar,2024,5,2,May/2024,5.125846666666666,-0.1089239866179148,
2024-05-15,5.1423,cambio_dolar,2024,5,2,May/2024,5.129003333333333,0.13046187397771636,
2024-05-16,5.127,cambio_dolar,2024,5,2,May/2024,5.130823333333334,-0.29753223265853723,
2024-05-17,5.1157,cambio_dolar,2024,5,2,May/2024,5.13389,-0.2204017944216763,
2024-05-20,5.1085,cambio_dolar,2024,5,2,May/2024,5.135773333333334,-0.14074320229880977,
2024-05-21,5.1037,cambio_dolar,2024,5,2,May/2024,5.137826666666667,-0.09396104531663729,
2024-05-22,5.1502,cambio_dolar,2024,5,2,May/2024,5.142566666666666,0.9111037090738128,
2024-05-23,5.1443,cambio_dolar,2024,5,2,May/2024,5.145196666666667,-0.11455865791618614,
2024-05-24,5.1508,cambio_dolar,2024,5,2,May/2024,5.1476733333333335,0.1263534397293986,
2024-05-27,5.1704,cambio_dolar,2024,5,2,May/2024,5.148806666666667,0.3805234138386293,
2024-05-28,5.1538,cambio_dolar,2024,5,2,May/2024,5.148113333333333,-0.3210583320439331,
2024-05-29,5.1972,cambio_dolar,2024,5,2,May/2024,5.145903333333334,0.8420970934067906,
2024-05-31,5.2416,cambio_dolar,2024,5,2,May/2024,5.145726666666666,0.8543061648579986,
2024-06-03,5.2373,cambio_dolar,2024,6,2,Jun/2024,5.145263333333333,-0.0820360195360137,
2024-06-04,5.2687,cambio_dolar,2024,6,2,Jun/2024,5.146656666666667,0.5995455673724948,
2024-06-05,5.2841,cambio_dolar,2024,6,2,Jun/2024,5.149316666666667,0.2922922162962305,
2024-06-06,5.2681,cambio_dolar,2024,6,2,Jun/2024,5.152833333333333,-0.3027951779867921,
2024-06-07,5.2802,cambio_dolar,2024,6,2,Jun/2024,5.156866666666667,0.2296843264175008,
2024-06-10,5.3666,cambio_dolar,2024,6,2,Jun/2024,5.1634899999999995,1.6363016552403353,
2024-06-11,5.3524,cambio_dolar,2024,6,2,Jun/2024,5.17129,-0.26459956024298403,
2024-06-12,5.3891,cambio_dolar,2024,6,2,Jun/2024,5.18041,0.6856737164636417,
2024-06-13,5.3974,cambio_dolar,2024,6,2,Jun/2024,5.18793,0.15401458499564313,
2024-06-14,5.363,cambio_dolar,2024,6,2,Jun/2024,5.196083333333334,-0.6373439063252606,
2024-06-17,5.413,cambio_dolar,2024,6,2,Jun/2024,5.207623333333333,0.932314003356316,
2024-06-18,5.4074,cambio_dolar,2024,6,2,Jun/2024,5.21878,-0.10345464622206757,
2024-06-19,5.4647,cambio_dolar,2024,6,2,Jun/2024,5.232236666666667,1.059658985834222,
2024-06-20,5.4254,cambio_dolar,2024,6,2,Jun/2024,5.24346,-0.7191611616374161,
2024-06-21,5.4416,cambio_dolar,2024,6,2,Jun/2024,5.252923333333333,0.2985954952630321,
2024-06-24,5.4,cambio_dolar,2024,6,2,Jun/2024,5.261376666666667,-0.7644810349897058,
2024-06-25,5.429,cambio_dolar,2024,6,2,Jun/2024,5.27097,0.5370370370370248,
2024-06-26,5.5097,cambio_dolar,2024,6,2,Jun/2024,5.28344,1.4864615951372118,
2024-06-27,5.5229,cambio_dolar,2024,6,2,Jun/2024,5.296126666666667,0.2395774724576638,
2024-06-28,5.5589,cambio_dolar,2024,6,2,Jun/2024,5.310523333333333,0.6518314653533475,
2024-07-01,5.5893,cambio_dolar,2024,7,3,Jul/2024,5.32631,0.5468707837881448,
2024-07-02,5.6677,cambio_dolar,2024,7,3,Jul/2024,5.34495,1.4026801209453765,
2024-07-03,5.5863,cambio_dolar,2024,7,3,Jul/2024,5.361036666666666,-1.4362086913562888,
2024-07-04,5.4839,cambio_dolar,2024,7,3,Jul/2024,5.37216,-1.8330558688219312,
2024-07-05,5.497,cambio_dolar,2024,7,3,Jul/2024,5.383916666666666,0.23888108827658794,
2024-07-08,5.472,cambio_dolar,2024,7,3,Jul/2024,5.394623333333333,-0.45479352374021564,
2024-07-09,5.4387,cambio_dolar,2024,7,3,Jul/2024,5.403566666666666,-0.6085526315789624,
2024-07-10,5.3967,cambio_dolar,2024,7,3,Jul/2024,5.411663333333333,-0.7722433669810735,
2024-07-11,5.41,cambio_dolar,2024,7,3,Jul/2024,5.418756666666666,0.2464469027368521,
2024-07-12,5.4529,cambio_dolar,2024,7,3,Jul/2024,5.4258,0.792975970425136,
2024-07-15,5.4563,cambio_dolar,2024,7,3,Jul/2024,5.4331,0.06235214289644908,
2024-07-16,5.4274,cambio_dolar,2024,7,3,Jul/2024,5.43839,-0.5296629584150447,
2024-07-17,5.467,cambio_dolar,2024,7,3,Jul/2024,5.444486666666666,0.7296311309282544,
2024-07-18,5.5426,cambio_dolar,2024,7,3,Jul/2024,5.453636666666667,1.3828425096030772,
2024-07-19,5.5543,cambio_dolar,2024,7,3,Jul/2024,5.462773333333333,0.21109226716702345,
2024-07-22,5.5598,cambio_dolar,2024,7,3,Jul/2024,5.469213333333333,0.0990223790576783,
2024-07-23,5.5807,cambio_dolar,2024,7,3,Jul/2024,5.476823333333333,0.3759128026187941,
2024-07-24,5.6346,cambio_dolar,2024,7,3,Jul/2024,5.485006666666666,0.9658286594871557,
2024-07-25,5.6402,cambio_dolar,2024,7,3,Jul/2024,5.493099999999999,0.09938593688993969,
2024-07-26,5.6465,cambio_dolar,2024,7,3,Jul/2024,5.502549999999999,0.11169816673166633,
2024-07-29,5.6479,cambio_dolar,2024,7,3,Jul/2024,5.5103800000000005,0.024794120251492302,
2024-07-30,5.6532,cambio_dolar,2024,7,3,Jul/2024,5.518573333333333,0.0938401883886053,
2024-07-31,5.6621,cambio_dolar,2024,7,3,Jul/2024,5.525153333333333,0.15743295832448823,
2024-08-01,5.6681,cambio_dolar,2024,8,3,Aug/2024,5.533243333333333,0.10596775048128393,
2024-08-02,5.7366,cambio_dolar,2024,8,3,Aug/2024,5.543076666666667,1.2085178454861456,
2024-08-05,5.7646,cambio_dolar,2024,8,3,Aug/2024,5.55523,0.48809399295748346,
2024-08-06,5.6528,cambio_dolar,2024,8,3,Aug/2024,5.56269,-1.9394233771640623,
2024-08-07,5.6093,cambio_dolar,2024,8,3,Aug/2024,5.56601,-0.7695301443532365,
2024-08-08,5.6172,cambio_dolar,2024,8,3,Aug/2024,5.569153333333333,0.1408375376606763,
2024-08-09,5.5115,cambio_dolar,2024,8,3,Aug/2024,5.567573333333333,-1.8817204301075363,
2024-08-12,5.4911,cambio_dolar,2024,8,3,Aug/2024,5.564299999999999,-0.37013517191326617,
2024-08-13,5.4875,cambio_dolar,2024,8,3,Aug/2024,5.558293333333333,-0.06556063448126537,
2024-08-14,5.4502,cambio_dolar,2024,8,3,Aug/2024,5.553756666666667,-0.6797266514806388,
2024-08-15,5.4651,cambio_dolar,2024,8,3,Aug/2024,5.5531299999999995,0.2733844629554838,
2024-08-16,5.4632,cambio_dolar,2024,8,3,Aug/2024,5.552003333333333,-0.0347660610052869,
2024-08-19,5.4237,cambio_dolar,2024,8,3,Aug/2024,5.550393333333333,-0.7230194757651076,
2024-08-20,5.4547,cambio_dolar,2024,8,3,Aug/2024,5.550926666666666,0.5715655364419092,
2024-08-21,5.4707,cambio_dolar,2024,8,3,Aug/2024,5.553393333333333,0.2933250224576911,
2024-08-22,5.5524,cambio_dolar,2024,8,3,Aug/2024,5.55814,1.4934103496810236,
2024-08-23,5.5263,cambio_dolar,2024,8,3,Aug/2024,5.560586666666667,-0.4700669980548855,
2024-08-26,5.4921,cambio_dolar,2024,8,3,Aug/2024,5.561780000000001,-0.6188589110254661,
2024-08-27,5.4969,cambio_dolar,2024,8,3,Aug/2024,5.564096666666667,0.08739826295953712,
2024-08-28,5.5315,cambio_dolar,2024,8,3,Aug/2024,5.566246666666666,0.6294456875693522,
2024-08-29,5.6358,cambio_dolar,2024,8,3,Aug/2024,5.569353333333334,1.885564494260139,
2024-08-30,5.6562,cambio_dolar,2024,8,3,Aug/2024,5.572749999999999,0.36197168103908606,
2024-09-02,5.623,cambio_dolar,2024,9,3,Sep/2024,5.574856666666666,-0.5869665146211234,
2024-09-03,5.6224,cambio_dolar,2024,9,3,Sep/2024,5.576246666666667,-0.010670460608219745,
2024-09-04,5.6359,cambio_dolar,2024,9,3,Sep/2024,5.57629,0.24011098463290192,
2024-09-05,5.6049,cambio_dolar,2024,9,3,Sep/2024,5.575113333333333,-0.5500452456573157,
2024-09-06,5.5702,cambio_dolar,2024,9,3,Sep/2024,5.57257,-0.6191011436421645,
2024-09-09,5.6097,cambio_dolar,2024,9,3,Sep/2024,5.571296666666666,0.7091307313920492,
2024-09-10,5.6254,cambio_dolar,2024,9,3,Sep/2024,5.57037,0.279872363941025,
2024-09-11,5.6387,cambio_dolar,2024,9,3,Sep/2024,5.569590000000001,0.2364276318128411,
2024-09-12,5.6554,cambio_dolar,2024,9,3,Sep/2024,5.569166666666666,0.29616755635164527,
2024-09-13,5.5717,cambio_dolar,2024,9,3,Sep/2024,5.56367,-1.4800014145772256,
2024-09-16,5.5207,cambio_dolar,2024,9,3,Sep/2024,5.555539999999999,-0.9153400218963714,
2024-09-17,5.501,cambio_dolar,2024,9,3,Sep/2024,5.550479999999999,-0.35683880667305434,
2024-09-18,5.4767,cambio_dolar,2024,9,3,Sep/2024,5.54606,-0.441737865842573,
2024-09-19,5.4189,cambio_dolar,2024,9,3,Sep/2024,5.5394499999999995,-1.0553800646374678,
2024-09-20,5.4775,cambio_dolar,2024,9,3,Sep/2024,5.538316666666666,1.0814002841905257,
2024-09-23,5.5446,cambio_dolar,2024,9,3,Sep/2024,5.540099999999999,1.2250114103149246,
2024-09-24,5.4702,cambio_dolar,2024,9,3,Sep/2024,5.539523333333333,-1.3418461205497167,
2024-09-25,5.4736,cambio_dolar,2024,9,3,Sep/2024,5.540303333333333,0.06215494863075488,
2024-09-26,5.4412,cambio_dolar,2024,9,3,Sep/2024,5.539506666666667,-0.5919321835720526,
2024-09-27,5.4431,cambio_dolar,2024,9,3,Sep/2024,5.538836666666667,0.034918767918834526,
2024-09-30,5.4481,cambio_dolar,2024,9,3,Sep/2024,5.53965,0.09185941834615186,
2024-10-01,5.4521,cambio_dolar,2024,10,4,Oct/2024,5.539563333333334,0.0734200914080052,
2024-10-02,5.4305,cambio_dolar,2024,10,4,Oct/2024,5.538223333333334,-0.3961776196327871,
2024-10-03,5.485,cambio_dolar,2024,10,4,Oct/2024,5.5359766666666665,1.0035908295737084,
2024-10-04,5.4686,cambio_dolar,2024,10,4,Oct/2024,5.5340533333333335,-0.2989972652689188,
2024-10-07,5.4626,cambio_dolar,2024,10,4,Oct/2024,5.5330699999999995,-0.10971729510295125,
2024-10-08,5.5197,cambio_dolar,2024,10,4,Oct/2024,5.53383,1.045289788745296,
2024-10-09,5.5737,cambio_dolar,2024,10,4,Oct/2024,5.535236666666667,0.9783140388064382,
2024-10-10,5.5819,cambio_dolar,2024,10,4,Oct/2024,5.53344,0.1471195076879095,
2024-10-11,5.6263,cambio_dolar,2024,10,4,Oct/2024,5.532443333333334,0.7954280800444247,
2024-10-14,5.6045,cambio_dolar,2024,10,4,Oct/2024,5.531826666666666,-0.3874660078559633,
2024-10-15,5.6378,cambio_dolar,2024,10,4,Oct/2024,5.5323400000000005,0.5941654028013277,
2024-10-16,5.6749,cambio_dolar,2024,10,4,Oct/2024,5.53364,0.65805810777253,
2024-10-17,5.6758,cambio_dolar,2024,10,4,Oct/2024,5.536003333333334,0.0158593102962179,
2024-10-18,5.6672,cambio_dolar,2024,10,4,Oct/2024,5.5392366666666675,-0.15152049050353167,
2024-10-21,5.7068,cambio_dolar,2024,10,4,Oct/2024,5.542473333333334,0.6987577639751663,
2024-10-22,5.6958,cambio_dolar,2024,10,4,Oct/2024,5.54482,-0.19275250578257852,
2024-10-23,5.7149,cambio_dolar,2024,10,4,Oct/2024,5.547359999999999,0.3353348081042151,
2024-10-24,5.7087,cambio_dolar,2024,10,4,Oct/2024,5.5491366666666675,-0.10848833750370934,
2024-10-25,5.6969,cambio_dolar,2024,10,4,Oct/2024,5.55331,-0.20670205125510321,
2024-10-28,5.6988,cambio_dolar,2024,10,4,Oct/2024,5.559246666666667,0.03335147185310472,
2024-10-29,5.714,cambio_dolar,2024,10,4,Oct/2024,5.566346666666667,0.26672281883906024,
2024-10-30,5.7801,cambio_dolar,2024,10,4,Oct/2024,5.57646,1.1568078403920046,
2024-10-31,5.7779,cambio_dolar,2024,10,4,Oct/2024,5.588426666666667,-0.03806162523140033,
2024-11-01,5.8073,cambio_dolar,2024,11,4,Nov/2024,5.59942,0.5088353900206011,
2024-11-04,5.7898,cambio_dolar,2024,11,4,Nov/2024,5.607593333333333,-0.30134485905670694,
2024-11-05,5.7846,cambio_dolar,2024,11,4,Nov/2024,5.618073333333333,-0.08981311962416028,
2024-11-06,5.7648,cambio_dolar,2024,11,4,Nov/2024,5.6277800000000004,-0.3422881443833625,
2024-11-07,5.6624,cambio_dolar,2024,11,4,Nov/2024,5.635153333333333,-1.776297529836257,
2024-11-08,5.7648,cambio_dolar,2024,11,4,Nov/2024,5.645876666666667,1.8084204577564433,
2024-11-11,5.798,cambio_dolar,2024,11,4,Nov/2024,5.65754,0.5759089647515925,
2024-11-12,5.7694,cambio_dolar,2024,11,4,Nov/2024,5.668116666666666,-0.4932735426008916,
2024-11-13,5.7713,cambio_dolar,2024,11,4,Nov/2024,5.679476666666667,0.03293236731722882,
2024-11-14,5.7885,cambio_dolar,2024,11,4,Nov/2024,5.689593333333334,0.29802644118308574,
2024-11-18,5.7603,cambio_dolar,2024,11,4,Nov/2024,5.699316666666666,-0.48717284270536343,
2024-11-19,5.7743,cambio_dolar,2024,11,4,Nov/2024,5.7097066666666665,0.24304289707133275,
2024-11-21,5.8173,cambio_dolar,2024,11,4,Nov/2024,5.719626666666667,0.7446790087110244,
2024-11-22,5.8124,cambio_dolar,2024,11,4,Nov/2024,5.727583333333333,-0.0842315163391949,
2024-11-25,5.8002,cambio_dolar,2024,11,4,Nov/2024,5.73486,-0.2098960842337072,
2024-11-26,5.799,cambio_dolar,2024,11,4,Nov/2024,5.740616666666666,-0.020688941760627078,
2024-11-27,5.8291,cambio_dolar,2024,11,4,Nov/2024,5.748103333333334,0.5190550094843926,
2024-11-28,5.9871,cambio_dolar,2024,11,4,Nov/2024,5.759746666666667,2.710538505086535,
2024-11-29,6.0535,cambio_dolar,2024,11,4,Nov/2024,5.7723666666666675,1.1090511265888336,
2024-12-02,6.0634,cambio_dolar,2024,12,4,Dec/2024,5.785286666666667,0.16354175270505422,
2024-12-03,6.0707,cambio_dolar,2024,12,4,Dec/2024,5.798736666666667,0.12039449813636693,
2024-12-04,6.0581,cambio_dolar,2024,12,4,Dec/2024,5.8104466666666665,-0.20755431828290982,
2024-12-05,5.9849,cambio_dolar,2024,12,4,Dec/2024,5.820083333333334,-1.2082996318977912,
2024-12-06,6.0293,cambio_dolar,2024,12,4,Dec/2024,5.830563333333334,0.7418670320306076,
2024-12-09,6.057,cambio_dolar,2024,12,4,Dec/2024,5.842173333333333,0.45942315028280056,
2024-12-10,6.0529,cambio_dolar,2024,12,4,Dec/2024,5.8540399999999995,-0.06769027571404962,
2024-12-11,6.032,cambio_dolar,2024,12,4,Dec/2024,5.865146666666666,-0.3452890350080118,
2024-12-12,5.9408,cambio_dolar,2024,12,4,Dec/2024,5.872706666666667,-1.511936339522546,
2024-12-13,6.04,cambio_dolar,2024,12,4,Dec/2024,5.88137,1.6698087799623007,
2024-12-16,6.0509,cambio_dolar,2024,12,4,Dec/2024,5.89047,0.18046357615895126,
2024-12-17,6.1685,cambio_dolar,2024,12,4,Dec/2024,5.90251,1.9435125353253202,
2024-12-18,6.1624,cambio_dolar,2024,12,4,Dec/2024,5.91493,-0.09888951933209045,
2024-12-19,6.1841,cambio_dolar,2024,12,4,Dec/2024,5.928246666666666,0.35213553161106415,
2024-12-20,6.078,cambio_dolar,2024,12,4,Dec/2024,5.9386866666666664,-1.7156902378680727,
2024-12-23,6.1612,cambio_dolar,2024,12,4,Dec/2024,5.955313333333334,1.368871339256339,
2024-12-24,6.1541,cambio_dolar,2024,12,4,Dec/2024,5.96829,-0.11523729143674277,
2024-12-26,6.1656,cambio_dolar,2024,12,4,Dec/2024,5.980543333333332,0.18686729172423533,
2024-12-27,6.1991,cambio_dolar,2024,12,4,Dec/2024,5.994866666666667,0.5433372258985214,
2024-12-30,6.1923,cambio_dolar,2024,12,4,Dec/2024,6.0089,-0.1096933425819735,
2024-12-31,6.1923,cambio_dolar,2024,12,4,Dec/2024,6.022360000000001,0.0,
2025-01-02,6.2086,cambio_dolar,2025,1,1,Jan/2025,6.037303333333333,0.26323014065854355,
2025-01-03,6.1563,cambio_dolar,2025,1,1,Jan/2025,6.050036666666667,-0.8423799246206842,
2025-01-06,6.1119,cambio_dolar,2025,1,1,Jan/2025,6.059856666666667,-0.7212124165488887,
2025-01-07,6.0741,cambio_dolar,2025,1,1,Jan/2025,6.06858,-0.6184656162568247,
2025-01-08,6.1321,cambio_dolar,2025,1,1,Jan/2025,6.079643333333333,0.954873973098902,
2025-01-09,6.0896,cambio_dolar,2025,1,1,Jan/2025,6.08933,-0.6930741507803262,
2025-01-10,6.0965,cambio_dolar,2025,1,1,Jan/2025,6.0982433333333335,0.11330793483972368,
2025-01-13,6.1079,cambio_dolar,2025,1,1,Jan/2025,6.102270000000001,0.18699253670138027,
2025-01-14,6.0671,cambio_dolar,2025,1,1,Jan/2025,6.102723333333333,-0.6679873606313169,
2025-01-15,6.0377,cambio_dolar,2025,1,1,Jan/2025,6.101866666666666,-0.48458077170311364,
2025-01-16,6.0322,cambio_dolar,2025,1,1,Jan/2025,6.100583333333334,-0.0910942908723622,
2025-01-17,6.0609,cambio_dolar,2025,1,1,Jan/2025,6.100676666666667,0.4757799807698859,
2025-01-20,6.0498,cambio_dolar,2025,1,1,Jan/2025,6.10284,-0.183141117655794,
2025-01-21,6.044,cambio_dolar,2025,1,1,Jan/2025,6.10333,-0.09587093788225864,
2025-01-22,5.9674,cambio_dolar,2025,1,1,Jan/2025,6.100343333333333,-1.2673726009265418,
2025-01-23,5.9399,cambio_dolar,2025,1,1,Jan/2025,6.0965766666666665,-0.46083721553775714,
2025-01-24,5.8925,cambio_dolar,2025,1,1,Jan/2025,6.091926666666667,-0.7979932322092931,
2025-01-27,5.9272,cambio_dolar,2025,1,1,Jan/2025,6.091473333333334,0.5888841747984763,
2025-01-28,5.893,cambio_dolar,2025,1,1,Jan/2025,6.086573333333334,-0.5770009447968683,
2025-01-29,5.8596,cambio_dolar,2025,1,1,Jan/2025,6.080196666666667,-0.5667741388087455,
2025-01-30,5.9006,cambio_dolar,2025,1,1,Jan/2025,6.071266666666667,0.6997064646050877,
2025-01-31,5.8301,cambio_dolar,2025,1,1,Jan/2025,6.06019,-1.1947937497881589,
2025-02-03,5.8687,cambio_dolar,2025,2,1,Feb/2025,6.0496766666666675,0.6620812679027699,
2025-02-04,5.7927,cambio_dolar,2025,2,1,Feb/2025,6.040166666666667,-1.295005708248842,
2025-02-05,5.7997,cambio_dolar,2025,2,1,Feb/2025,6.028116666666667,0.1208417490979885,
2025-02-06,5.7856,cambio_dolar,2025,2,1,Feb/2025,6.015833333333333,-0.2431160232425844,
2025-02-07,5.7557,cambio_dolar,2025,2,1,Feb/2025,6.002169999999999,-0.5168003318584025,
2025-02-10,5.7808,cambio_dolar,2025,2,1,Feb/2025,5.988226666666666,0.4360894417707595,
2025-02-11,5.7788,cambio_dolar,2025,2,1,Feb/2025,5.974443333333334,-0.03459728757264635,
2025-02-12,5.7711,cambio_dolar,2025,2,1,Feb/2025,5.960403333333333,-0.13324565653770604,
2025-02-13,5.7788,cambio_dolar,2025,2,1,Feb/2025,5.9460766666666665,0.13342343747293484,
2025-02-14,5.7283,cambio_dolar,2025,2,1,Feb/2025,5.93181,-0.8738838513186242,
2025-02-17,5.7105,cambio_dolar,2025,2,1,Feb/2025,5.91843,-0.31073791526282646,
2025-02-18,5.6979,cambio_dolar,2025,2,1,Feb/2025,5.90589,-0.22064617809298692,
2025-02-19,5.7087,cambio_dolar,2025,2,1,Feb/2025,5.891776666666667,0.1895435160322423,
2025-02-20,5.7019,cambio_dolar,2025,2,1,Feb/2025,5.878853333333334,-0.11911643631650204,
2025-02-21,5.7027,cambio_dolar,2025,2,1,Feb/2025,5.865726666666665,0.014030410915655267,
2025-02-24,5.7258,cambio_dolar,2025,2,1,Feb/2025,5.85299,0.4050712820242941,
2025-02-25,5.7779,cambio_dolar,2025,2,1,Feb/2025,5.84335,0.909916518215792,
2025-02-26,5.7757,cambio_dolar,2025,2,1,Feb/2025,5.834616666666666,-0.038076117620589045,
2025-02-27,5.8228,cambio_dolar,2025,2,1,Feb/2025,5.827636666666666,0.8154855688488061,
2025-02-28,5.8488,cambio_dolar,2025,2,1,Feb/2025,5.820566666666667,0.4465205742941514,
2025-03-05,5.7914,cambio_dolar,2025,3,1,Mar/2025,5.811953333333333,-0.981397893585001,
2025-03-06,5.7489,cambio_dolar,2025,3,1,Mar/2025,5.802116666666667,-0.7338467382670966,
2025-03-07,5.7688,cambio_dolar,2025,3,1,Mar/2025,5.795496666666667,0.34615317712953786,
2025-03-10,5.793,cambio_dolar,2025,3,1,Mar/2025,5.7905999999999995,0.4194979891831929,
2025-03-11,5.8346,cambio_dolar,2025,3,1,Mar/2025,5.78867,0.7181080614534707,
2025-03-12,5.8268,cambio_dolar,2025,3,1,Mar/2025,5.785323333333333,-0.13368525691563882,
2025-03-13,5.8131,cambio_dolar,2025,3,1,Mar/2025,5.782659999999999,-0.2351204777922722,
2025-03-14,5.7419,cambio_dolar,2025,3,1,Mar/2025,5.778736666666666,-1.2248198035471614,
2025-03-17,5.7082,cambio_dolar,2025,3,1,Mar/2025,5.7723233333333335,-0.5869137393545776,
2025-03-18,5.6852,cambio_dolar,2025,3,1,Mar/2025,5.767493333333333,-0.40292911951227417,
2025-03-19,5.6657,cambio_dolar,2025,3,1,Mar/2025,5.760726666666667,-0.34299584887075296,
2025-03-20,5.6628,cambio_dolar,2025,3,1,Mar/2025,5.756396666666666,-0.05118520218155842,
2025-03-21,5.7241,cambio_dolar,2025,3,1,Mar/2025,5.753876666666667,1.0825033552306351,
2025-03-24,5.7403,cambio_dolar,2025,3,1,Mar/2025,5.752366666666666,0.28301392358625055,
2025-03-25,5.6992,cambio_dolar,2025,3,1,Mar/2025,5.750483333333333,-0.7159904534606243,
2025-03-26,5.7298,cambio_dolar,2025,3,1,Mar/2025,5.748783333333334,0.5369174620999395,
2025-03-27,5.7474,cambio_dolar,2025,3,1,Mar/2025,5.7477366666666665,0.30716604419001037,
2025-03-28,5.766,cambio_dolar,2025,3,1,Mar/2025,5.747566666666667,0.3236245954692629,
2025-03-31,5.7422,cambio_dolar,2025,3,1,Mar/2025,5.746346666666667,-0.41276448144293987,
2025-04-01,5.7051,cambio_dolar,2025,4,2,Apr/2025,5.745573333333334,-0.6460938316324882,
2025-04-02,5.6923,cambio_dolar,2025,4,2,Apr/2025,5.7449666666666666,-0.22436065976055852,
2025-04-03,5.6067,cambio_dolar,2025,4,2,Apr/2025,5.741926666666667,-1.5037858159267836,
2025-04-04,5.7777,cambio_dolar,2025,4,2,Apr/2025,5.744226666666666,3.049922414254369,
2025-04-07,5.8877,cambio_dolar,2025,4,2,Apr/2025,5.750420000000001,1.903871782889377,
2025-04-08,5.9368,cambio_dolar,2025,4,2,Apr/2025,5.7582233333333335,0.8339419467703779,
2025-04-09,6.0605,cambio_dolar,2025,4,2,Apr/2025,5.76938,2.0836140681848914,
2025-04-10,5.9115,cambio_dolar,2025,4,2,Apr/2025,5.773833333333333,-2.458543024502924,
2025-04-11,5.8737,cambio_dolar,2025,4,2,Apr/2025,5.777100000000001,-0.6394316163410241,
2025-04-14,5.8425,cambio_dolar,2025,4,2,Apr/2025,5.777756666666667,-0.5311813677920219,
2025-04-15,5.8707,cambio_dolar,2025,4,2,Apr/2025,5.778486666666667,0.48267008985878324,
2025-04-16,5.8808,cambio_dolar,2025,4,2,Apr/2025,5.781466666666668,0.1720408128502493,
2025-04-17,5.8559,cambio_dolar,2025,4,2,Apr/2025,5.785033333333333,-0.42341178071010344,
2025-04-22,5.7496,cambio_dolar,2025,4,2,Apr/2025,5.784393333333333,-1.8152632387848144,
2025-04-23,5.688,cambio_dolar,2025,4,2,Apr/2025,5.780893333333334,-1.0713788785306821,
2025-04-24,5.6738,cambio_dolar,2025,4,2,Apr/2025,5.775533333333333,-0.24964838255977506,
2025-04-25,5.6846,cambio_dolar,2025,4,2,Apr/2025,5.770793333333333,0.1903486199724913,
2025-04-28,5.6681,cambio_dolar,2025,4,2,Apr/2025,5.765960000000001,-0.2902578897371777,
2025-04-29,5.6467,cambio_dolar,2025,4,2,Apr/2025,5.762786666666667,-0.3775515604876434,
2025-04-30,5.6608,cambio_dolar,2025,4,2,Apr/2025,5.761206666666666,0.24970336656808811,
2025-05-02,5.6394,cambio_dolar,2025,5,2,May/2025,5.75968,-0.3780384397964909,
2025-05-05,5.652,cambio_dolar,2025,5,2,May/2025,5.759223333333334,0.22342802425789898,
2025-05-06,5.721,cambio_dolar,2025,5,2,May/2025,5.761163333333332,1.220806794055207,
2025-05-07,5.7375,cambio_dolar,2025,5,2,May/2025,5.76161,0.2884111169376036,
2025-05-08,5.686,cambio_dolar,2025,5,2,May/2025,5.7598,-0.8976034858387827,
2025-05-09,5.6511,cambio_dolar,2025,5,2,May/2025,5.758196666666667,-0.6137882518466475,
2025-05-12,5.6822,cambio_dolar,2025,5,2,May/2025,5.756609999999999,0.5503353329440408,
2025-05-13,5.6262,cambio_dolar,2025,5,2,May/2025,5.75257,-0.9855337721305091,
2025-05-14,5.61,cambio_dolar,2025,5,2,May/2025,5.747370000000001,-0.28793857310439597,
2025-05-15,5.6328,cambio_dolar,2025,5,2,May/2025,5.743723333333333,0.4064171122994509,
2025-05-16,5.6925,cambio_dolar,2025,5,2,May/2025,5.743303333333333,1.0598636557307195,
2025-05-19,5.6591,cambio_dolar,2025,5,2,May/2025,5.7421966666666675,-0.5867369345630258,
2025-05-20,5.662,cambio_dolar,2025,5,2,May/2025,5.74404,0.05124489759855688,
2025-05-21,5.6571,cambio_dolar,2025,5,2,May/2025,5.74002,-0.08654185800071046,
2025-05-22,5.639,cambio_dolar,2025,5,2,May/2025,5.73173,-0.3199519188276656,
2025-05-23,5.6932,cambio_dolar,2025,5,2,May/2025,5.72361,0.9611633268310049,
2025-05-26,5.6619,cambio_dolar,2025,5,2,May/2025,5.710323333333333,-0.5497786833415286,
2025-05-27,5.6539,cambio_dolar,2025,5,2,May/2025,5.701736666666666,-0.14129532489093322,
2025-05-28,5.6936,cambio_dolar,2025,5,2,May/2025,5.695733333333333,0.7021701834132088,
2025-05-29,5.6559,cambio_dolar,2025,5,2,May/2025,5.689513333333333,-0.6621469720387796,
2025-05-30,5.7087,cambio_dolar,2025,5,2,May/2025,5.6841133333333325,0.9335384288972737,
2025-06-02,5.6937,cambio_dolar,2025,6,2,Jun/2025,5.677876666666666,-0.2627568448158146,
2025-06-03,5.6694,cambio_dolar,2025,6,2,Jun/2025,5.67166,-0.426787501975856,
2025-06-04,5.6332,cambio_dolar,2025,6,2,Jun/2025,5.66778,-0.6385155395632669,
2025-06-05,5.5969,cambio_dolar,2025,6,2,Jun/2025,5.664743333333333,-0.6443939501526774,
2025-06-06,5.5947,cambio_dolar,2025,6,2,Jun/2025,5.662106666666667,-0.03930747378013688,
2025-06-09,5.576,cambio_dolar,2025,6,2,Jun/2025,5.658486666666667,-0.3342449103615919,
2025-06-10,5.5557,cambio_dolar,2025,6,2,Jun/2025,5.65474,-0.3640602582496322,
2025-06-11,5.539,cambio_dolar,2025,6,2,Jun/2025,5.6511499999999995,-0.3005921846031989,
2025-06-12,5.5388,cambio_dolar,2025,6,2,Jun/2025,5.647083333333333,-0.003610760064987062,
2025-06-13,5.5652,cambio_dolar,2025,6,2,Jun/2025,5.64461,0.4766375388170596,
2025-06-16,5.5123,cambio_dolar,2025,6,2,Jun/2025,5.639953333333334,-0.9505498454682737,
2025-06-17,5.4773,cambio_dolar,2025,6,2,Jun/2025,5.63183,-0.634943671425725,
2025-06-18,5.4879,cambio_dolar,2025,6,2,Jun/2025,5.62351,0.19352600733939518,
2025-06-20,5.4957,cambio_dolar,2025,6,2,Jun/2025,5.617166666666666,0.14213086973160483,
2025-06-23,5.5213,cambio_dolar,2025,6,2,Jun/2025,5.61284,0.4658187310078832,
2025-06-24,5.4938,cambio_dolar,2025,6,2,Jun/2025,5.606560000000001,-0.49807110644232155,
2025-06-25,5.5427,cambio_dolar,2025,6,2,Jun/2025,5.603776666666667,0.8900942881065799,
2025-06-26,5.5145,cambio_dolar,2025,6,2,Jun/2025,5.600593333333333,-0.5087773106969506,
2025-06-27,5.4759,cambio_dolar,2025,6,2,Jun/2025,5.595363333333334,-0.6999727989844939,
2025-06-30,5.4571,cambio_dolar,2025,6,2,Jun/2025,5.587516666666667,-0.3433225588487798,
2025-07-01,5.4511,cambio_dolar,2025,7,3,Jul/2025,5.580583333333333,-0.10994850744899809,
2025-07-02,5.4512,cambio_dolar,2025,7,3,Jul/2025,5.573556666666666,0.0018344921208557352,
2025-07-03,5.4208,cambio_dolar,2025,7,3,Jul/2025,5.56568,-0.5576753742295271,
2025-07-04,5.409,cambio_dolar,2025,7,3,Jul/2025,5.558013333333333,-0.21768004722549916,
2025-07-07,5.4552,cambio_dolar,2025,7,3,Jul/2025,5.5500799999999995,0.8541320022185106,
2025-07-08,5.4571,cambio_dolar,2025,7,3,Jul/2025,5.543253333333333,0.034829153834881055,
2025-07-09,5.4626,cambio_dolar,2025,7,3,Jul/2025,5.536876666666667,0.10078613182826768,
2025-07-10,5.5433,cambio_dolar,2025,7,3,Jul/2025,5.531866666666667,1.4773184930253036,
2025-07-11,5.5722,cambio_dolar,2025,7,3,Jul/2025,5.529076666666667,0.521350098316864,
2025-07-14,5.5595,cambio_dolar,2025,7,3,Jul/2025,5.524103333333334,-0.22791716018807362,
2025-07-15,5.5576,cambio_dolar,2025,7,3,Jul/2025,5.519566666666666,-0.034175735227992554,
2025-07-16,5.5722,cambio_dolar,2025,7,3,Jul/2025,5.516326666666667,0.2627033251763278,
2025-07-17,5.5737,cambio_dolar,2025,7,3,Jul/2025,5.514343333333333,0.02691934962850695,
2025-07-18,5.5466,cambio_dolar,2025,7,3,Jul/2025,5.512666666666666,-0.4862120315051066,
2025-07-21,5.5625,cambio_dolar,2025,7,3,Jul/2025,5.511593333333333,0.28666209930408026,
2025-07-22,5.5709,cambio_dolar,2025,7,3,Jul/2025,5.511423333333334,0.1510112359550453,
2025-07-23,5.5537,cambio_dolar,2025,7,3,Jul/2025,5.511356666666667,-0.3087472401227753,
2025-07-24,5.5239,cambio_dolar,2025,7,3,Jul/2025,5.510853333333333,-0.5365792174586326,
2025-07-25,5.5426,cambio_dolar,2025,7,3,Jul/2025,5.51098,0.3385289378880829,
2025-07-28,5.5877,cambio_dolar,2025,7,3,Jul/2025,5.51173,0.8136975426694892,
2025-07-29,5.5764,cambio_dolar,2025,7,3,Jul/2025,5.513866666666667,-0.202229897811268,
2025-07-30,5.6034,cambio_dolar,2025,7,3,Jul/2025,5.51807,0.4841833440929699,
2025-07-31,5.6021,cambio_dolar,2025,7,3,Jul/2025,5.521876666666667,-0.023200199878636862,
2025-08-01,5.5436,cambio_dolar,2025,8,3,Aug/2025,5.5234733333333335,-1.0442512629192713,
2025-08-04,5.5113,cambio_dolar,2025,8,3,Aug/2025,5.52314,-0.5826538711306561,
2025-08-05,5.5119,cambio_dolar,2025,8,3,Aug/2025,5.523743333333332,0.010886723640513019,
2025-08-06,5.4802,cambio_dolar,2025,8,3,Aug/2025,5.52166,-0.5751192873600708,
2025-08-07,5.4638,cambio_dolar,2025,8,3,Aug/2025,5.51997,-0.29925915112587465,
2025-08-08,5.4254,cambio_dolar,2025,8,3,Aug/2025,5.518286666666667,-0.702807569823205,
2025-08-11,5.4473,cambio_dolar,2025,8,3,Aug/2025,5.51796,0.4036568732259438,
2025-08-12,5.4052,cambio_dolar,2025,8,3,Aug/2025,5.51643,-0.7728599489655541,
2025-08-13,5.3928,cambio_dolar,2025,8,3,Aug/2025,5.514483333333334,-0.22940871753125425,
2025-08-14,5.4095,cambio_dolar,2025,8,3,Aug/2025,5.514106666666666,0.309672155466556,
2025-08-15,5.3928,cambio_dolar,2025,8,3,Aug/2025,5.513566666666666,-0.30871614751826204,
2025-08-18,5.4155,cambio_dolar,2025,8,3,Aug/2025,5.512243333333333,0.42093161252039213,
2025-08-19,5.4716,cambio_dolar,2025,8,3,Aug/2025,5.5127266666666666,1.0359154279383276,
2025-08-20,5.4726,cambio_dolar,2025,8,3,Aug/2025,5.513059999999999,0.01827618977996437,
2025-08-21,5.4828,cambio_dolar,2025,8,3,Aug/2025,5.511043333333333,0.18638307203158178,
2025-08-22,5.4392,cambio_dolar,2025,8,3,Aug/2025,5.506609999999999,-0.7952141241701405,
2025-08-25,5.4174,cambio_dolar,2025,8,3,Aug/2025,5.501873333333333,-0.4007942344462334,
2025-08-26,5.4218,cambio_dolar,2025,8,3,Aug/2025,5.497346666666667,0.08121977332300467,
2025-08-27,5.4428,cambio_dolar,2025,8,3,Aug/2025,5.493033333333333,0.3873252425393714,
2025-08-28,5.4115,cambio_dolar,2025,8,3,Aug/2025,5.487626666666666,-0.575071654295578,
2025-08-29,5.4264,cambio_dolar,2025,8,3,Aug/2025,5.48362,0.275339554652132,
2025-09-01,5.4378,cambio_dolar,2025,9,3,Sep/2025,5.479463333333333,0.21008403361344463,
2025-09-02,5.468,cambio_dolar,2025,9,3,Sep/2025,5.476033333333333,0.5553716576556678,
2025-09-03,5.4485,cambio_dolar,2025,9,3,Sep/2025,5.472526666666667,-0.3566203365032883,
2025-09-04,5.4587,cambio_dolar,2025,9,3,Sep/2025,5.470353333333334,0.1872074882995456,
2025-09-05,5.3968,cambio_dolar,2025,9,3,Sep/2025,5.465493333333333,-1.1339696264678456,
2025-09-08,5.4278,cambio_dolar,2025,9,3,Sep/2025,5.460163333333333,0.5744144678327956,
2025-09-09,5.4278,cambio_dolar,2025,9,3,Sep/2025,5.455209999999999,0.0,
2025-09-10,5.4123,cambio_dolar,2025,9,3,Sep/2025,5.44884,-0.2855668963484326,
2025-09-11,5.3858,cambio_dolar,2025,9,3,Sep/2025,5.44163,-0.4896254826968316,
2025-09-12,5.3677,cambio_dolar,2025,9,3,Sep/2025,5.435766666666666,-0.33606892198001503,
2025-09-15,5.3208,cambio_dolar,2025,9,3,Sep/2025,5.4294166666666674,-0.8737448069005338,
2025-09-16,5.3096,cambio_dolar,2025,9,3,Sep/2025,5.422673333333334,-0.21049466245678383,
2025-09-17,5.3011,cambio_dolar,2025,9,3,Sep/2025,5.4167033333333325,-0.16008738888051433,
2025-09-18,5.301,cambio_dolar,2025,9,3,Sep/2025,5.411276666666667,-0.001886400935646737,
2025-09-19,5.3276,cambio_dolar,2025,9,3,Sep/2025,5.408016666666667,0.501792114695343,
2025-09-22,5.3457,cambio_dolar,2025,9,3,Sep/2025,5.404629999999999,0.3397402207372835,
2025-09-23,5.3063,cambio_dolar,2025,9,3,Sep/2025,5.401333333333334,-0.737040986213211,
2025-09-24,5.3112,cambio_dolar,2025,9,3,Sep/2025,5.398613333333333,0.09234306390517588,
2025-09-25,5.3425,cambio_dolar,2025,9,3,Sep/2025,5.39638,0.5893206808254225,
2025-09-26,5.3445,cambio_dolar,2025,9,3,Sep/2025,5.39477,0.03743565746372468,
2025-09-29,5.3229,cambio_dolar,2025,9,3,Sep/2025,5.391683333333334,-0.4041538029750269,
2025-09-30,5.3186,cambio_dolar,2025,9,3,Sep/2025,5.386583333333334,-0.08078303180596436,
2025-10-01,5.3208,cambio_dolar,2025,10,4,Oct/2025,5.381523333333334,0.04136426879255417,
2025-10-02,5.3449,cambio_dolar,2025,10,4,Oct/2025,5.376926666666667,0.45293940760786633,
2025-10-03,5.3498,cambio_dolar,2025,10,4,Oct/2025,5.373946666666667,0.0916761772905117,
2025-10-06,5.3226,cambio_dolar,2025,10,4,Oct/2025,5.370786666666667,-0.5084302216905257,
2025-10-07,5.3363,cambio_dolar,2025,10,4,Oct/2025,5.367936666666667,0.25739300341935945,
2025-10-08,5.3427,cambio_dolar,2025,10,4,Oct/2025,5.3646,0.11993328710904194,
2025-10-09,5.3538,cambio_dolar,2025,10,4,Oct/2025,5.362676666666667,0.20776012128698174,
2025-10-10,5.4446,cambio_dolar,2025,10,4,Oct/2025,5.363283333333333,1.6959916321117818,
2025-10-13,5.4629,cambio_dolar,2025,10,4,Oct/2025,5.36412,0.3361128457554319,
2025-10-14,5.4982,cambio_dolar,2025,10,4,Oct/2025,5.365126666666667,0.6461769389884298,
2025-10-15,5.4464,cambio_dolar,2025,10,4,Oct/2025,5.365056666666666,-0.9421265141319024,
2025-10-16,5.4354,cambio_dolar,2025,10,4,Oct/2025,5.364279999999999,-0.20196827262044525,
2025-10-17,5.439,cambio_dolar,2025,10,4,Oct/2025,5.365686666666667,0.06623247599073512,
2025-10-20,5.3771,cambio_dolar,2025,10,4,Oct/2025,5.363996666666666,-1.1380768523625573,
2025-10-21,5.3848,cambio_dolar,2025,10,4,Oct/2025,5.362563333333333,0.14319986609883095,
2025-10-22,5.3898,cambio_dolar,2025,10,4,Oct/2025,5.361813333333334,0.0928539592928157,
2025-10-23,5.384,cambio_dolar,2025,10,4,Oct/2025,5.361753333333334,-0.10761067201009444,
2025-10-24,5.3797,cambio_dolar,2025,10,4,Oct/2025,5.362153333333334,-0.07986627043091721,
2025-10-27,5.3744,cambio_dolar,2025,10,4,Oct/2025,5.3639399999999995,-0.09851850474933421,
2025-10-28,5.369,cambio_dolar,2025,10,4,Oct/2025,5.36592,-0.10047633224173902,
2025-10-29,5.3416,cambio_dolar,2025,10,4,Oct/2025,5.36727,-0.5103371205066098,
2025-10-30,5.385,cambio_dolar,2025,10,4,Oct/2025,5.37007,0.8124906395087672,
2025-10-31,5.3843,cambio_dolar,2025,10,4,Oct/2025,5.3719600000000005,-0.012999071494901315,
2025-11-03,5.3505,cambio_dolar,2025,11,4,Nov/2025,5.37212,-0.6277510539902886,
2025-11-04,5.3846,cambio_dolar,2025,11,4,Nov/2025,5.37473,0.6373236146154593,
2025-11-05,5.3798,cambio_dolar,2025,11,4,Nov/2025,5.377016666666666,-0.08914311183745305,
2025-11-06,5.3451,cambio_dolar,2025,11,4,Nov/2025,5.377103333333333,-0.6450053905349584,
2025-11-07,5.3567,cambio_dolar,2025,11,4,Nov/2025,5.37751,0.21702119698414624,
2025-11-10,5.3181,cambio_dolar,2025,11,4,Nov/2025,5.377349999999999,-0.720592902346584,
2025-11-11,5.2729,cambio_dolar,2025,11,4,Nov/2025,5.375826666666667,-0.8499276057238547,
2025-11-12,5.2885,cambio_dolar,2025,11,4,Nov/2025,5.374750000000001,0.2958523772497168,
2025-11-13,5.282,cambio_dolar,2025,11,4,Nov/2025,5.372653333333333,-0.12290819703129063,
2025-11-14,5.2952,cambio_dolar,2025,11,4,Nov/2025,5.370833333333334,0.24990533888680222,
2025-11-17,5.3108,cambio_dolar,2025,11,4,Nov/2025,5.370439999999999,0.29460643601753045,
2025-11-18,5.3361,cambio_dolar,2025,11,4,Nov/2025,5.370433333333334,0.47638773819387303,
2025-11-19,5.3346,cambio_dolar,2025,11,4,Nov/2025,5.370163333333333,-0.028110417720805803,
2025-11-21,5.3902,cambio_dolar,2025,11,4,Nov/2025,5.3713766666666665,1.0422524650395504,
2025-11-24,5.3948,cambio_dolar,2025,11,4,Nov/2025,5.369716666666666,0.08534006159326424,
2025-11-25,5.3841,cambio_dolar,2025,11,4,Nov/2025,5.367090000000001,-0.19833914139542053,
2025-11-26,5.3694,cambio_dolar,2025,11,4,Nov/2025,5.362796666666667,-0.27302613250126395,
2025-11-27,5.349,cambio_dolar,2025,11,4,Nov/2025,5.35955,-0.37993071851603055,
2025-11-28,5.3338,cambio_dolar,2025,11,4,Nov/2025,5.356163333333334,-0.2841652645354298,
2025-12-01,5.3469,cambio_dolar,2025,12,4,Dec/2025,5.353093333333333,0.24560350969289324,
2025-12-02,5.3465,cambio_dolar,2025,12,4,Dec/2025,5.352073333333334,-0.00748097028184791,
2025-12-03,5.3114,cambio_dolar,2025,12,4,Dec/2025,5.3496266666666665,-0.6565042551201716,
2025-12-04,5.2952,cambio_dolar,2025,12,4,Dec/2025,5.346473333333333,-0.30500433030838936,
2025-12-05,5.3405,cambio_dolar,2025,12,4,Dec/2025,5.345023333333333,0.8554917661278028,
2025-12-08,5.4249,cambio_dolar,2025,12,4,Dec/2025,5.34653,1.580376369253833,
2025-12-09,5.457,cambio_dolar,2025,12,4,Dec/2025,5.349283333333333,0.591715976331364,
2025-12-10,5.4656,cambio_dolar,2025,12,4,Dec/2025,5.352503333333334,0.15759574857980851,
2025-12-11,5.4237,cambio_dolar,2025,12,4,Dec/2025,5.35524,-0.7666129976580782,
2025-12-12,5.4011,cambio_dolar,2025,12,4,Dec/2025,5.355776666666666,-0.4166897136641201,
2025-12-15,5.3929,cambio_dolar,2025,12,4,Dec/2025,5.356063333333333,-0.15182092536704106,
2025-12-16,5.4505,cambio_dolar,2025,12,4,Dec/2025,5.359396666666667,1.0680709822173506,
2025-12-17,5.5093,cambio_dolar,2025,12,4,Dec/2025,5.363553333333333,1.0788001100816347,
2025-12-18,5.5283,cambio_dolar,2025,12,4,Dec/2025,5.368503333333333,0.34487139927033006,
2025-12-19,5.516,cambio_dolar,2025,12,4,Dec/2025,5.3742,-0.2224915435124708,
2025-12-22,5.5389,cambio_dolar,2025,12,4,Dec/2025,5.380273333333333,0.4151559100797675,
2025-12-23,5.5643,cambio_dolar,2025,12,4,Dec/2025,5.38848,0.4585748072722051,
2025-12-24,5.535,cambio_dolar,2025,12,4,Dec/2025,5.397216666666666,-0.5265711769674497,
2025-12-26,5.5413,cambio_dolar,2025,12,4,Dec/2025,5.405643333333333,0.11382113821136741,
2025-12-29,5.5739,cambio_dolar,2025,12,4,Dec/2025,5.415373333333334,0.5883096024398737,
2025-12-30,5.5024,cambio_dolar,2025,12,4,Dec/2025,5.422280000000001,-1.2827643122409915,
2025-12-31,5.5024,cambio_dolar,2025,12,4,Dec/2025,5.428666666666667,0.0,
2026-01-02,5.4372,cambio_dolar,2026,1,1,Jan/2026,5.432036666666666,-1.1849374818261094,
2026-01-05,5.4351,cambio_dolar,2026,1,1,Jan/2026,5.435386666666667,-0.038622820569400584,
2026-01-06,5.3797,cambio_dolar,2026,1,1,Jan/2026,5.435036666666667,-1.0193004728523913,
2026-01-07,5.388,cambio_dolar,2026,1,1,Jan/2026,5.43481,0.15428369611689696,
2026-01-08,5.386,cambio_dolar,2026,1,1,Jan/2026,5.434873333333333,-0.0371195248700773,
2026-01-09,5.3707,cambio_dolar,2026,1,1,Jan/2026,5.434916666666667,-0.2840698106201245,
2026-01-12,5.376,cambio_dolar,2026,1,1,Jan/2026,5.435816666666667,0.09868359804121596,
2026-01-13,5.3764,cambio_dolar,2026,1,1,Jan/2026,5.437236666666666,0.00744047619047894,
2026-01-14,5.3795,cambio_dolar,2026,1,1,Jan/2026,5.438323333333333,0.057659400342235934,
2026-01-15,5.3846,cambio_dolar,2026,1,1,Jan/2026,5.439593333333333,0.09480434984663333,
2026-01-16,5.3798,cambio_dolar,2026,1,1,Jan/2026,5.441873333333334,-0.08914311183745305,
2026-01-19,5.3653,cambio_dolar,2026,1,1,Jan/2026,5.44421,-0.2695267482062502,
2026-01-20,5.379,cambio_dolar,2026,1,1,Jan/2026,5.445493333333333,0.2553445287309053,
2026-01-21,5.3368,cambio_dolar,2026,1,1,Jan/2026,5.4425566666666665,-0.7845324409741505,
2026-01-22,5.3118,cambio_dolar,2026,1,1,Jan/2026,5.437716666666668,-0.4684455104182361,
2026-01-23,5.2879,cambio_dolar,2026,1,1,Jan/2026,5.431793333333333,-0.4499416393689559,
2026-01-26,5.276,cambio_dolar,2026,1,1,Jan/2026,5.426869999999999,-0.22504207719510338,
2026-01-27,5.2392,cambio_dolar,2026,1,1,Jan/2026,5.421473333333334,-0.6974981046247053,
2026-01-28,5.1838,cambio_dolar,2026,1,1,Jan/2026,5.414503333333333,-1.057413345548952,
2026-01-29,5.1956,cambio_dolar,2026,1,1,Jan/2026,5.406006666666667,0.22763223889810114,
2026-01-30,5.2301,cambio_dolar,2026,1,1,Jan/2026,5.3967,0.664023404419134,
2026-02-02,5.2587,cambio_dolar,2026,2,1,Feb/2026,5.387713333333334,0.5468346685531866,
2026-02-03,5.2236,cambio_dolar,2026,2,1,Feb/2026,5.3779666666666675,-0.6674653431456457,
2026-02-04,5.2359,cambio_dolar,2026,2,1,Feb/2026,5.367866666666667,0.2354697909487724,
2026-02-05,5.258,cambio_dolar,2026,2,1,Feb/2026,5.357656666666667,0.42208598330755187,
2026-02-06,5.2341,cambio_dolar,2026,2,1,Feb/2026,5.347626666666667,-0.454545454545463,
2026-02-09,5.1943,cambio_dolar,2026,2,1,Feb/2026,5.33606,-0.76039815823159,
2026-02-10,5.2021,cambio_dolar,2026,2,1,Feb/2026,5.323666666666667,0.15016460350767424,
2026-02-11,5.1836,cambio_dolar,2026,2,1,Feb/2026,5.31304,-0.3556256127333124,
2026-02-12,5.1674,cambio_dolar,2026,2,1,Feb/2026,5.301873333333333,-0.3125241145150226,
2026-02-13,5.2288,cambio_dolar,2026,2,1,Feb/2026,5.294926666666667,1.1882184464140577,
2026-02-18,5.2349,cambio_dolar,2026,2,1,Feb/2026,5.2882533333333335,0.11666156670746552,
2026-02-19,5.2257,cambio_dolar,2026,2,1,Feb/2026,5.283119999999999,-0.17574356721236084,
2026-02-20,5.2006,cambio_dolar,2026,2,1,Feb/2026,5.2768733333333335,-0.48031842623954546,
2026-02-23,5.1635,cambio_dolar,2026,2,1,Feb/2026,5.269456666666668,-0.7133792254739757,
2026-02-24,5.1682,cambio_dolar,2026,2,1,Feb/2026,5.2627066666666655,0.09102353055097101,
2026-02-25,5.144,cambio_dolar,2026,2,1,Feb/2026,5.254973333333334,-0.4682481328121879,
2026-02-26,5.1382,cambio_dolar,2026,2,1,Feb/2026,5.247033333333333,-0.11275272161741512,
2026-02-27,5.1495,cambio_dolar,2026,2,1,Feb/2026,5.239366666666666,0.21992137324353678,
2026-03-02,5.2001,cambio_dolar,2026,3,1,Mar/2026,5.233216666666666,0.9826196718128122,
2026-03-03,5.287,cambio_dolar,2026,3,1,Mar/2026,5.230123333333333,1.671121709197898,
2026-03-04,5.2091,cambio_dolar,2026,3,1,Mar/2026,5.224916666666667,-1.4734253830149369,
2026-03-05,5.2447,cambio_dolar,2026,3,1,Mar/2026,5.22044,0.6834194006642091,
2026-03-06,5.2878,cambio_dolar,2026,3,1,Mar/2026,5.218806666666667,0.8217819894369649,
2026-03-09,5.2139,cambio_dolar,2026,3,1,Mar/2026,5.215543333333333,-1.3975566398124029,
2026-03-10,5.1622,cambio_dolar,2026,3,1,Mar/2026,5.211353333333334,-0.9915801990832085,
2026-03-11,5.1596,cambio_dolar,2026,3,1,Mar/2026,5.207473333333334,-0.0503661229708241,
2026-03-12,5.2051,cambio_dolar,2026,3,1,Mar/2026,5.206336666666667,0.8818513063028055,
2026-03-13,5.2541,cambio_dolar,2026,3,1,Mar/2026,5.20868,0.9413844114426251,
2026-03-16,5.2647,cambio_dolar,2026,3,1,Mar/2026,5.210983333333333,0.20174720694314807,
2026-03-17,5.2022,cambio_dolar,2026,3,1,Mar/2026,5.210053333333334,-1.1871521644158278,
2026-03-18,5.2112,cambio_dolar,2026,3,1,Mar/2026,5.20847,0.17300372919148987,
2026-03-19,5.2587,cambio_dolar,2026,3,1,Mar/2026,5.209639999999999,0.9114983113294395,
2026-03-20,5.28,cambio_dolar,2026,3,1,Mar/2026,5.211110000000001,0.40504307148154783,
2026-03-23,5.244,cambio_dolar,2026,3,1,Mar/2026,5.2106433333333335,-0.6818181818181945,
2026-03-24,5.2599,cambio_dolar,2026,3,1,Mar/2026,5.211503333333334,0.30320366132723375,
2026-03-25,5.2275,cambio_dolar,2026,3,1,Mar/2026,5.21261,-0.6159812924200092,
2026-03-26,5.2308,cambio_dolar,2026,3,1,Mar/2026,5.213566666666667,0.06312769010043962,
2026-03-27,5.2376,cambio_dolar,2026,3,1,Mar/2026,5.215366666666666,0.12999923529859458,
2026-03-30,5.2353,cambio_dolar,2026,3,1,Mar/2026,5.21763,-0.04391324270658359,
2026-03-31,5.2194,cambio_dolar,2026,3,1,Mar/2026,5.217316666666666,-0.3037075239241127,
2026-04-01,5.1606,cambio_dolar,2026,4,2,Apr/2026,5.21484,-1.1265662719852965,
2026-04-02,5.1655,cambio_dolar,2026,4,2,Apr/2026,5.212833333333333,0.09495019958920548,
2026-04-06,5.1532,cambio_dolar,2026,4,2,Apr/2026,5.211253333333333,-0.23811828477398045,
2026-04-07,5.1625,cambio_dolar,2026,4,2,Apr/2026,5.21122,0.18047038733213228,
2026-04-08,5.0899,cambio_dolar,2026,4,2,Apr/2026,5.208610000000001,-1.4062953995157335,
2026-04-09,5.0821,cambio_dolar,2026,4,2,Apr/2026,5.206546666666667,-0.15324466099531087,
2026-04-10,5.0229,cambio_dolar,2026,4,2,Apr/2026,5.202703333333333,-1.1648727888077692,
2026-04-13,5.0244,cambio_dolar,2026,4,2,Apr/2026,5.198533333333333,0.029863226422977007,
2026-04-14,4.9806,cambio_dolar,2026,4,2,Apr/2026,5.191216666666667,-0.8717458801050904,
2026-04-15,4.9928,cambio_dolar,2026,4,2,Apr/2026,5.18141,0.2449504075814124,
2026-04-16,5.0007,cambio_dolar,2026,4,2,Apr/2026,5.174463333333334,0.15822784810126667,
2026-04-17,4.9695,cambio_dolar,2026,4,2,Apr/2026,5.16529,-0.6239126522286864,
2026-04-20,4.9844,cambio_dolar,2026,4,2,Apr/2026,5.155176666666667,0.2998289566354728,
2026-04-22,4.9653,cambio_dolar,2026,4,2,Apr/2026,5.14689,-0.38319557017895134,
2026-04-23,4.9539,cambio_dolar,2026,4,2,Apr/2026,5.139946666666666,-0.22959337804362434,
2026-04-24,5.0083,cambio_dolar,2026,4,2,Apr/2026,5.134903333333333,1.0981247098245772,
2026-04-27,4.97,cambio_dolar,2026,4,2,Apr/2026,5.127066666666666,-0.7647305472915034,
2026-04-28,4.9878,cambio_dolar,2026,4,2,Apr/2026,5.118189999999999,0.3581488933601662,
2026-04-29,4.9985,cambio_dolar,2026,4,2,Apr/2026,5.1093166666666665,0.21452343718673106,
2026-04-30,4.9886,cambio_dolar,2026,4,2,Apr/2026,5.102196666666667,-0.19805941782534697,
2026-05-04,4.9587,cambio_dolar,2026,5,2,May/2026,5.09378,-0.599366555747094,
2026-05-05,4.9242,cambio_dolar,2026,5,2,May/2026,5.082629999999999,-0.6957468691391022,
2026-05-06,4.9274,cambio_dolar,2026,5,2,May/2026,5.070876666666666,0.06498517525688197,
2026-05-07,4.917,cambio_dolar,2026,5,2,May/2026,5.059976666666667,-0.21106465884644932,
2026-05-08,4.8999,cambio_dolar,2026,5,2,May/2026,5.047976666666667,-0.3477730323367956,
2026-05-11,4.8973,cambio_dolar,2026,5,2,May/2026,5.03697,-0.05306230739401396,
2026-05-12,4.8977,cambio_dolar,2026,5,2,May/2026,5.0258666666666665,0.008167765911837321,
2026-05-13,4.9118,cambio_dolar,2026,5,2,May/2026,5.015006666666666,0.2878902341915568,
2026-05-14,4.9809,cambio_dolar,2026,5,2,May/2026,5.006526666666668,1.4068162384461846,
2026-05-15,5.0654,cambio_dolar,2026,5,2,May/2026,5.001393333333334,1.696480555722868,
2026-05-18,5.0093,cambio_dolar,2026,5,2,May/2026,4.996349999999999,-1.1075137205354135,
2026-05-19,5.0378,cambio_dolar,2026,5,2,May/2026,4.992093333333333,0.5689417683109488,
2026-05-20,5.0301,cambio_dolar,2026,5,2,May/2026,4.98799,-0.15284449561315805,
2026-05-21,5.0077,cambio_dolar,2026,5,2,May/2026,4.982829999999999,-0.4453191785451671,
2026-05-22,5.014,cambio_dolar,2026,5,2,May/2026,4.9803,0.12580625836213777,
2026-05-25,5.0072,cambio_dolar,2026,5,2,May/2026,4.977803333333332,-0.13562026326287002,
2026-05-26,5.0211,cambio_dolar,2026,5,2,May/2026,4.977743333333334,0.2776002556318824,
2026-05-27,5.0579,cambio_dolar,2026,5,2,May/2026,4.97886,0.7329071319033709,
2026-05-28,5.0517,cambio_dolar,2026,5,2,May/2026,4.98123,-0.12258051760611899,
2026-05-29,5.0569,cambio_dolar,2026,5,2,May/2026,4.983366666666667,0.10293564542627198,
2026-06-01,5.0303,cambio_dolar,2026,6,2,Jun/2026,4.984353333333333,-0.5260139611224179,
2026-06-02,5.016,cambio_dolar,2026,6,2,Jun/2026,4.985903333333334,-0.28427727968511896,
2026-06-03,5.0415,cambio_dolar,2026,6,2,Jun/2026,4.987806666666667,0.508373205741619,
2026-06-05,5.1244,cambio_dolar,2026,6,2,Jun/2026,4.99311,1.6443518794009515,
2026-06-08,5.1695,cambio_dolar,2026,6,2,Jun/2026,5.000296666666666,0.8801030364530504,
2026-06-09,5.1693,cambio_dolar,2026,6,2,Jun/2026,5.005663333333334,-0.003868846116650282,
2026-06-10,5.1763,cambio_dolar,2026,6,2,Jun/2026,5.01254,0.13541485307488887,
2026-06-11,5.1478,cambio_dolar,2026,6,2,Jun/2026,5.017873333333333,-0.550586326140301,
2026-06-12,5.0827,cambio_dolar,2026,6,2,Jun/2026,5.0206800000000005,-1.2646178950231235,
2026-06-15,5.043,cambio_dolar,2026,6,2,Jun/2026,5.022493333333332,-0.7810809215574421,
2026-06-16,5.078,cambio_dolar,2026,6,2,Jun/2026,5.02647,0.6940313305572099,
2026-06-17,5.0641,cambio_dolar,2026,6,2,Jun/2026,5.031133333333333,-0.2737298148877576,
2026-06-18,5.1613,cambio_dolar,2026,6,2,Jun/2026,5.03893,1.9193933769080296,
2026-06-19,5.1442,cambio_dolar,2026,6,2,Jun/2026,5.046503333333334,-0.3313118787902303,
2026-06-22,5.1395,cambio_dolar,2026,6,2,Jun/2026,5.05449,-0.09136503246374161,
2026-06-23,5.1743,cambio_dolar,2026,6,2,Jun/2026,5.063723333333333,0.6771086681583771,
2026-06-24,5.2098,cambio_dolar,2026,6,2,Jun/2026,5.074126666666667,0.6860831416810154,
2026-06-25,5.1892,cambio_dolar,2026,6,2,Jun/2026,5.083373333333333,-0.3954086529233569,
2026-06-26,5.1695,cambio_dolar,2026,6,2,Jun/2026,5.089659999999999,-0.3796346257611827,
2026-06-29,5.1717,cambio_dolar,2026,6,2,Jun/2026,5.093203333333334,0.04255730728310869,
2026-06-30,5.1766,cambio_dolar,2026,6,2,Jun/2026,5.0987800000000005,0.09474640833766479,
2026-07-01,5.195,cambio_dolar,2026,7,3,Jul/2026,5.104020000000001,0.3554456593130695,
2026-07-02,5.1945,cambio_dolar,2026,7,3,Jul/2026,5.1095,-0.009624639076044605,
2026-07-03,5.1717,cambio_dolar,2026,7,3,Jul/2026,5.114966666666667,-0.4389257868899654,
2026-07-06,5.167,cambio_dolar,2026,7,3,Jul/2026,5.120066666666667,-0.09087920799738525,
2026-07-07,5.1458,cambio_dolar,2026,7,3,Jul/2026,5.124686666666666,-0.4102961099283764,
2026-07-08,5.1552,cambio_dolar,2026,7,3,Jul/2026,5.129156666666666,0.18267324808580732,
2026-07-09,5.1329,cambio_dolar,2026,7,3,Jul/2026,5.131656666666667,-0.43257293606454583,
2026-07-10,5.1088,cambio_dolar,2026,7,3,Jul/2026,5.13356,-0.4695201542987526,
2026-07-13,5.1183,cambio_dolar,2026,7,3,Jul/2026,5.135606666666667,0.18595364860631847,
2026-07-14,5.0742,cambio_dolar,2026,7,3,Jul/2026,5.13707,-0.8616142078424316,
2026-07-15,5.0727,cambio_dolar,2026,7,3,Jul/2026,5.13896,-0.029561310157266707,
2026-07-16,5.0975,cambio_dolar,2026,7,3,Jul/2026,5.140826666666666,0.48889151733790825,
2026-07-17,5.1176,cambio_dolar,2026,7,3,Jul/2026,5.140600000000001,0.39431093673369944,
2026-07-20,5.0894,cambio_dolar,2026,7,3,Jul/2026,5.137929999999999,-0.5510395497889675,
2026-07-21,5.078,cambio_dolar,2026,7,3,Jul/2026,5.134886666666666,-0.22399496993751322,
2026-07-22,5.0638,cambio_dolar,2026,7,3,Jul/2026,5.1311366666666665,-0.27963765261915796,
2026-07-23,5.0807,cambio_dolar,2026,7,3,Jul/2026,5.128900000000001,0.33374145898339425,
2026-07-24,5.0666,cambio_dolar,2026,7,3,Jul/2026,5.128363333333334,-0.27752081406104967,
2026-07-27,5.1005,cambio_dolar,2026,7,3,Jul/2026,5.13028,0.6690877511546178,
2026-07-28,5.1177,cambio_dolar,2026,7,3,Jul/2026,5.1316033333333335,0.3372218409959826,
2026-07-29,5.1217,cambio_dolar,2026,7,3,Jul/2026,5.133523333333334,0.07816011098735753,
2026-07-30,5.0739,cambio_dolar,2026,7,3,Jul/2026,5.13061,-0.9332838705898405,
2026-07-31,5.0773,cambio_dolar,2026,7,3,Jul/2026,5.128379999999999,0.06700959813950025,
2026-08-03,5.0723,cambio_dolar,2026,8,3,Aug/2026,5.12614,-0.09847753727374453,
2026-08-04,5.1053,cambio_dolar,2026,8,3,Aug/2026,5.12384,0.6505924334128332,
2026-08-05,5.1154,cambio_dolar,2026,8,3,Aug/2026,5.1206933333333335,0.19783362388108294,
2026-08-06,5.1017,cambio_dolar,2026,8,3,Aug/2026,5.117776666666667,-0.2678187434022816,
2026-08-07,5.0908,cambio_dolar,2026,8,3,Aug/2026,5.115153333333334,-0.21365427210537913,
2026-08-10,5.0963,cambio_dolar,2026,8,3,Aug/2026,5.11264,0.1080380293863481,
2026-08-11,5.1285,cambio_dolar,2026,8,3,Aug/2026,5.111036666666667,0.6318309361693641,
2026-08-12,5.1639,cambio_dolar,2026,8,3,Aug/2026,5.109999999999999,0.6902603100321647,
2026-08-13,5.1859,cambio_dolar,2026,8,3,Aug/2026,5.1097133333333336,0.42603458626233603,
2026-08-14,5.2236,cambio_dolar,2026,8,3,Aug/2026,5.111443333333333,0.7269712103974202,
2026-08-17,5.2014,cambio_dolar,2026,8,3,Aug/2026,5.11259,-0.42499425683437675,
2026-08-18,5.2043,cambio_dolar,2026,8,3,Aug/2026,5.114540000000001,0.055754220017689704,
2026-08-19,5.1714,cambio_dolar,2026,8,3,Aug/2026,5.115080000000001,-0.6321695521011361,
2026-08-20,5.1862,cambio_dolar,2026,8,3,Aug/2026,5.116856666666666,0.2861894264609255,
2020-01-02,0.017089,cdi,2020,1,1,Jan/2020,0.017089,,
2020-01-03,0.017089,cdi,2020,1,1,Jan/2020,0.017089,0.0,
2020-01-06,0.017089,cdi,2020,1,1,Jan/2020,0.017089,0.0,
2020-01-07,0.017089,cdi,2020,1,1,Jan/2020,0.017089,0.0,
2020-01-08,0.017089,cdi,2020,1,1,Jan/2020,0.017089,0.0,
2020-01-09,0.017089,cdi,2020,1,1,Jan/2020,0.017089,0.0,
2020-01-10,0.017089,cdi,2020,1,1,Jan/2020,0.017089,0.0,
2020-01-13,0.017089,cdi,2020,1,1,Jan/2020,0.017089,0.0,
2020-01-14,0.017089,cdi,2020,1,1,Jan/2020,0.017089,0.0,
2020-01-15,0.017089,cdi,2020,1,1,Jan/2020,0.017089,0.0,
2020-01-16,0.017089,cdi,2020,1,1,Jan/2020,0.017089,0.0,
2020-01-17,0.017089,cdi,2020,1,1,Jan/2020,0.017089,0.0,
2020-01-20,0.017089,cdi,2020,1,1,Jan/2020,0.017089,0.0,
2020-01-21,0.017089,cdi,2020,1,1,Jan/2020,0.017089,0.0,
2020-01-22,0.017089,cdi,2020,1,1,Jan/2020,0.017089,0.0,
2020-01-23,0.017089,cdi,2020,1,1,Jan/2020,0.017089,0.0,
2020-01-24,0.017089,cdi,2020,1,1,Jan/2020,0.017089,0.0,
2020-01-27,0.017089,cdi,2020,1,1,Jan/2020,0.017089,0.0,
2020-01-28,0.017089,cdi,2020,1,1,Jan/2020,0.017089,0.0,
2020-01-29,0.017089,cdi,2020,1,1,Jan/2020,0.017089,0.0,
2020-01-30,0.017089,cdi,2020,1,1,Jan/2020,0.017089,0.0,
2020-01-31,0.017089,cdi,2020,1,1,Jan/2020,0.017089,0.0,
2020-02-03,0.017089,cdi,2020,2,1,Feb/2020,0.017089,0.0,
2020-02-04,0.017089,cdi,2020,2,1,Feb/2020,0.017089,0.0,
2020-02-05,0.017089,cdi,2020,2,1,Feb/2020,0.017089,0.0,
2020-02-06,0.016137,cdi,2020,2,1,Feb/2020,0.017052384615384615,-5.570835040084276,
2020-02-07,0.016137,cdi,2020,2,1,Feb/2020,0.01701848148148148,0.0,
2020-02-10,0.016137,cdi,2020,2,1,Feb/2020,0.016987,0.0,
2020-02-11,0.016137,cdi,2020,2,1,Feb/2020,0.016957689655172414,0.0,
2020-02-12,0.016137,cdi,2020,2,1,Feb/2020,0.016930333333333332,0.0,
2020-02-13,0.016137,cdi,2020,2,1,Feb/2020,0.0168986,0.0,
2020-02-14,0.016137,cdi,2020,2,1,Feb/2020,0.016866866666666664,0.0,
2020-02-17,0.016137,cdi,2020,2,1,Feb/2020,0.016835133333333332,0.0,
2020-02-18,0.016137,cdi,2020,2,1,Feb/2020,0.0168034,0.0,
2020-02-19,0.016137,cdi,2020,2,1,Feb/2020,0.016771666666666667,0.0,
2020-02-20,0.016137,cdi,2020,2,1,Feb/2020,0.01673993333333333,0.0,
2020-02-21,0.016137,cdi,2020,2,1,Feb/2020,0.0167082,0.0,
2020-02-26,0.016137,cdi,2020,2,1,Feb/2020,0.016676466666666667,0.0,
2020-02-27,0.016137,cdi,2020,2,1,Feb/2020,0.01664473333333333,0.0,
2020-02-28,0.016137,cdi,2020,2,1,Feb/2020,0.016613,0.0,
2020-03-02,0.016137,cdi,2020,3,1,Mar/2020,0.016581266666666667,0.0,
2020-03-03,0.016137,cdi,2020,3,1,Mar/2020,0.01654953333333333,0.0,
2020-03-04,0.016137,cdi,2020,3,1,Mar/2020,0.0165178,0.0,
2020-03-05,0.016137,cdi,2020,3,1,Mar/2020,0.016486066666666667,0.0,
2020-03-06,0.016137,cdi,2020,3,1,Mar/2020,0.016454333333333335,0.0,
2020-03-09,0.016137,cdi,2020,3,1,Mar/2020,0.0164226,0.0,
2020-03-10,0.016137,cdi,2020,3,1,Mar/2020,0.016390866666666663,0.0,
2020-03-11,0.016137,cdi,2020,3,1,Mar/2020,0.016359133333333335,0.0,
2020-03-12,0.016137,cdi,2020,3,1,Mar/2020,0.0163274,0.0,
2020-03-13,0.016137,cdi,2020,3,1,Mar/2020,0.016295666666666663,0.0,
2020-03-16,0.016137,cdi,2020,3,1,Mar/2020,0.01626393333333333,0.0,
2020-03-17,0.016137,cdi,2020,3,1,Mar/2020,0.0162322,0.0,
2020-03-18,0.016137,cdi,2020,3,1,Mar/2020,0.016200466666666666,0.0,
2020-03-19,0.014227,cdi,2020,3,1,Mar/2020,0.016105066666666664,-11.836152940447409,
2020-03-20,0.014227,cdi,2020,3,1,Mar/2020,0.016009666666666665,0.0,
2020-03-23,0.014227,cdi,2020,3,1,Mar/2020,0.015946,0.0,
2020-03-24,0.014227,cdi,2020,3,1,Mar/2020,0.01588233333333333,0.0,
2020-03-25,0.014227,cdi,2020,3,1,Mar/2020,0.015818666666666665,0.0,
2020-03-26,0.014227,cdi,2020,3,1,Mar/2020,0.015754999999999998,0.0,
2020-03-27,0.014227,cdi,2020,3,1,Mar/2020,0.01569133333333333,0.0,
2020-03-30,0.014227,cdi,2020,3,1,Mar/2020,0.015627666666666665,0.0,
2020-03-31,0.014227,cdi,2020,3,1,Mar/2020,0.015563999999999998,0.0,
2020-04-01,0.014227,cdi,2020,4,2,Apr/2020,0.015500333333333331,0.0,
2020-04-02,0.014227,cdi,2020,4,2,Apr/2020,0.015436666666666666,0.0,
2020-04-03,0.014227,cdi,2020,4,2,Apr/2020,0.015373,0.0,
2020-04-06,0.014227,cdi,2020,4,2,Apr/2020,0.015309333333333333,0.0,
2020-04-07,0.014227,cdi,2020,4,2,Apr/2020,0.015245666666666664,0.0,
2020-04-08,0.014227,cdi,2020,4,2,Apr/2020,0.015182,0.0,
2020-04-09,0.014227,cdi,2020,4,2,Apr/2020,0.015118333333333334,0.0,
2020-04-13,0.014227,cdi,2020,4,2,Apr/2020,0.015054666666666666,0.0,
2020-04-14,0.014227,cdi,2020,4,2,Apr/2020,0.014990999999999999,0.0,
2020-04-15,0.014227,cdi,2020,4,2,Apr/2020,0.014927333333333332,0.0,
2020-04-16,0.014227,cdi,2020,4,2,Apr/2020,0.014863666666666666,0.0,
2020-04-17,0.014227,cdi,2020,4,2,Apr/2020,0.0148,0.0,
2020-04-20,0.014227,cdi,2020,4,2,Apr/2020,0.014736333333333332,0.0,
2020-04-22,0.014227,cdi,2020,4,2,Apr/2020,0.014672666666666667,0.0,
2020-04-23,0.014227,cdi,2020,4,2,Apr/2020,0.014609,0.0,
2020-04-24,0.014227,cdi,2020,4,2,Apr/2020,0.014545333333333332,0.0,
2020-04-27,0.014227,cdi,2020,4,2,Apr/2020,0.014481666666666667,0.0,
2020-04-28,0.014227,cdi,2020,4,2,Apr/2020,0.014418000000000002,0.0,
2020-04-29,0.014227,cdi,2020,4,2,Apr/2020,0.014354333333333334,0.0,
2020-04-30,0.014227,cdi,2020,4,2,Apr/2020,0.014290666666666667,0.0,
2020-05-04,0.014227,cdi,2020,5,2,May/2020,0.014227,0.0,
2020-05-05,0.014227,cdi,2020,5,2,May/2020,0.014227,0.0,
2020-05-06,0.014227,cdi,2020,5,2,May/2020,0.014227,0.0,
2020-05-07,0.011345,cdi,2020,5,2,May/2020,0.014130933333333335,-20.257257327616507,
2020-05-08,0.011345,cdi,2020,5,2,May/2020,0.014034866666666668,0.0,
2020-05-11,0.011345,cdi,2020,5,2,May/2020,0.0139388,0.0,
2020-05-12,0.011345,cdi,2020,5,2,May/2020,0.013842733333333333,0.0,
2020-05-13,0.011345,cdi,2020,5,2,May/2020,0.013746666666666666,0.0,
2020-05-14,0.011345,cdi,2020,5,2,May/2020,0.0136506,0.0,
2020-05-15,0.011345,cdi,2020,5,2,May/2020,0.013554533333333334,0.0,
2020-05-18,0.011345,cdi,2020,5,2,May/2020,0.013458466666666667,0.0,
2020-05-19,0.011345,cdi,2020,5,2,May/2020,0.013362399999999998,0.0,
2020-05-20,0.011345,cdi,2020,5,2,May/2020,0.013266333333333333,0.0,
2020-05-21,0.011345,cdi,2020,5,2,May/2020,0.013170266666666668,0.0,
2020-05-22,0.011345,cdi,2020,5,2,May/2020,0.013074200000000001,0.0,
2020-05-25,0.011345,cdi,2020,5,2,May/2020,0.012978133333333334,0.0,
2020-05-26,0.011345,cdi,2020,5,2,May/2020,0.012882066666666666,0.0,
2020-05-27,0.011345,cdi,2020,5,2,May/2020,0.012785999999999999,0.0,
2020-05-28,0.011345,cdi,2020,5,2,May/2020,0.012689933333333332,0.0,
2020-05-29,0.011345,cdi,2020,5,2,May/2020,0.012593866666666667,0.0,
2020-06-01,0.011345,cdi,2020,6,2,Jun/2020,0.0124978,0.0,
2020-06-02,0.011345,cdi,2020,6,2,Jun/2020,0.012401733333333331,0.0,
2020-06-03,0.011345,cdi,2020,6,2,Jun/2020,0.012305666666666666,0.0,
2020-06-04,0.011345,cdi,2020,6,2,Jun/2020,0.0122096,0.0,
2020-06-05,0.011345,cdi,2020,6,2,Jun/2020,0.012113533333333334,0.0,
2020-06-08,0.011345,cdi,2020,6,2,Jun/2020,0.012017466666666667,0.0,
2020-06-09,0.011345,cdi,2020,6,2,Jun/2020,0.011921399999999999,0.0,
2020-06-10,0.011345,cdi,2020,6,2,Jun/2020,0.011825333333333332,0.0,
2020-06-12,0.011345,cdi,2020,6,2,Jun/2020,0.011729266666666665,0.0,
2020-06-15,0.011345,cdi,2020,6,2,Jun/2020,0.0116332,0.0,
2020-06-16,0.011345,cdi,2020,6,2,Jun/2020,0.011537133333333333,0.0,
2020-06-17,0.011345,cdi,2020,6,2,Jun/2020,0.011441066666666666,0.0,
2020-06-18,0.008442,cdi,2020,6,2,Jun/2020,0.011248233333333331,-25.588364918466276,
2020-06-19,0.008442,cdi,2020,6,2,Jun/2020,0.011151466666666665,0.0,
2020-06-22,0.008442,cdi,2020,6,2,Jun/2020,0.011054699999999999,0.0,
2020-06-23,0.008442,cdi,2020,6,2,Jun/2020,0.010957933333333333,0.0,
2020-06-24,0.008442,cdi,2020,6,2,Jun/2020,0.010861166666666667,0.0,
2020-06-25,0.008442,cdi,2020,6,2,Jun/2020,0.0107644,0.0,
2020-06-26,0.008442,cdi,2020,6,2,Jun/2020,0.010667633333333334,0.0,
2020-06-29,0.008442,cdi,2020,6,2,Jun/2020,0.010570866666666668,0.0,
2020-06-30,0.008442,cdi,2020,6,2,Jun/2020,0.010474100000000002,0.0,
2020-07-01,0.008442,cdi,2020,7,3,Jul/2020,0.010377333333333332,0.0,
2020-07-02,0.008442,cdi,2020,7,3,Jul/2020,0.010280566666666664,0.0,
2020-07-03,0.008442,cdi,2020,7,3,Jul/2020,0.010183799999999998,0.0,
2020-07-06,0.008442,cdi,2020,7,3,Jul/2020,0.010087033333333332,0.0,
2020-07-07,0.008442,cdi,2020,7,3,Jul/2020,0.009990266666666666,0.0,
2020-07-08,0.008442,cdi,2020,7,3,Jul/2020,0.0098935,0.0,
2020-07-09,0.008442,cdi,2020,7,3,Jul/2020,0.009796733333333333,0.0,
2020-07-10,0.008442,cdi,2020,7,3,Jul/2020,0.009699966666666667,0.0,
2020-07-13,0.008442,cdi,2020,7,3,Jul/2020,0.009603200000000001,0.0,
2020-07-14,0.008442,cdi,2020,7,3,Jul/2020,0.009506433333333335,0.0,
2020-07-15,0.008442,cdi,2020,7,3,Jul/2020,0.009409666666666667,0.0,
2020-07-16,0.008442,cdi,2020,7,3,Jul/2020,0.0093129,0.0,
2020-07-17,0.008442,cdi,2020,7,3,Jul/2020,0.009216133333333331,0.0,
2020-07-20,0.008442,cdi,2020,7,3,Jul/2020,0.009119366666666665,0.0,
2020-07-21,0.008442,cdi,2020,7,3,Jul/2020,0.009022599999999999,0.0,
2020-07-22,0.008442,cdi,2020,7,3,Jul/2020,0.008925833333333332,0.0,
2020-07-23,0.008442,cdi,2020,7,3,Jul/2020,0.008829066666666666,0.0,
2020-07-24,0.008442,cdi,2020,7,3,Jul/2020,0.0087323,0.0,
2020-07-27,0.008442,cdi,2020,7,3,Jul/2020,0.008635533333333334,0.0,
2020-07-28,0.008442,cdi,2020,7,3,Jul/2020,0.008538766666666668,0.0,
2020-07-29,0.008442,cdi,2020,7,3,Jul/2020,0.008442,0.0,
2020-07-30,0.008442,cdi,2020,7,3,Jul/2020,0.008442,0.0,
2020-07-31,0.008442,cdi,2020,7,3,Jul/2020,0.008442,0.0,
2020-08-03,0.008442,cdi,2020,8,3,Aug/2020,0.008442,0.0,
2020-08-04,0.008442,cdi,2020,8,3,Aug/2020,0.008442,0.0,
2020-08-05,0.008442,cdi,2020,8,3,Aug/2020,0.008442,0.0,
2020-08-06,0.007469,cdi,2020,8,3,Aug/2020,0.008409566666666667,-11.525704809286896,
2020-08-07,0.007469,cdi,2020,8,3,Aug/2020,0.008377133333333333,0.0,
2020-08-10,0.007469,cdi,2020,8,3,Aug/2020,0.0083447,0.0,
2020-08-11,0.007469,cdi,2020,8,3,Aug/2020,0.008312266666666667,0.0,
2020-08-12,0.007469,cdi,2020,8,3,Aug/2020,0.008279833333333332,0.0,
2020-08-13,0.007469,cdi,2020,8,3,Aug/2020,0.008247399999999998,0.0,
2020-08-14,0.007469,cdi,2020,8,3,Aug/2020,0.008214966666666667,0.0,
2020-08-17,0.007469,cdi,2020,8,3,Aug/2020,0.008182533333333334,0.0,
2020-08-18,0.007469,cdi,2020,8,3,Aug/2020,0.0081501,0.0,
2020-08-19,0.007469,cdi,2020,8,3,Aug/2020,0.008117666666666667,0.0,
2020-08-20,0.007469,cdi,2020,8,3,Aug/2020,0.008085233333333334,0.0,
2020-08-21,0.007469,cdi,2020,8,3,Aug/2020,0.0080528,0.0,
2020-08-24,0.007469,cdi,2020,8,3,Aug/2020,0.008020366666666667,0.0,
2020-08-25,0.007469,cdi,2020,8,3,Aug/2020,0.007987933333333332,0.0,
2020-08-26,0.007469,cdi,2020,8,3,Aug/2020,0.007955499999999999,0.0,
2020-08-27,0.007469,cdi,2020,8,3,Aug/2020,0.007923066666666666,0.0,
2020-08-28,0.007469,cdi,2020,8,3,Aug/2020,0.007890633333333332,0.0,
2020-08-31,0.007469,cdi,2020,8,3,Aug/2020,0.007858200000000001,0.0,
2020-09-01,0.007469,cdi,2020,9,3,Sep/2020,0.007825766666666668,0.0,
2020-09-02,0.007469,cdi,2020,9,3,Sep/2020,0.0077933333333333335,0.0,
2020-09-03,0.007469,cdi,2020,9,3,Sep/2020,0.0077609,0.0,
2020-09-04,0.007469,cdi,2020,9,3,Sep/2020,0.007728466666666666,0.0,
2020-09-08,0.007469,cdi,2020,9,3,Sep/2020,0.007696033333333334,0.0,
2020-09-09,0.007469,cdi,2020,9,3,Sep/2020,0.0076636000000000004,0.0,
2020-09-10,0.007469,cdi,2020,9,3,Sep/2020,0.007631166666666666,0.0,
2020-09-11,0.007469,cdi,2020,9,3,Sep/2020,0.007598733333333333,0.0,
2020-09-14,0.007469,cdi,2020,9,3,Sep/2020,0.0075663,0.0,
2020-09-15,0.007469,cdi,2020,9,3,Sep/2020,0.0075338666666666665,0.0,
2020-09-16,0.007469,cdi,2020,9,3,Sep/2020,0.007501433333333333,0.0,
2020-09-17,0.007469,cdi,2020,9,3,Sep/2020,0.007469,0.0,
2020-09-18,0.007469,cdi,2020,9,3,Sep/2020,0.007469,0.0,
2020-09-21,0.007469,cdi,2020,9,3,Sep/2020,0.007469,0.0,
2020-09-22,0.007469,cdi,2020,9,3,Sep/2020,0.007469,0.0,
2020-09-23,0.007469,cdi,2020,9,3,Sep/2020,0.007469,0.0,
2020-09-24,0.007469,cdi,2020,9,3,Sep/2020,0.007469,0.0,
2020-09-25,0.007469,cdi,2020,9,3,Sep/2020,0.007469,0.0,
2020-09-28,0.007469,cdi,2020,9,3,Sep/2020,0.007469,0.0,
2020-09-29,0.007469,cdi,2020,9,3,Sep/2020,0.007469,0.0,
2020-09-30,0.007469,cdi,2020,9,3,Sep/2020,0.007469,0.0,
2020-10-01,0.007469,cdi,2020,10,4,Oct/2020,0.007469,0.0,
2020-10-02,0.007469,cdi,2020,10,4,Oct/2020,0.007469,0.0,
2020-10-05,0.007469,cdi,2020,10,4,Oct/2020,0.007469,0.0,
2020-10-06,0.007469,cdi,2020,10,4,Oct/2020,0.007469,0.0,
2020-10-07,0.007469,cdi,2020,10,4,Oct/2020,0.007469,0.0,
2020-10-08,0.007469,cdi,2020,10,4,Oct/2020,0.007469,0.0,
2020-10-09,0.007469,cdi,2020,10,4,Oct/2020,0.007469,0.0,
2020-10-13,0.007469,cdi,2020,10,4,Oct/2020,0.007469,0.0,
2020-10-14,0.007469,cdi,2020,10,4,Oct/2020,0.007469,0.0,
2020-10-15,0.007469,cdi,2020,10,4,Oct/2020,0.007469,0.0,
2020-10-16,0.007469,cdi,2020,10,4,Oct/2020,0.007469,0.0,
2020-10-19,0.007469,cdi,2020,10,4,Oct/2020,0.007469,0.0,
2020-10-20,0.007469,cdi,2020,10,4,Oct/2020,0.007469,0.0,
2020-10-21,0.007469,cdi,2020,10,4,Oct/2020,0.007469,0.0,
2020-10-22,0.007469,cdi,2020,10,4,Oct/2020,0.007469,0.0,
2020-10-23,0.007469,cdi,2020,10,4,Oct/2020,0.007469,0.0,
2020-10-26,0.007469,cdi,2020,10,4,Oct/2020,0.007469,0.0,
2020-10-27,0.007469,cdi,2020,10,4,Oct/2020,0.007469,0.0,
2020-10-28,0.007469,cdi,2020,10,4,Oct/2020,0.007469,0.0,
2020-10-29,0.007469,cdi,2020,10,4,Oct/2020,0.007469,0.0,
2020-10-30,0.007469,cdi,2020,10,4,Oct/2020,0.007469,0.0,
2020-11-03,0.007469,cdi,2020,11,4,Nov/2020,0.007469,0.0,
2020-11-04,0.007469,cdi,2020,11,4,Nov/2020,0.007469,0.0,
2020-11-05,0.007469,cdi,2020,11,4,Nov/2020,0.007469,0.0,
2020-11-06,0.007469,cdi,2020,11,4,Nov/2020,0.007469,0.0,
2020-11-09,0.007469,cdi,2020,11,4,Nov/2020,0.007469,0.0,
2020-11-10,0.007469,cdi,2020,11,4,Nov/2020,0.007469,0.0,
2020-11-11,0.007469,cdi,2020,11,4,Nov/2020,0.007469,0.0,
2020-11-12,0.007469,cdi,2020,11,4,Nov/2020,0.007469,0.0,
2020-11-13,0.007469,cdi,2020,11,4,Nov/2020,0.007469,0.0,
2020-11-16,0.007469,cdi,2020,11,4,Nov/2020,0.007469,0.0,
2020-11-17,0.007469,cdi,2020,11,4,Nov/2020,0.007469,0.0,
2020-11-18,0.007469,cdi,2020,11,4,Nov/2020,0.007469,0.0,
2020-11-19,0.007469,cdi,2020,11,4,Nov/2020,0.007469,0.0,
2020-11-20,0.007469,cdi,2020,11,4,Nov/2020,0.007469,0.0,
2020-11-23,0.007469,cdi,2020,11,4,Nov/2020,0.007469,0.0,
2020-11-24,0.007469,cdi,2020,11,4,Nov/2020,0.007469,0.0,
2020-11-25,0.007469,cdi,2020,11,4,Nov/2020,0.007469,0.0,
2020-11-26,0.007469,cdi,2020,11,4,Nov/2020,0.007469,0.0,
2020-11-27,0.007469,cdi,2020,11,4,Nov/2020,0.007469,0.0,
2020-11-30,0.007469,cdi,2020,11,4,Nov/2020,0.007469,0.0,
2020-12-01,0.007469,cdi,2020,12,4,Dec/2020,0.007469,0.0,
2020-12-02,0.007469,cdi,2020,12,4,Dec/2020,0.007469,0.0,
2020-12-03,0.007469,cdi,2020,12,4,Dec/2020,0.007469,0.0,
2020-12-04,0.007469,cdi,2020,12,4,Dec/2020,0.007469,0.0,
2020-12-07,0.007469,cdi,2020,12,4,Dec/2020,0.007469,0.0,
2020-12-08,0.007469,cdi,2020,12,4,Dec/2020,0.007469,0.0,
2020-12-09,0.007469,cdi,2020,12,4,Dec/2020,0.007469,0.0,
2020-12-10,0.007469,cdi,2020,12,4,Dec/2020,0.007469,0.0,
2020-12-11,0.007469,cdi,2020,12,4,Dec/2020,0.007469,0.0,
2020-12-14,0.007469,cdi,2020,12,4,Dec/2020,0.007469,0.0,
2020-12-15,0.007469,cdi,2020,12,4,Dec/2020,0.007469,0.0,
2020-12-16,0.007469,cdi,2020,12,4,Dec/2020,0.007469,0.0,
2020-12-17,0.007469,cdi,2020,12,4,Dec/2020,0.007469,0.0,
2020-12-18,0.007469,cdi,2020,12,4,Dec/2020,0.007469,0.0,
2020-12-21,0.007469,cdi,2020,12,4,Dec/2020,0.007469,0.0,
2020-12-22,0.007469,cdi,2020,12,4,Dec/2020,0.007469,0.0,
2020-12-23,0.007469,cdi,2020,12,4,Dec/2020,0.007469,0.0,
2020-12-24,0.007469,cdi,2020,12,4,Dec/2020,0.007469,0.0,
2020-12-28,0.007469,cdi,2020,12,4,Dec/2020,0.007469,0.0,
2020-12-29,0.007469,cdi,2020,12,4,Dec/2020,0.007469,0.0,
2020-12-30,0.007469,cdi,2020,12,4,Dec/2020,0.007469,0.0,
2020-12-31,0.007469,cdi,2020,12,4,Dec/2020,0.007469,0.0,
2021-01-04,0.007469,cdi,2021,1,1,Jan/2021,0.007469,0.0,
2021-01-05,0.007469,cdi,2021,1,1,Jan/2021,0.007469,0.0,
2021-01-06,0.007469,cdi,2021,1,1,Jan/2021,0.007469,0.0,
2021-01-07,0.007469,cdi,2021,1,1,Jan/2021,0.007469,0.0,
2021-01-08,0.007469,cdi,2021,1,1,Jan/2021,0.007469,0.0,
2021-01-11,0.007469,cdi,2021,1,1,Jan/2021,0.007469,0.0,
2021-01-12,0.007469,cdi,2021,1,1,Jan/2021,0.007469,0.0,
2021-01-13,0.007469,cdi,2021,1,1,Jan/2021,0.007469,0.0,
2021-01-14,0.007469,cdi,2021,1,1,Jan/2021,0.007469,0.0,
2021-01-15,0.007469,cdi,2021,1,1,Jan/2021,0.007469,0.0,
2021-01-18,0.007469,cdi,2021,1,1,Jan/2021,0.007469,0.0,
2021-01-19,0.007469,cdi,2021,1,1,Jan/2021,0.007469,0.0,
2021-01-20,0.007469,cdi,2021,1,1,Jan/2021,0.007469,0.0,
2021-01-21,0.007469,cdi,2021,1,1,Jan/2021,0.007469,0.0,
2021-01-22,0.007469,cdi,2021,1,1,Jan/2021,0.007469,0.0,
2021-01-25,0.007469,cdi,2021,1,1,Jan/2021,0.007469,0.0,
2021-01-26,0.007469,cdi,2021,1,1,Jan/2021,0.007469,0.0,
2021-01-27,0.007469,cdi,2021,1,1,Jan/2021,0.007469,0.0,
2021-01-28,0.007469,cdi,2021,1,1,Jan/2021,0.007469,0.0,
2021-01-29,0.007469,cdi,2021,1,1,Jan/2021,0.007469,0.0,
2021-02-01,0.007469,cdi,2021,2,1,Feb/2021,0.007469,0.0,
2021-02-02,0.007469,cdi,2021,2,1,Feb/2021,0.007469,0.0,
2021-02-03,0.007469,cdi,2021,2,1,Feb/2021,0.007469,0.0,
2021-02-04,0.007469,cdi,2021,2,1,Feb/2021,0.007469,0.0,
2021-02-05,0.007469,cdi,2021,2,1,Feb/2021,0.007469,0.0,
2021-02-08,0.007469,cdi,2021,2,1,Feb/2021,0.007469,0.0,
2021-02-09,0.007469,cdi,2021,2,1,Feb/2021,0.007469,0.0,
2021-02-10,0.007469,cdi,2021,2,1,Feb/2021,0.007469,0.0,
2021-02-11,0.007469,cdi,2021,2,1,Feb/2021,0.007469,0.0,
2021-02-12,0.007469,cdi,2021,2,1,Feb/2021,0.007469,0.0,
2021-02-17,0.007469,cdi,2021,2,1,Feb/2021,0.007469,0.0,
2021-02-18,0.007469,cdi,2021,2,1,Feb/2021,0.007469,0.0,
2021-02-19,0.007469,cdi,2021,2,1,Feb/2021,0.007469,0.0,
2021-02-22,0.007469,cdi,2021,2,1,Feb/2021,0.007469,0.0,
2021-02-23,0.007469,cdi,2021,2,1,Feb/2021,0.007469,0.0,
2021-02-24,0.007469,cdi,2021,2,1,Feb/2021,0.007469,0.0,
2021-02-25,0.007469,cdi,2021,2,1,Feb/2021,0.007469,0.0,
2021-02-26,0.007469,cdi,2021,2,1,Feb/2021,0.007469,0.0,
2021-03-01,0.007469,cdi,2021,3,1,Mar/2021,0.007469,0.0,
2021-03-02,0.007469,cdi,2021,3,1,Mar/2021,0.007469,0.0,
2021-03-03,0.007469,cdi,2021,3,1,Mar/2021,0.007469,0.0,
2021-03-04,0.007469,cdi,2021,3,1,Mar/2021,0.007469,0.0,
2021-03-05,0.007469,cdi,2021,3,1,Mar/2021,0.007469,0.0,
2021-03-08,0.007469,cdi,2021,3,1,Mar/2021,0.007469,0.0,
2021-03-09,0.007469,cdi,2021,3,1,Mar/2021,0.007469,0.0,
2021-03-10,0.007469,cdi,2021,3,1,Mar/2021,0.007469,0.0,
2021-03-11,0.007469,cdi,2021,3,1,Mar/2021,0.007469,0.0,
2021-03-12,0.007469,cdi,2021,3,1,Mar/2021,0.007469,0.0,
2021-03-15,0.007469,cdi,2021,3,1,Mar/2021,0.007469,0.0,
2021-03-16,0.007469,cdi,2021,3,1,Mar/2021,0.007469,0.0,
2021-03-17,0.007469,cdi,2021,3,1,Mar/2021,0.007469,0.0,
2021-03-18,0.010379,cdi,2021,3,1,Mar/2021,0.007566,38.96103896103895,
2021-03-19,0.010379,cdi,2021,3,1,Mar/2021,0.0076630000000000005,0.0,
2021-03-22,0.010379,cdi,2021,3,1,Mar/2021,0.00776,0.0,
2021-03-23,0.010379,cdi,2021,3,1,Mar/2021,0.007857,0.0,
2021-03-24,0.010379,cdi,2021,3,1,Mar/2021,0.007954,0.0,
2021-03-25,0.010379,cdi,2021,3,1,Mar/2021,0.008050999999999999,0.0,
2021-03-26,0.010379,cdi,2021,3,1,Mar/2021,0.008147999999999999,0.0,
2021-03-29,0.010379,cdi,2021,3,1,Mar/2021,0.008244999999999999,0.0,
2021-03-30,0.010379,cdi,2021,3,1,Mar/2021,0.008341999999999999,0.0,
2021-03-31,0.010379,cdi,2021,3,1,Mar/2021,0.008439,0.0,
2021-04-01,0.010379,cdi,2021,4,2,Apr/2021,0.008535999999999998,0.0,
2021-04-05,0.010379,cdi,2021,4,2,Apr/2021,0.008633,0.0,
2021-04-06,0.010379,cdi,2021,4,2,Apr/2021,0.00873,0.0,
2021-04-07,0.010379,cdi,2021,4,2,Apr/2021,0.008827,0.0,
2021-04-08,0.010379,cdi,2021,4,2,Apr/2021,0.008923999999999998,0.0,
2021-04-09,0.010379,cdi,2021,4,2,Apr/2021,0.009021,0.0,
2021-04-12,0.010379,cdi,2021,4,2,Apr/2021,0.009118,0.0,
2021-04-13,0.010379,cdi,2021,4,2,Apr/2021,0.009215,0.0,
2021-04-14,0.010379,cdi,2021,4,2,Apr/2021,0.009311999999999997,0.0,
2021-04-15,0.010379,cdi,2021,4,2,Apr/2021,0.009408999999999999,0.0,
2021-04-16,0.010379,cdi,2021,4,2,Apr/2021,0.009505999999999999,0.0,
2021-04-19,0.010379,cdi,2021,4,2,Apr/2021,0.009603,0.0,
2021-04-20,0.010379,cdi,2021,4,2,Apr/2021,0.009700000000000002,0.0,
2021-04-22,0.010379,cdi,2021,4,2,Apr/2021,0.009797,0.0,
2021-04-23,0.010379,cdi,2021,4,2,Apr/2021,0.009893999999999998,0.0,
2021-04-26,0.010379,cdi,2021,4,2,Apr/2021,0.009991,0.0,
2021-04-27,0.010379,cdi,2021,4,2,Apr/2021,0.010088000000000001,0.0,
2021-04-28,0.010379,cdi,2021,4,2,Apr/2021,0.010185,0.0,
2021-04-29,0.010379,cdi,2021,4,2,Apr/2021,0.010281999999999998,0.0,
2021-04-30,0.010379,cdi,2021,4,2,Apr/2021,0.010379,0.0,
2021-05-03,0.010379,cdi,2021,5,2,May/2021,0.010379,0.0,
2021-05-04,0.010379,cdi,2021,5,2,May/2021,0.010379,0.0,
2021-05-05,0.010379,cdi,2021,5,2,May/2021,0.010379,0.0,
2021-05-06,0.013269,cdi,2021,5,2,May/2021,0.010475333333333333,27.844686385971684,
2021-05-07,0.013269,cdi,2021,5,2,May/2021,0.010571666666666665,0.0,
2021-05-10,0.013269,cdi,2021,5,2,May/2021,0.010668,0.0,
2021-05-11,0.013269,cdi,2021,5,2,May/2021,0.01076433333333333,0.0,
2021-05-12,0.013269,cdi,2021,5,2,May/2021,0.010860666666666666,0.0,
2021-05-13,0.013269,cdi,2021,5,2,May/2021,0.010956999999999998,0.0,
2021-05-14,0.013269,cdi,2021,5,2,May/2021,0.011053333333333333,0.0,
2021-05-17,0.013269,cdi,2021,5,2,May/2021,0.011149666666666665,0.0,
2021-05-18,0.013269,cdi,2021,5,2,May/2021,0.011245999999999999,0.0,
2021-05-19,0.013269,cdi,2021,5,2,May/2021,0.011342333333333334,0.0,
2021-05-20,0.013269,cdi,2021,5,2,May/2021,0.011438666666666665,0.0,
2021-05-21,0.013269,cdi,2021,5,2,May/2021,0.011535,0.0,
2021-05-24,0.013269,cdi,2021,5,2,May/2021,0.011631333333333332,0.0,
2021-05-25,0.013269,cdi,2021,5,2,May/2021,0.011727666666666667,0.0,
2021-05-26,0.013269,cdi,2021,5,2,May/2021,0.011824,0.0,
2021-05-27,0.013269,cdi,2021,5,2,May/2021,0.011920333333333333,0.0,
2021-05-28,0.013269,cdi,2021,5,2,May/2021,0.012016666666666667,0.0,
2021-05-31,0.013269,cdi,2021,5,2,May/2021,0.012113,0.0,
2021-06-01,0.013269,cdi,2021,6,2,Jun/2021,0.012209333333333332,0.0,
2021-06-02,0.013269,cdi,2021,6,2,Jun/2021,0.012305666666666666,0.0,
2021-06-04,0.013269,cdi,2021,6,2,Jun/2021,0.012402,0.0,
2021-06-07,0.013269,cdi,2021,6,2,Jun/2021,0.012498333333333334,0.0,
2021-06-08,0.013269,cdi,2021,6,2,Jun/2021,0.012594666666666667,0.0,
2021-06-09,0.013269,cdi,2021,6,2,Jun/2021,0.012691000000000001,0.0,
2021-06-10,0.013269,cdi,2021,6,2,Jun/2021,0.012787333333333333,0.0,
2021-06-11,0.013269,cdi,2021,6,2,Jun/2021,0.012883666666666665,0.0,
2021-06-14,0.013269,cdi,2021,6,2,Jun/2021,0.012979999999999998,0.0,
2021-06-15,0.013269,cdi,2021,6,2,Jun/2021,0.013076333333333332,0.0,
2021-06-16,0.013269,cdi,2021,6,2,Jun/2021,0.013172666666666666,0.0,
2021-06-17,0.016137,cdi,2021,6,2,Jun/2021,0.013364599999999999,21.614288944155536,
2021-06-18,0.016137,cdi,2021,6,2,Jun/2021,0.0134602,0.0,
2021-06-21,0.016137,cdi,2021,6,2,Jun/2021,0.0135558,0.0,
2021-06-22,0.016137,cdi,2021,6,2,Jun/2021,0.0136514,0.0,
2021-06-23,0.016137,cdi,2021,6,2,Jun/2021,0.013747,0.0,
2021-06-24,0.016137,cdi,2021,6,2,Jun/2021,0.0138426,0.0,
2021-06-25,0.016137,cdi,2021,6,2,Jun/2021,0.0139382,0.0,
2021-06-28,0.016137,cdi,2021,6,2,Jun/2021,0.014033799999999997,0.0,
2021-06-29,0.016137,cdi,2021,6,2,Jun/2021,0.014129399999999999,0.0,
2021-06-30,0.016137,cdi,2021,6,2,Jun/2021,0.014225,0.0,
2021-07-01,0.016137,cdi,2021,7,3,Jul/2021,0.014320599999999998,0.0,
2021-07-02,0.016137,cdi,2021,7,3,Jul/2021,0.014416199999999999,0.0,
2021-07-05,0.016137,cdi,2021,7,3,Jul/2021,0.014511799999999998,0.0,
2021-07-06,0.016137,cdi,2021,7,3,Jul/2021,0.0146074,0.0,
2021-07-07,0.016137,cdi,2021,7,3,Jul/2021,0.014702999999999997,0.0,
2021-07-08,0.016137,cdi,2021,7,3,Jul/2021,0.014798599999999999,0.0,
2021-07-09,0.016137,cdi,2021,7,3,Jul/2021,0.0148942,0.0,
2021-07-12,0.016137,cdi,2021,7,3,Jul/2021,0.0149898,0.0,
2021-07-13,0.016137,cdi,2021,7,3,Jul/2021,0.015085399999999999,0.0,
2021-07-14,0.016137,cdi,2021,7,3,Jul/2021,0.015180999999999998,0.0,
2021-07-15,0.016137,cdi,2021,7,3,Jul/2021,0.0152766,0.0,
2021-07-16,0.016137,cdi,2021,7,3,Jul/2021,0.015372199999999999,0.0,
2021-07-19,0.016137,cdi,2021,7,3,Jul/2021,0.015467799999999999,0.0,
2021-07-20,0.016137,cdi,2021,7,3,Jul/2021,0.015563399999999998,0.0,
2021-07-21,0.016137,cdi,2021,7,3,Jul/2021,0.015659,0.0,
2021-07-22,0.016137,cdi,2021,7,3,Jul/2021,0.0157546,0.0,
2021-07-23,0.016137,cdi,2021,7,3,Jul/2021,0.0158502,0.0,
2021-07-26,0.016137,cdi,2021,7,3,Jul/2021,0.0159458,0.0,
2021-07-27,0.016137,cdi,2021,7,3,Jul/2021,0.016041399999999997,0.0,
2021-07-28,0.016137,cdi,2021,7,3,Jul/2021,0.016137,0.0,
2021-07-29,0.016137,cdi,2021,7,3,Jul/2021,0.016137,0.0,
2021-07-30,0.016137,cdi,2021,7,3,Jul/2021,0.016137,0.0,
2021-08-02,0.016137,cdi,2021,8,3,Aug/2021,0.016137,0.0,
2021-08-03,0.016137,cdi,2021,8,3,Aug/2021,0.016137,0.0,
2021-08-04,0.016137,cdi,2021,8,3,Aug/2021,0.016137,0.0,
2021-08-05,0.01993,cdi,2021,8,3,Aug/2021,0.01626343333333333,23.504988535663387,
2021-08-06,0.01993,cdi,2021,8,3,Aug/2021,0.016389866666666666,0.0,
2021-08-09,0.01993,cdi,2021,8,3,Aug/2021,0.016516299999999998,0.0,
2021-08-10,0.01993,cdi,2021,8,3,Aug/2021,0.016642733333333333,0.0,
2021-08-11,0.01993,cdi,2021,8,3,Aug/2021,0.016769166666666665,0.0,
2021-08-12,0.01993,cdi,2021,8,3,Aug/2021,0.0168956,0.0,
2021-08-13,0.01993,cdi,2021,8,3,Aug/2021,0.017022033333333336,0.0,
2021-08-16,0.01993,cdi,2021,8,3,Aug/2021,0.017148466666666664,0.0,
2021-08-17,0.01993,cdi,2021,8,3,Aug/2021,0.017274899999999996,0.0,
2021-08-18,0.01993,cdi,2021,8,3,Aug/2021,0.01740133333333333,0.0,
2021-08-19,0.01993,cdi,2021,8,3,Aug/2021,0.017527766666666663,0.0,
2021-08-20,0.01993,cdi,2021,8,3,Aug/2021,0.0176542,0.0,
2021-08-23,0.01993,cdi,2021,8,3,Aug/2021,0.017780633333333334,0.0,
2021-08-24,0.01993,cdi,2021,8,3,Aug/2021,0.017907066666666662,0.0,
2021-08-25,0.01993,cdi,2021,8,3,Aug/2021,0.018033499999999997,0.0,
2021-08-26,0.01993,cdi,2021,8,3,Aug/2021,0.018159933333333333,0.0,
2021-08-27,0.01993,cdi,2021,8,3,Aug/2021,0.018286366666666665,0.0,
2021-08-30,0.01993,cdi,2021,8,3,Aug/2021,0.0184128,0.0,
2021-08-31,0.01993,cdi,2021,8,3,Aug/2021,0.018539233333333332,0.0,
2021-09-01,0.01993,cdi,2021,9,3,Sep/2021,0.018665666666666667,0.0,
2021-09-02,0.01993,cdi,2021,9,3,Sep/2021,0.0187921,0.0,
2021-09-03,0.01993,cdi,2021,9,3,Sep/2021,0.01891853333333333,0.0,
2021-09-06,0.01993,cdi,2021,9,3,Sep/2021,0.019044966666666666,0.0,
2021-09-08,0.01993,cdi,2021,9,3,Sep/2021,0.0191714,0.0,
2021-09-09,0.01993,cdi,2021,9,3,Sep/2021,0.019297833333333334,0.0,
2021-09-10,0.01993,cdi,2021,9,3,Sep/2021,0.01942426666666667,0.0,
2021-09-13,0.01993,cdi,2021,9,3,Sep/2021,0.019550699999999997,0.0,
2021-09-14,0.01993,cdi,2021,9,3,Sep/2021,0.019677133333333333,0.0,
2021-09-15,0.01993,cdi,2021,9,3,Sep/2021,0.019803566666666668,0.0,
2021-09-16,0.01993,cdi,2021,9,3,Sep/2021,0.01993,0.0,
2021-09-17,0.01993,cdi,2021,9,3,Sep/2021,0.01993,0.0,
2021-09-20,0.01993,cdi,2021,9,3,Sep/2021,0.01993,0.0,
2021-09-21,0.01993,cdi,2021,9,3,Sep/2021,0.01993,0.0,
2021-09-22,0.01993,cdi,2021,9,3,Sep/2021,0.01993,0.0,
2021-09-23,0.023687,cdi,2021,9,3,Sep/2021,0.020055233333333332,18.85097842448571,
2021-09-24,0.023687,cdi,2021,9,3,Sep/2021,0.020180466666666664,0.0,
2021-09-27,0.023687,cdi,2021,9,3,Sep/2021,0.020305699999999996,0.0,
2021-09-28,0.023687,cdi,2021,9,3,Sep/2021,0.020430933333333335,0.0,
2021-09-29,0.023687,cdi,2021,9,3,Sep/2021,0.020556166666666667,0.0,
2021-09-30,0.023687,cdi,2021,9,3,Sep/2021,0.020681400000000003,0.0,
2021-10-01,0.023687,cdi,2021,10,4,Oct/2021,0.020806633333333335,0.0,
2021-10-04,0.023687,cdi,2021,10,4,Oct/2021,0.02093186666666667,0.0,
2021-10-05,0.023687,cdi,2021,10,4,Oct/2021,0.021057100000000002,0.0,
2021-10-06,0.023687,cdi,2021,10,4,Oct/2021,0.021182333333333334,0.0,
2021-10-07,0.023687,cdi,2021,10,4,Oct/2021,0.021307566666666666,0.0,
2021-10-08,0.023687,cdi,2021,10,4,Oct/2021,0.0214328,0.0,
2021-10-11,0.023687,cdi,2021,10,4,Oct/2021,0.021558033333333334,0.0,
2021-10-13,0.023687,cdi,2021,10,4,Oct/2021,0.021683266666666666,0.0,
2021-10-14,0.023687,cdi,2021,10,4,Oct/2021,0.0218085,0.0,
2021-10-15,0.023687,cdi,2021,10,4,Oct/2021,0.021933733333333334,0.0,
2021-10-18,0.023687,cdi,2021,10,4,Oct/2021,0.02205896666666667,0.0,
2021-10-19,0.023687,cdi,2021,10,4,Oct/2021,0.022184199999999998,0.0,
2021-10-20,0.023687,cdi,2021,10,4,Oct/2021,0.022309433333333333,0.0,
2021-10-21,0.023687,cdi,2021,10,4,Oct/2021,0.022434666666666665,0.0,
2021-10-22,0.023687,cdi,2021,10,4,Oct/2021,0.0225599,0.0,
2021-10-25,0.023687,cdi,2021,10,4,Oct/2021,0.022685133333333333,0.0,
2021-10-26,0.023687,cdi,2021,10,4,Oct/2021,0.02281036666666667,0.0,
2021-10-27,0.023687,cdi,2021,10,4,Oct/2021,0.0229356,0.0,
2021-10-28,0.029256,cdi,2021,10,4,Oct/2021,0.023246466666666667,23.51078650736691,
2021-10-29,0.029256,cdi,2021,10,4,Oct/2021,0.023557333333333333,0.0,
2021-11-01,0.029256,cdi,2021,11,4,Nov/2021,0.0238682,0.0,
2021-11-03,0.029256,cdi,2021,11,4,Nov/2021,0.02417906666666667,0.0,
2021-11-04,0.029256,cdi,2021,11,4,Nov/2021,0.02448993333333333,0.0,
2021-11-05,0.029256,cdi,2021,11,4,Nov/2021,0.024800799999999998,0.0,
2021-11-08,0.029256,cdi,2021,11,4,Nov/2021,0.024986433333333332,0.0,
2021-11-09,0.029256,cdi,2021,11,4,Nov/2021,0.025172066666666666,0.0,
2021-11-10,0.029256,cdi,2021,11,4,Nov/2021,0.0253577,0.0,
2021-11-11,0.029256,cdi,2021,11,4,Nov/2021,0.02554333333333333,0.0,
2021-11-12,0.029256,cdi,2021,11,4,Nov/2021,0.02572896666666667,0.0,
2021-11-16,0.029256,cdi,2021,11,4,Nov/2021,0.0259146,0.0,
2021-11-17,0.029256,cdi,2021,11,4,Nov/2021,0.026100233333333334,0.0,
2021-11-18,0.029256,cdi,2021,11,4,Nov/2021,0.026285866666666664,0.0,
2021-11-19,0.029256,cdi,2021,11,4,Nov/2021,0.0264715,0.0,
2021-11-22,0.029256,cdi,2021,11,4,Nov/2021,0.026657133333333336,0.0,
2021-11-23,0.029256,cdi,2021,11,4,Nov/2021,0.02684276666666667,0.0,
2021-11-24,0.029256,cdi,2021,11,4,Nov/2021,0.0270284,0.0,
2021-11-25,0.029256,cdi,2021,11,4,Nov/2021,0.027214033333333335,0.0,
2021-11-26,0.029256,cdi,2021,11,4,Nov/2021,0.027399666666666666,0.0,
2021-11-29,0.029256,cdi,2021,11,4,Nov/2021,0.027585299999999997,0.0,
2021-11-30,0.029256,cdi,2021,11,4,Nov/2021,0.027770933333333334,0.0,
2021-12-01,0.029256,cdi,2021,12,4,Dec/2021,0.027956566666666665,0.0,
2021-12-02,0.029256,cdi,2021,12,4,Dec/2021,0.028142200000000003,0.0,
2021-12-03,0.029256,cdi,2021,12,4,Dec/2021,0.028327833333333333,0.0,
2021-12-06,0.029256,cdi,2021,12,4,Dec/2021,0.028513466666666668,0.0,
2021-12-07,0.029256,cdi,2021,12,4,Dec/2021,0.028699099999999998,0.0,
2021-12-08,0.029256,cdi,2021,12,4,Dec/2021,0.028884733333333336,0.0,
2021-12-09,0.034749,cdi,2021,12,4,Dec/2021,0.02925346666666667,18.77563576702215,
2021-12-10,0.034749,cdi,2021,12,4,Dec/2021,0.029622199999999998,0.0,
2021-12-13,0.034749,cdi,2021,12,4,Dec/2021,0.0298053,0.0,
2021-12-14,0.034749,cdi,2021,12,4,Dec/2021,0.029988400000000002,0.0,
2021-12-15,0.034749,cdi,2021,12,4,Dec/2021,0.030171500000000004,0.0,
2021-12-16,0.034749,cdi,2021,12,4,Dec/2021,0.0303546,0.0,
2021-12-17,0.034749,cdi,2021,12,4,Dec/2021,0.0305377,0.0,
2021-12-20,0.034749,cdi,2021,12,4,Dec/2021,0.030720800000000003,0.0,
2021-12-21,0.034749,cdi,2021,12,4,Dec/2021,0.030903899999999998,0.0,
2021-12-22,0.034749,cdi,2021,12,4,Dec/2021,0.031087,0.0,
2021-12-23,0.034749,cdi,2021,12,4,Dec/2021,0.0312701,0.0,
2021-12-24,0.034749,cdi,2021,12,4,Dec/2021,0.0314532,0.0,
2021-12-27,0.034749,cdi,2021,12,4,Dec/2021,0.0316363,0.0,
2021-12-28,0.034749,cdi,2021,12,4,Dec/2021,0.031819400000000005,0.0,
2021-12-29,0.034749,cdi,2021,12,4,Dec/2021,0.0320025,0.0,
2021-12-30,0.034749,cdi,2021,12,4,Dec/2021,0.0321856,0.0,
2021-12-31,0.034749,cdi,2021,12,4,Dec/2021,0.0323687,0.0,
2022-01-03,0.034749,cdi,2022,1,1,Jan/2022,0.0325518,0.0,
2022-01-04,0.034749,cdi,2022,1,1,Jan/2022,0.0327349,0.0,
2022-01-05,0.034749,cdi,2022,1,1,Jan/2022,0.032918,0.0,
2022-01-06,0.034749,cdi,2022,1,1,Jan/2022,0.0331011,0.0,
2022-01-07,0.034749,cdi,2022,1,1,Jan/2022,0.0332842,0.0,
2022-01-10,0.034749,cdi,2022,1,1,Jan/2022,0.0334673,0.0,
2022-01-11,0.034749,cdi,2022,1,1,Jan/2022,0.0336504,0.0,
2022-01-12,0.034749,cdi,2022,1,1,Jan/2022,0.0338335,0.0,
2022-01-13,0.034749,cdi,2022,1,1,Jan/2022,0.0340166,0.0,
2022-01-14,0.034749,cdi,2022,1,1,Jan/2022,0.034199700000000006,0.0,
2022-01-17,0.034749,cdi,2022,1,1,Jan/2022,0.034382800000000005,0.0,
2022-01-18,0.034749,cdi,2022,1,1,Jan/2022,0.034565900000000004,0.0,
2022-01-19,0.034749,cdi,2022,1,1,Jan/2022,0.034749,0.0,
2022-01-20,0.034749,cdi,2022,1,1,Jan/2022,0.034749,0.0,
2022-01-21,0.034749,cdi,2022,1,1,Jan/2022,0.034749,0.0,
2022-01-24,0.034749,cdi,2022,1,1,Jan/2022,0.034749,0.0,
2022-01-25,0.034749,cdi,2022,1,1,Jan/2022,0.034749,0.0,
2022-01-26,0.034749,cdi,2022,1,1,Jan/2022,0.034749,0.0,
2022-01-27,0.034749,cdi,2022,1,1,Jan/2022,0.034749,0.0,
2022-01-28,0.034749,cdi,2022,1,1,Jan/2022,0.034749,0.0,
2022-01-31,0.034749,cdi,2022,1,1,Jan/2022,0.034749,0.0,
2022-02-01,0.034749,cdi,2022,2,1,Feb/2022,0.034749,0.0,
2022-02-02,0.034749,cdi,2022,2,1,Feb/2022,0.034749,0.0,
2022-02-03,0.040168,cdi,2022,2,1,Feb/2022,0.034929633333333335,15.594693372471147,
2022-02-04,0.040168,cdi,2022,2,1,Feb/2022,0.035110266666666674,0.0,
2022-02-07,0.040168,cdi,2022,2,1,Feb/2022,0.03529090000000001,0.0,
2022-02-08,0.040168,cdi,2022,2,1,Feb/2022,0.03547153333333333,0.0,
2022-02-09,0.040168,cdi,2022,2,1,Feb/2022,0.03565216666666667,0.0,
2022-02-10,0.040168,cdi,2022,2,1,Feb/2022,0.035832800000000005,0.0,
2022-02-11,0.040168,cdi,2022,2,1,Feb/2022,0.03601343333333333,0.0,
2022-02-14,0.040168,cdi,2022,2,1,Feb/2022,0.03619406666666667,0.0,
2022-02-15,0.040168,cdi,2022,2,1,Feb/2022,0.0363747,0.0,
2022-02-16,0.040168,cdi,2022,2,1,Feb/2022,0.036555333333333336,0.0,
2022-02-17,0.040168,cdi,2022,2,1,Feb/2022,0.03673596666666667,0.0,
2022-02-18,0.040168,cdi,2022,2,1,Feb/2022,0.0369166,0.0,
2022-02-21,0.040168,cdi,2022,2,1,Feb/2022,0.03709723333333334,0.0,
2022-02-22,0.040168,cdi,2022,2,1,Feb/2022,0.03727786666666667,0.0,
2022-02-23,0.040168,cdi,2022,2,1,Feb/2022,0.0374585,0.0,
2022-02-24,0.040168,cdi,2022,2,1,Feb/2022,0.03763913333333334,0.0,
2022-02-25,0.040168,cdi,2022,2,1,Feb/2022,0.03781976666666667,0.0,
2022-03-02,0.040168,cdi,2022,3,1,Mar/2022,0.038000400000000004,0.0,
2022-03-03,0.040168,cdi,2022,3,1,Mar/2022,0.038181033333333336,0.0,
2022-03-04,0.040168,cdi,2022,3,1,Mar/2022,0.03836166666666666,0.0,
2022-03-07,0.040168,cdi,2022,3,1,Mar/2022,0.0385423,0.0,
2022-03-08,0.040168,cdi,2022,3,1,Mar/2022,0.038722933333333334,0.0,
2022-03-09,0.040168,cdi,2022,3,1,Mar/2022,0.038903566666666674,0.0,
2022-03-10,0.040168,cdi,2022,3,1,Mar/2022,0.039084200000000006,0.0,
2022-03-11,0.040168,cdi,2022,3,1,Mar/2022,0.03926483333333334,0.0,
2022-03-14,0.040168,cdi,2022,3,1,Mar/2022,0.03944546666666667,0.0,
2022-03-15,0.040168,cdi,2022,3,1,Mar/2022,0.039626100000000004,0.0,
2022-03-16,0.040168,cdi,2022,3,1,Mar/2022,0.03980673333333333,0.0,
2022-03-17,0.043739,cdi,2022,3,1,Mar/2022,0.0401064,8.89016132244571,
2022-03-18,0.043739,cdi,2022,3,1,Mar/2022,0.04040606666666667,0.0,
2022-03-21,0.043739,cdi,2022,3,1,Mar/2022,0.0405251,0.0,
2022-03-22,0.043739,cdi,2022,3,1,Mar/2022,0.040644133333333325,0.0,
2022-03-23,0.043739,cdi,2022,3,1,Mar/2022,0.04076316666666667,0.0,
2022-03-24,0.043739,cdi,2022,3,1,Mar/2022,0.0408822,0.0,
2022-03-25,0.043739,cdi,2022,3,1,Mar/2022,0.04100123333333334,0.0,
2022-03-28,0.043739,cdi,2022,3,1,Mar/2022,0.04112026666666667,0.0,
2022-03-29,0.043739,cdi,2022,3,1,Mar/2022,0.0412393,0.0,
2022-03-30,0.043739,cdi,2022,3,1,Mar/2022,0.04135833333333334,0.0,
2022-03-31,0.043739,cdi,2022,3,1,Mar/2022,0.04147736666666667,0.0,
2022-04-01,0.043739,cdi,2022,4,2,Apr/2022,0.041596400000000006,0.0,
2022-04-04,0.043739,cdi,2022,4,2,Apr/2022,0.04171543333333334,0.0,
2022-04-05,0.043739,cdi,2022,4,2,Apr/2022,0.041834466666666674,0.0,
2022-04-06,0.043739,cdi,2022,4,2,Apr/2022,0.0419535,0.0,
2022-04-07,0.043739,cdi,2022,4,2,Apr/2022,0.042072533333333335,0.0,
2022-04-08,0.043739,cdi,2022,4,2,Apr/2022,0.042191566666666666,0.0,
2022-04-11,0.043739,cdi,2022,4,2,Apr/2022,0.0423106,0.0,
2022-04-12,0.043739,cdi,2022,4,2,Apr/2022,0.042429633333333334,0.0,
2022-04-13,0.043739,cdi,2022,4,2,Apr/2022,0.04254866666666667,0.0,
2022-04-14,0.043739,cdi,2022,4,2,Apr/2022,0.0426677,0.0,
2022-04-18,0.043739,cdi,2022,4,2,Apr/2022,0.04278673333333334,0.0,
2022-04-19,0.043739,cdi,2022,4,2,Apr/2022,0.04290576666666667,0.0,
2022-04-20,0.043739,cdi,2022,4,2,Apr/2022,0.0430248,0.0,
2022-04-22,0.043739,cdi,2022,4,2,Apr/2022,0.04314383333333333,0.0,
2022-04-25,0.043739,cdi,2022,4,2,Apr/2022,0.04326286666666666,0.0,
2022-04-26,0.043739,cdi,2022,4,2,Apr/2022,0.043381899999999994,0.0,
2022-04-27,0.043739,cdi,2022,4,2,Apr/2022,0.04350093333333334,0.0,
2022-04-28,0.043739,cdi,2022,4,2,Apr/2022,0.04361996666666667,0.0,
2022-04-29,0.043739,cdi,2022,4,2,Apr/2022,0.043739,0.0,
2022-05-02,0.043739,cdi,2022,5,2,May/2022,0.043739,0.0,
2022-05-03,0.043739,cdi,2022,5,2,May/2022,0.043739,0.0,
2022-05-04,0.043739,cdi,2022,5,2,May/2022,0.043739,0.0,
2022-05-05,0.047279,cdi,2022,5,2,May/2022,0.04385700000000001,8.093463499394126,
2022-05-06,0.047279,cdi,2022,5,2,May/2022,0.04397499999999999,0.0,
2022-05-09,0.047279,cdi,2022,5,2,May/2022,0.044093,0.0,
2022-05-10,0.047279,cdi,2022,5,2,May/2022,0.044211,0.0,
2022-05-11,0.047279,cdi,2022,5,2,May/2022,0.044329,0.0,
2022-05-12,0.047279,cdi,2022,5,2,May/2022,0.044447,0.0,
2022-05-13,0.047279,cdi,2022,5,2,May/2022,0.044565,0.0,
2022-05-16,0.047279,cdi,2022,5,2,May/2022,0.04468300000000001,0.0,
2022-05-17,0.047279,cdi,2022,5,2,May/2022,0.044800999999999994,0.0,
2022-05-18,0.047279,cdi,2022,5,2,May/2022,0.044919,0.0,
2022-05-19,0.047279,cdi,2022,5,2,May/2022,0.045037,0.0,
2022-05-20,0.047279,cdi,2022,5,2,May/2022,0.045154999999999994,0.0,
2022-05-23,0.047279,cdi,2022,5,2,May/2022,0.045273,0.0,
2022-05-24,0.047279,cdi,2022,5,2,May/2022,0.045391,0.0,
2022-05-25,0.047279,cdi,2022,5,2,May/2022,0.045509,0.0,
2022-05-26,0.047279,cdi,2022,5,2,May/2022,0.045627,0.0,
2022-05-27,0.047279,cdi,2022,5,2,May/2022,0.045745,0.0,
2022-05-30,0.047279,cdi,2022,5,2,May/2022,0.045863,0.0,
2022-05-31,0.047279,cdi,2022,5,2,May/2022,0.045981,0.0,
2022-06-01,0.047279,cdi,2022,6,2,Jun/2022,0.046099,0.0,
2022-06-02,0.047279,cdi,2022,6,2,Jun/2022,0.046217,0.0,
2022-06-03,0.047279,cdi,2022,6,2,Jun/2022,0.046335,0.0,
2022-06-06,0.047279,cdi,2022,6,2,Jun/2022,0.046453,0.0,
2022-06-07,0.047279,cdi,2022,6,2,Jun/2022,0.04657100000000001,0.0,
2022-06-08,0.047279,cdi,2022,6,2,Jun/2022,0.046689,0.0,
2022-06-09,0.047279,cdi,2022,6,2,Jun/2022,0.046807,0.0,
2022-06-10,0.047279,cdi,2022,6,2,Jun/2022,0.046925,0.0,
2022-06-13,0.047279,cdi,2022,6,2,Jun/2022,0.047042999999999995,0.0,
2022-06-14,0.047279,cdi,2022,6,2,Jun/2022,0.047161,0.0,
2022-06-15,0.047279,cdi,2022,6,2,Jun/2022,0.047279,0.0,
2022-06-17,0.049037,cdi,2022,6,2,Jun/2022,0.0473376,3.7183527570380015,
2022-06-20,0.049037,cdi,2022,6,2,Jun/2022,0.0473962,0.0,
2022-06-21,0.049037,cdi,2022,6,2,Jun/2022,0.047454800000000005,0.0,
2022-06-22,0.049037,cdi,2022,6,2,Jun/2022,0.047513400000000004,0.0,
2022-06-23,0.049037,cdi,2022,6,2,Jun/2022,0.047571999999999996,0.0,
2022-06-24,0.049037,cdi,2022,6,2,Jun/2022,0.0476306,0.0,
2022-06-27,0.049037,cdi,2022,6,2,Jun/2022,0.0476892,0.0,
2022-06-28,0.049037,cdi,2022,6,2,Jun/2022,0.0477478,0.0,
2022-06-29,0.049037,cdi,2022,6,2,Jun/2022,0.047806400000000006,0.0,
2022-06-30,0.049037,cdi,2022,6,2,Jun/2022,0.047865000000000005,0.0,
2022-07-01,0.049037,cdi,2022,7,3,Jul/2022,0.0479236,0.0,
2022-07-04,0.049037,cdi,2022,7,3,Jul/2022,0.0479822,0.0,
2022-07-05,0.049037,cdi,2022,7,3,Jul/2022,0.0480408,0.0,
2022-07-06,0.049037,cdi,2022,7,3,Jul/2022,0.0480994,0.0,
2022-07-07,0.049037,cdi,2022,7,3,Jul/2022,0.048158000000000006,0.0,
2022-07-08,0.049037,cdi,2022,7,3,Jul/2022,0.048216600000000005,0.0,
2022-07-11,0.049037,cdi,2022,7,3,Jul/2022,0.0482752,0.0,
2022-07-12,0.049037,cdi,2022,7,3,Jul/2022,0.0483338,0.0,
2022-07-13,0.049037,cdi,2022,7,3,Jul/2022,0.0483924,0.0,
2022-07-14,0.049037,cdi,2022,7,3,Jul/2022,0.048451,0.0,
2022-07-15,0.049037,cdi,2022,7,3,Jul/2022,0.0485096,0.0,
2022-07-18,0.049037,cdi,2022,7,3,Jul/2022,0.0485682,0.0,
2022-07-19,0.049037,cdi,2022,7,3,Jul/2022,0.0486268,0.0,
2022-07-20,0.049037,cdi,2022,7,3,Jul/2022,0.0486854,0.0,
2022-07-21,0.049037,cdi,2022,7,3,Jul/2022,0.048744,0.0,
2022-07-22,0.049037,cdi,2022,7,3,Jul/2022,0.0488026,0.0,
2022-07-25,0.049037,cdi,2022,7,3,Jul/2022,0.0488612,0.0,
2022-07-26,0.049037,cdi,2022,7,3,Jul/2022,0.0489198,0.0,
2022-07-27,0.049037,cdi,2022,7,3,Jul/2022,0.0489784,0.0,
2022-07-28,0.049037,cdi,2022,7,3,Jul/2022,0.049037,0.0,
2022-07-29,0.049037,cdi,2022,7,3,Jul/2022,0.049037,0.0,
2022-08-01,0.049037,cdi,2022,8,3,Aug/2022,0.049037,0.0,
2022-08-02,0.049037,cdi,2022,8,3,Aug/2022,0.049037,0.0,
2022-08-03,0.049037,cdi,2022,8,3,Aug/2022,0.049037,0.0,
2022-08-04,0.050788,cdi,2022,8,3,Aug/2022,0.04909536666666667,3.5707730897077683,
2022-08-05,0.050788,cdi,2022,8,3,Aug/2022,0.049153733333333324,0.0,
2022-08-08,0.050788,cdi,2022,8,3,Aug/2022,0.049212099999999995,0.0,
2022-08-09,0.050788,cdi,2022,8,3,Aug/2022,0.049270466666666665,0.0,
2022-08-10,0.050788,cdi,2022,8,3,Aug/2022,0.04932883333333333,0.0,
2022-08-11,0.050788,cdi,2022,8,3,Aug/2022,0.04938719999999999,0.0,
2022-08-12,0.050788,cdi,2022,8,3,Aug/2022,0.04944556666666666,0.0,
2022-08-15,0.050788,cdi,2022,8,3,Aug/2022,0.04950393333333333,0.0,
2022-08-16,0.050788,cdi,2022,8,3,Aug/2022,0.0495623,0.0,
2022-08-17,0.050788,cdi,2022,8,3,Aug/2022,0.04962066666666666,0.0,
2022-08-18,0.050788,cdi,2022,8,3,Aug/2022,0.04967903333333333,0.0,
2022-08-19,0.050788,cdi,2022,8,3,Aug/2022,0.0497374,0.0,
2022-08-22,0.050788,cdi,2022,8,3,Aug/2022,0.04979576666666666,0.0,
2022-08-23,0.050788,cdi,2022,8,3,Aug/2022,0.04985413333333333,0.0,
2022-08-24,0.050788,cdi,2022,8,3,Aug/2022,0.0499125,0.0,
2022-08-25,0.050788,cdi,2022,8,3,Aug/2022,0.04997086666666666,0.0,
2022-08-26,0.050788,cdi,2022,8,3,Aug/2022,0.05002923333333333,0.0,
2022-08-29,0.050788,cdi,2022,8,3,Aug/2022,0.050087599999999996,0.0,
2022-08-30,0.050788,cdi,2022,8,3,Aug/2022,0.050145966666666666,0.0,
2022-08-31,0.050788,cdi,2022,8,3,Aug/2022,0.05020433333333333,0.0,
2022-09-01,0.050788,cdi,2022,9,3,Sep/2022,0.050262699999999993,0.0,
2022-09-02,0.050788,cdi,2022,9,3,Sep/2022,0.050321066666666664,0.0,
2022-09-05,0.050788,cdi,2022,9,3,Sep/2022,0.05037943333333333,0.0,
2022-09-06,0.050788,cdi,2022,9,3,Sep/2022,0.0504378,0.0,
2022-09-08,0.050788,cdi,2022,9,3,Sep/2022,0.05049616666666667,0.0,
2022-09-09,0.050788,cdi,2022,9,3,Sep/2022,0.05055453333333333,0.0,
2022-09-12,0.050788,cdi,2022,9,3,Sep/2022,0.050612899999999995,0.0,
2022-09-13,0.050788,cdi,2022,9,3,Sep/2022,0.050671266666666666,0.0,
2022-09-14,0.050788,cdi,2022,9,3,Sep/2022,0.05072963333333333,0.0,
2022-09-15,0.050788,cdi,2022,9,3,Sep/2022,0.050788,0.0,
2022-09-16,0.050788,cdi,2022,9,3,Sep/2022,0.050788,0.0,
2022-09-19,0.050788,cdi,2022,9,3,Sep/2022,0.050788,0.0,
2022-09-20,0.050788,cdi,2022,9,3,Sep/2022,0.050788,0.0,
2022-09-21,0.050788,cdi,2022,9,3,Sep/2022,0.050788,0.0,
2022-09-22,0.050788,cdi,2022,9,3,Sep/2022,0.050788,0.0,
2022-09-23,0.050788,cdi,2022,9,3,Sep/2022,0.050788,0.0,
2022-09-26,0.050788,cdi,2022,9,3,Sep/2022,0.050788,0.0,
2022-09-27,0.050788,cdi,2022,9,3,Sep/2022,0.050788,0.0,
2022-09-28,0.050788,cdi,2022,9,3,Sep/2022,0.050788,0.0,
2022-09-29,0.050788,cdi,2022,9,3,Sep/2022,0.050788,0.0,
2022-09-30,0.050788,cdi,2022,9,3,Sep/2022,0.050788,0.0,
2022-10-03,0.050788,cdi,2022,10,4,Oct/2022,0.050788,0.0,
2022-10-04,0.050788,cdi,2022,10,4,Oct/2022,0.050788,0.0,
2022-10-05,0.050788,cdi,2022,10,4,Oct/2022,0.050788,0.0,
2022-10-06,0.050788,cdi,2022,10,4,Oct/2022,0.050788,0.0,
2022-10-07,0.050788,cdi,2022,10,4,Oct/2022,0.050788,0.0,
2022-10-10,0.050788,cdi,2022,10,4,Oct/2022,0.050788,0.0,
2022-10-11,0.050788,cdi,2022,10,4,Oct/2022,0.050788,0.0,
2022-10-13,0.050788,cdi,2022,10,4,Oct/2022,0.050788,0.0,
2022-10-14,0.050788,cdi,2022,10,4,Oct/2022,0.050788,0.0,
2022-10-17,0.050788,cdi,2022,10,4,Oct/2022,0.050788,0.0,
2022-10-18,0.050788,cdi,2022,10,4,Oct/2022,0.050788,0.0,
2022-10-19,0.050788,cdi,2022,10,4,Oct/2022,0.050788,0.0,
2022-10-20,0.050788,cdi,2022,10,4,Oct/2022,0.050788,0.0,
2022-10-21,0.050788,cdi,2022,10,4,Oct/2022,0.050788,0.0,
2022-10-24,0.050788,cdi,2022,10,4,Oct/2022,0.050788,0.0,
2022-10-25,0.050788,cdi,2022,10,4,Oct/2022,0.050788,0.0,
2022-10-26,0.050788,cdi,2022,10,4,Oct/2022,0.050788,0.0,
2022-10-27,0.050788,cdi,2022,10,4,Oct/2022,0.050788,0.0,
2022-10-28,0.050788,cdi,2022,10,4,Oct/2022,0.050788,0.0,
2022-10-31,0.050788,cdi,2022,10,4,Oct/2022,0.050788,0.0,
2022-11-01,0.050788,cdi,2022,11,4,Nov/2022,0.050788,0.0,
2022-11-03,0.050788,cdi,2022,11,4,Nov/2022,0.050788,0.0,
2022-11-04,0.050788,cdi,2022,11,4,Nov/2022,0.050788,0.0,
2022-11-07,0.050788,cdi,2022,11,4,Nov/2022,0.050788,0.0,
2022-11-08,0.050788,cdi,2022,11,4,Nov/2022,0.050788,0.0,
2022-11-09,0.050788,cdi,2022,11,4,Nov/2022,0.050788,0.0,
2022-11-10,0.050788,cdi,2022,11,4,Nov/2022,0.050788,0.0,
2022-11-11,0.050788,cdi,2022,11,4,Nov/2022,0.050788,0.0,
2022-11-14,0.050788,cdi,2022,11,4,Nov/2022,0.050788,0.0,
2022-11-16,0.050788,cdi,2022,11,4,Nov/2022,0.050788,0.0,
2022-11-17,0.050788,cdi,2022,11,4,Nov/2022,0.050788,0.0,
2022-11-18,0.050788,cdi,2022,11,4,Nov/2022,0.050788,0.0,
2022-11-21,0.050788,cdi,2022,11,4,Nov/2022,0.050788,0.0,
2022-11-22,0.050788,cdi,2022,11,4,Nov/2022,0.050788,0.0,
2022-11-23,0.050788,cdi,2022,11,4,Nov/2022,0.050788,0.0,
2022-11-24,0.050788,cdi,2022,11,4,Nov/2022,0.050788,0.0,
2022-11-25,0.050788,cdi,2022,11,4,Nov/2022,0.050788,0.0,
2022-11-28,0.050788,cdi,2022,11,4,Nov/2022,0.050788,0.0,
2022-11-29,0.050788,cdi,2022,11,4,Nov/2022,0.050788,0.0,
2022-11-30,0.050788,cdi,2022,11,4,Nov/2022,0.050788,0.0,
2022-12-01,0.050788,cdi,2022,12,4,Dec/2022,0.050788,0.0,
2022-12-02,0.050788,cdi,2022,12,4,Dec/2022,0.050788,0.0,
2022-12-05,0.050788,cdi,2022,12,4,Dec/2022,0.050788,0.0,
2022-12-06,0.050788,cdi,2022,12,4,Dec/2022,0.050788,0.0,
2022-12-07,0.050788,cdi,2022,12,4,Dec/2022,0.050788,0.0,
2022-12-08,0.050788,cdi,2022,12,4,Dec/2022,0.050788,0.0,
2022-12-09,0.050788,cdi,2022,12,4,Dec/2022,0.050788,0.0,
2022-12-12,0.050788,cdi,2022,12,4,Dec/2022,0.050788,0.0,
2022-12-13,0.050788,cdi,2022,12,4,Dec/2022,0.050788,0.0,
2022-12-14,0.050788,cdi,2022,12,4,Dec/2022,0.050788,0.0,
2022-12-15,0.050788,cdi,2022,12,4,Dec/2022,0.050788,0.0,
2022-12-16,0.050788,cdi,2022,12,4,Dec/2022,0.050788,0.0,
2022-12-19,0.050788,cdi,2022,12,4,Dec/2022,0.050788,0.0,
2022-12-20,0.050788,cdi,2022,12,4,Dec/2022,0.050788,0.0,
2022-12-21,0.050788,cdi,2022,12,4,Dec/2022,0.050788,0.0,
2022-12-22,0.050788,cdi,2022,12,4,Dec/2022,0.050788,0.0,
2022-12-23,0.050788,cdi,2022,12,4,Dec/2022,0.050788,0.0,
2022-12-26,0.050788,cdi,2022,12,4,Dec/2022,0.050788,0.0,
2022-12-27,0.050788,cdi,2022,12,4,Dec/2022,0.050788,0.0,
2022-12-28,0.050788,cdi,2022,12,4,Dec/2022,0.050788,0.0,
2022-12-29,0.050788,cdi,2022,12,4,Dec/2022,0.050788,0.0,
2022-12-30,0.050788,cdi,2022,12,4,Dec/2022,0.050788,0.0,
2023-01-02,0.050788,cdi,2023,1,1,Jan/2023,0.050788,0.0,
2023-01-03,0.050788,cdi,2023,1,1,Jan/2023,0.050788,0.0,
2023-01-04,0.050788,cdi,2023,1,1,Jan/2023,0.050788,0.0,
2023-01-05,0.050788,cdi,2023,1,1,Jan/2023,0.050788,0.0,
2023-01-06,0.050788,cdi,2023,1,1,Jan/2023,0.050788,0.0,
2023-01-09,0.050788,cdi,2023,1,1,Jan/2023,0.050788,0.0,
2023-01-10,0.050788,cdi,2023,1,1,Jan/2023,0.050788,0.0,
2023-01-11,0.050788,cdi,2023,1,1,Jan/2023,0.050788,0.0,
2023-01-12,0.050788,cdi,2023,1,1,Jan/2023,0.050788,0.0,
2023-01-13,0.050788,cdi,2023,1,1,Jan/2023,0.050788,0.0,
2023-01-16,0.050788,cdi,2023,1,1,Jan/2023,0.050788,0.0,
2023-01-17,0.050788,cdi,2023,1,1,Jan/2023,0.050788,0.0,
2023-01-18,0.050788,cdi,2023,1,1,Jan/2023,0.050788,0.0,
2023-01-19,0.050788,cdi,2023,1,1,Jan/2023,0.050788,0.0,
2023-01-20,0.050788,cdi,2023,1,1,Jan/2023,0.050788,0.0,
2023-01-23,0.050788,cdi,2023,1,1,Jan/2023,0.050788,0.0,
2023-01-24,0.050788,cdi,2023,1,1,Jan/2023,0.050788,0.0,
2023-01-25,0.050788,cdi,2023,1,1,Jan/2023,0.050788,0.0,
2023-01-26,0.050788,cdi,2023,1,1,Jan/2023,0.050788,0.0,
2023-01-27,0.050788,cdi,2023,1,1,Jan/2023,0.050788,0.0,
2023-01-30,0.050788,cdi,2023,1,1,Jan/2023,0.050788,0.0,
2023-01-31,0.050788,cdi,2023,1,1,Jan/2023,0.050788,0.0,
2023-02-01,0.050788,cdi,2023,2,1,Feb/2023,0.050788,0.0,
2023-02-02,0.050788,cdi,2023,2,1,Feb/2023,0.050788,0.0,
2023-02-03,0.050788,cdi,2023,2,1,Feb/2023,0.050788,0.0,
2023-02-06,0.050788,cdi,2023,2,1,Feb/2023,0.050788,0.0,
2023-02-07,0.050788,cdi,2023,2,1,Feb/2023,0.050788,0.0,
2023-02-08,0.050788,cdi,2023,2,1,Feb/2023,0.050788,0.0,
2023-02-09,0.050788,cdi,2023,2,1,Feb/2023,0.050788,0.0,
2023-02-10,0.050788,cdi,2023,2,1,Feb/2023,0.050788,0.0,
2023-02-13,0.050788,cdi,2023,2,1,Feb/2023,0.050788,0.0,
2023-02-14,0.050788,cdi,2023,2,1,Feb/2023,0.050788,0.0,
2023-02-15,0.050788,cdi,2023,2,1,Feb/2023,0.050788,0.0,
2023-02-16,0.050788,cdi,2023,2,1,Feb/2023,0.050788,0.0,
2023-02-17,0.050788,cdi,2023,2,1,Feb/2023,0.050788,0.0,
2023-02-22,0.050788,cdi,2023,2,1,Feb/2023,0.050788,0.0,
2023-02-23,0.050788,cdi,2023,2,1,Feb/2023,0.050788,0.0,
2023-02-24,0.050788,cdi,2023,2,1,Feb/2023,0.050788,0.0,
2023-02-27,0.050788,cdi,2023,2,1,Feb/2023,0.050788,0.0,
2023-02-28,0.050788,cdi,2023,2,1,Feb/2023,0.050788,0.0,
2023-03-01,0.050788,cdi,2023,3,1,Mar/2023,0.050788,0.0,
2023-03-02,0.050788,cdi,2023,3,1,Mar/2023,0.050788,0.0,
2023-03-03,0.050788,cdi,2023,3,1,Mar/2023,0.050788,0.0,
2023-03-06,0.050788,cdi,2023,3,1,Mar/2023,0.050788,0.0,
2023-03-07,0.050788,cdi,2023,3,1,Mar/2023,0.050788,0.0,
2023-03-08,0.050788,cdi,2023,3,1,Mar/2023,0.050788,0.0,
2023-03-09,0.050788,cdi,2023,3,1,Mar/2023,0.050788,0.0,
2023-03-10,0.050788,cdi,2023,3,1,Mar/2023,0.050788,0.0,
2023-03-13,0.050788,cdi,2023,3,1,Mar/2023,0.050788,0.0,
2023-03-14,0.050788,cdi,2023,3,1,Mar/2023,0.050788,0.0,
2023-03-15,0.050788,cdi,2023,3,1,Mar/2023,0.050788,0.0,
2023-03-16,0.050788,cdi,2023,3,1,Mar/2023,0.050788,0.0,
2023-03-17,0.050788,cdi,2023,3,1,Mar/2023,0.050788,0.0,
2023-03-20,0.050788,cdi,2023,3,1,Mar/2023,0.050788,0.0,
2023-03-21,0.050788,cdi,2023,3,1,Mar/2023,0.050788,0.0,
2023-03-22,0.050788,cdi,2023,3,1,Mar/2023,0.050788,0.0,
2023-03-23,0.050788,cdi,2023,3,1,Mar/2023,0.050788,0.0,
2023-03-24,0.050788,cdi,2023,3,1,Mar/2023,0.050788,0.0,
2023-03-27,0.050788,cdi,2023,3,1,Mar/2023,0.050788,0.0,
2023-03-28,0.050788,cdi,2023,3,1,Mar/2023,0.050788,0.0,
2023-03-29,0.050788,cdi,2023,3,1,Mar/2023,0.050788,0.0,
2023-03-30,0.050788,cdi,2023,3,1,Mar/2023,0.050788,0.0,
2023-03-31,0.050788,cdi,2023,3,1,Mar/2023,0.050788,0.0,
2023-04-03,0.050788,cdi,2023,4,2,Apr/2023,0.050788,0.0,
2023-04-04,0.050788,cdi,2023,4,2,Apr/2023,0.050788,0.0,
2023-04-05,0.050788,cdi,2023,4,2,Apr/2023,0.050788,0.0,
2023-04-06,0.050788,cdi,2023,4,2,Apr/2023,0.050788,0.0,
2023-04-10,0.050788,cdi,2023,4,2,Apr/2023,0.050788,0.0,
2023-04-11,0.050788,cdi,2023,4,2,Apr/2023,0.050788,0.0,
2023-04-12,0.050788,cdi,2023,4,2,Apr/2023,0.050788,0.0,
2023-04-13,0.050788,cdi,2023,4,2,Apr/2023,0.050788,0.0,
2023-04-14,0.050788,cdi,2023,4,2,Apr/2023,0.050788,0.0,
2023-04-17,0.050788,cdi,2023,4,2,Apr/2023,0.050788,0.0,
2023-04-18,0.050788,cdi,2023,4,2,Apr/2023,0.050788,0.0,
2023-04-19,0.050788,cdi,2023,4,2,Apr/2023,0.050788,0.0,
2023-04-20,0.050788,cdi,2023,4,2,Apr/2023,0.050788,0.0,
2023-04-24,0.050788,cdi,2023,4,2,Apr/2023,0.050788,0.0,
2023-04-25,0.050788,cdi,2023,4,2,Apr/2023,0.050788,0.0,
2023-04-26,0.050788,cdi,2023,4,2,Apr/2023,0.050788,0.0,
2023-04-27,0.050788,cdi,2023,4,2,Apr/2023,0.050788,0.0,
2023-04-28,0.050788,cdi,2023,4,2,Apr/2023,0.050788,0.0,
2023-05-02,0.050788,cdi,2023,5,2,May/2023,0.050788,0.0,
2023-05-03,0.050788,cdi,2023,5,2,May/2023,0.050788,0.0,
2023-05-04,0.050788,cdi,2023,5,2,May/2023,0.050788,0.0,
2023-05-05,0.050788,cdi,2023,5,2,May/2023,0.050788,0.0,
2023-05-08,0.050788,cdi,2023,5,2,May/2023,0.050788,0.0,
2023-05-09,0.050788,cdi,2023,5,2,May/2023,0.050788,0.0,
2023-05-10,0.050788,cdi,2023,5,2,May/2023,0.050788,0.0,
2023-05-11,0.050788,cdi,2023,5,2,May/2023,0.050788,0.0,
2023-05-12,0.050788,cdi,2023,5,2,May/2023,0.050788,0.0,
2023-05-15,0.050788,cdi,2023,5,2,May/2023,0.050788,0.0,
2023-05-16,0.050788,cdi,2023,5,2,May/2023,0.050788,0.0,
2023-05-17,0.050788,cdi,2023,5,2,May/2023,0.050788,0.0,
2023-05-18,0.050788,cdi,2023,5,2,May/2023,0.050788,0.0,
2023-05-19,0.050788,cdi,2023,5,2,May/2023,0.050788,0.0,
2023-05-22,0.050788,cdi,2023,5,2,May/2023,0.050788,0.0,
2023-05-23,0.050788,cdi,2023,5,2,May/2023,0.050788,0.0,
2023-05-24,0.050788,cdi,2023,5,2,May/2023,0.050788,0.0,
2023-05-25,0.050788,cdi,2023,5,2,May/2023,0.050788,0.0,
2023-05-26,0.050788,cdi,2023,5,2,May/2023,0.050788,0.0,
2023-05-29,0.050788,cdi,2023,5,2,May/2023,0.050788,0.0,
2023-05-30,0.050788,cdi,2023,5,2,May/2023,0.050788,0.0,
2023-05-31,0.050788,cdi,2023,5,2,May/2023,0.050788,0.0,
2023-06-01,0.050788,cdi,2023,6,2,Jun/2023,0.050788,0.0,
2023-06-02,0.050788,cdi,2023,6,2,Jun/2023,0.050788,0.0,
2023-06-05,0.050788,cdi,2023,6,2,Jun/2023,0.050788,0.0,
2023-06-06,0.050788,cdi,2023,6,2,Jun/2023,0.050788,0.0,
2023-06-07,0.050788,cdi,2023,6,2,Jun/2023,0.050788,0.0,
2023-06-09,0.050788,cdi,2023,6,2,Jun/2023,0.050788,0.0,
2023-06-12,0.050788,cdi,2023,6,2,Jun/2023,0.050788,0.0,
2023-06-13,0.050788,cdi,2023,6,2,Jun/2023,0.050788,0.0,
2023-06-14,0.050788,cdi,2023,6,2,Jun/2023,0.050788,0.0,
2023-06-15,0.050788,cdi,2023,6,2,Jun/2023,0.050788,0.0,
2023-06-16,0.050788,cdi,2023,6,2,Jun/2023,0.050788,0.0,
2023-06-19,0.050788,cdi,2023,6,2,Jun/2023,0.050788,0.0,
2023-06-20,0.050788,cdi,2023,6,2,Jun/2023,0.050788,0.0,
2023-06-21,0.050788,cdi,2023,6,2,Jun/2023,0.050788,0.0,
2023-06-22,0.050788,cdi,2023,6,2,Jun/2023,0.050788,0.0,
2023-06-23,0.050788,cdi,2023,6,2,Jun/2023,0.050788,0.0,
2023-06-26,0.050788,cdi,2023,6,2,Jun/2023,0.050788,0.0,
2023-06-27,0.050788,cdi,2023,6,2,Jun/2023,0.050788,0.0,
2023-06-28,0.050788,cdi,2023,6,2,Jun/2023,0.050788,0.0,
2023-06-29,0.050788,cdi,2023,6,2,Jun/2023,0.050788,0.0,
2023-06-30,0.050788,cdi,2023,6,2,Jun/2023,0.050788,0.0,
2023-07-03,0.050788,cdi,2023,7,3,Jul/2023,0.050788,0.0,
2023-07-04,0.050788,cdi,2023,7,3,Jul/2023,0.050788,0.0,
2023-07-05,0.050788,cdi,2023,7,3,Jul/2023,0.050788,0.0,
2023-07-06,0.050788,cdi,2023,7,3,Jul/2023,0.050788,0.0,
2023-07-07,0.050788,cdi,2023,7,3,Jul/2023,0.050788,0.0,
2023-07-10,0.050788,cdi,2023,7,3,Jul/2023,0.050788,0.0,
2023-07-11,0.050788,cdi,2023,7,3,Jul/2023,0.050788,0.0,
2023-07-12,0.050788,cdi,2023,7,3,Jul/2023,0.050788,0.0,
2023-07-13,0.050788,cdi,2023,7,3,Jul/2023,0.050788,0.0,
2023-07-14,0.050788,cdi,2023,7,3,Jul/2023,0.050788,0.0,
2023-07-17,0.050788,cdi,2023,7,3,Jul/2023,0.050788,0.0,
2023-07-18,0.050788,cdi,2023,7,3,Jul/2023,0.050788,0.0,
2023-07-19,0.050788,cdi,2023,7,3,Jul/2023,0.050788,0.0,
2023-07-20,0.050788,cdi,2023,7,3,Jul/2023,0.050788,0.0,
2023-07-21,0.050788,cdi,2023,7,3,Jul/2023,0.050788,0.0,
2023-07-24,0.050788,cdi,2023,7,3,Jul/2023,0.050788,0.0,
2023-07-25,0.050788,cdi,2023,7,3,Jul/2023,0.050788,0.0,
2023-07-26,0.050788,cdi,2023,7,3,Jul/2023,0.050788,0.0,
2023-07-27,0.050788,cdi,2023,7,3,Jul/2023,0.050788,0.0,
2023-07-28,0.050788,cdi,2023,7,3,Jul/2023,0.050788,0.0,
2023-07-31,0.050788,cdi,2023,7,3,Jul/2023,0.050788,0.0,
2023-08-01,0.050788,cdi,2023,8,3,Aug/2023,0.050788,0.0,
2023-08-02,0.050788,cdi,2023,8,3,Aug/2023,0.050788,0.0,
2023-08-03,0.049037,cdi,2023,8,3,Aug/2023,0.050729633333333336,-3.447664802709305,
2023-08-04,0.049037,cdi,2023,8,3,Aug/2023,0.050671266666666666,0.0,
2023-08-07,0.049037,cdi,2023,8,3,Aug/2023,0.050612899999999995,0.0,
2023-08-08,0.049037,cdi,2023,8,3,Aug/2023,0.05055453333333333,0.0,
2023-08-09,0.049037,cdi,2023,8,3,Aug/2023,0.05049616666666666,0.0,
2023-08-10,0.049037,cdi,2023,8,3,Aug/2023,0.0504378,0.0,
2023-08-11,0.049037,cdi,2023,8,3,Aug/2023,0.05037943333333333,0.0,
2023-08-14,0.049037,cdi,2023,8,3,Aug/2023,0.050321066666666664,0.0,
2023-08-15,0.049037,cdi,2023,8,3,Aug/2023,0.0502627,0.0,
2023-08-16,0.049037,cdi,2023,8,3,Aug/2023,0.05020433333333333,0.0,
2023-08-17,0.049037,cdi,2023,8,3,Aug/2023,0.050145966666666666,0.0,
2023-08-18,0.049037,cdi,2023,8,3,Aug/2023,0.050087599999999996,0.0,
2023-08-21,0.049037,cdi,2023,8,3,Aug/2023,0.050029233333333326,0.0,
2023-08-22,0.049037,cdi,2023,8,3,Aug/2023,0.04997086666666666,0.0,
2023-08-23,0.049037,cdi,2023,8,3,Aug/2023,0.0499125,0.0,
2023-08-24,0.049037,cdi,2023,8,3,Aug/2023,0.04985413333333333,0.0,
2023-08-25,0.049037,cdi,2023,8,3,Aug/2023,0.049795766666666665,0.0,
2023-08-28,0.049037,cdi,2023,8,3,Aug/2023,0.0497374,0.0,
2023-08-29,0.049037,cdi,2023,8,3,Aug/2023,0.04967903333333333,0.0,
2023-08-30,0.049037,cdi,2023,8,3,Aug/2023,0.04962066666666666,0.0,
2023-08-31,0.049037,cdi,2023,8,3,Aug/2023,0.04956229999999999,0.0,
2023-09-01,0.049037,cdi,2023,9,3,Sep/2023,0.04950393333333333,0.0,
2023-09-04,0.049037,cdi,2023,9,3,Sep/2023,0.04944556666666666,0.0,
2023-09-05,0.049037,cdi,2023,9,3,Sep/2023,0.04938719999999999,0.0,
2023-09-06,0.049037,cdi,2023,9,3,Sep/2023,0.049328833333333336,0.0,
2023-09-08,0.049037,cdi,2023,9,3,Sep/2023,0.049270466666666665,0.0,
2023-09-11,0.049037,cdi,2023,9,3,Sep/2023,0.049212099999999995,0.0,
2023-09-12,0.049037,cdi,2023,9,3,Sep/2023,0.049153733333333324,0.0,
2023-09-13,0.049037,cdi,2023,9,3,Sep/2023,0.04909536666666666,0.0,
2023-09-14,0.049037,cdi,2023,9,3,Sep/2023,0.049037,0.0,
2023-09-15,0.049037,cdi,2023,9,3,Sep/2023,0.049037,0.0,
2023-09-18,0.049037,cdi,2023,9,3,Sep/2023,0.049037,0.0,
2023-09-19,0.049037,cdi,2023,9,3,Sep/2023,0.049037,0.0,
2023-09-20,0.049037,cdi,2023,9,3,Sep/2023,0.049037,0.0,
2023-09-21,0.047279,cdi,2023,9,3,Sep/2023,0.0489784,-3.5850480249607353,
2023-09-22,0.047279,cdi,2023,9,3,Sep/2023,0.0489198,0.0,
2023-09-25,0.047279,cdi,2023,9,3,Sep/2023,0.0488612,0.0,
2023-09-26,0.047279,cdi,2023,9,3,Sep/2023,0.0488026,0.0,
2023-09-27,0.047279,cdi,2023,9,3,Sep/2023,0.048744,0.0,
2023-09-28,0.047279,cdi,2023,9,3,Sep/2023,0.0486854,0.0,
2023-09-29,0.047279,cdi,2023,9,3,Sep/2023,0.0486268,0.0,
2023-10-02,0.047279,cdi,2023,10,4,Oct/2023,0.0485682,0.0,
2023-10-03,0.047279,cdi,2023,10,4,Oct/2023,0.0485096,0.0,
2023-10-04,0.047279,cdi,2023,10,4,Oct/2023,0.048451,0.0,
2023-10-05,0.047279,cdi,2023,10,4,Oct/2023,0.0483924,0.0,
2023-10-06,0.047279,cdi,2023,10,4,Oct/2023,0.048333799999999996,0.0,
2023-10-09,0.047279,cdi,2023,10,4,Oct/2023,0.0482752,0.0,
2023-10-10,0.047279,cdi,2023,10,4,Oct/2023,0.048216600000000005,0.0,
2023-10-11,0.047279,cdi,2023,10,4,Oct/2023,0.048158000000000006,0.0,
2023-10-13,0.047279,cdi,2023,10,4,Oct/2023,0.0480994,0.0,
2023-10-16,0.047279,cdi,2023,10,4,Oct/2023,0.0480408,0.0,
2023-10-17,0.047279,cdi,2023,10,4,Oct/2023,0.0479822,0.0,
2023-10-18,0.047279,cdi,2023,10,4,Oct/2023,0.0479236,0.0,
2023-10-19,0.047279,cdi,2023,10,4,Oct/2023,0.047865000000000005,0.0,
2023-10-20,0.047279,cdi,2023,10,4,Oct/2023,0.047806400000000006,0.0,
2023-10-23,0.047279,cdi,2023,10,4,Oct/2023,0.0477478,0.0,
2023-10-24,0.047279,cdi,2023,10,4,Oct/2023,0.0476892,0.0,
2023-10-25,0.047279,cdi,2023,10,4,Oct/2023,0.0476306,0.0,
2023-10-26,0.047279,cdi,2023,10,4,Oct/2023,0.047571999999999996,0.0,
2023-10-27,0.047279,cdi,2023,10,4,Oct/2023,0.047513400000000004,0.0,
2023-10-30,0.047279,cdi,2023,10,4,Oct/2023,0.047454800000000005,0.0,
2023-10-31,0.047279,cdi,2023,10,4,Oct/2023,0.047396200000000006,0.0,
2023-11-01,0.047279,cdi,2023,11,4,Nov/2023,0.0473376,0.0,
2023-11-03,0.045513,cdi,2023,11,4,Nov/2023,0.04722013333333334,-3.735273588696897,
2023-11-06,0.045513,cdi,2023,11,4,Nov/2023,0.04716126666666667,0.0,
2023-11-07,0.045513,cdi,2023,11,4,Nov/2023,0.047102399999999996,0.0,
2023-11-08,0.045513,cdi,2023,11,4,Nov/2023,0.04704353333333334,0.0,
2023-11-09,0.045513,cdi,2023,11,4,Nov/2023,0.04698466666666667,0.0,
2023-11-10,0.045513,cdi,2023,11,4,Nov/2023,0.0469258,0.0,
2023-11-13,0.045513,cdi,2023,11,4,Nov/2023,0.04686693333333334,0.0,
2023-11-14,0.045513,cdi,2023,11,4,Nov/2023,0.04680806666666667,0.0,
2023-11-16,0.045513,cdi,2023,11,4,Nov/2023,0.046749200000000005,0.0,
2023-11-17,0.045513,cdi,2023,11,4,Nov/2023,0.04669033333333334,0.0,
2023-11-20,0.045513,cdi,2023,11,4,Nov/2023,0.04663146666666666,0.0,
2023-11-21,0.045513,cdi,2023,11,4,Nov/2023,0.0465726,0.0,
2023-11-22,0.045513,cdi,2023,11,4,Nov/2023,0.046513733333333335,0.0,
2023-11-23,0.045513,cdi,2023,11,4,Nov/2023,0.046454866666666664,0.0,
2023-11-24,0.045513,cdi,2023,11,4,Nov/2023,0.046396,0.0,
2023-11-27,0.045513,cdi,2023,11,4,Nov/2023,0.04633713333333333,0.0,
2023-11-28,0.045513,cdi,2023,11,4,Nov/2023,0.04627826666666667,0.0,
2023-11-29,0.045513,cdi,2023,11,4,Nov/2023,0.0462194,0.0,
2023-11-30,0.045513,cdi,2023,11,4,Nov/2023,0.04616053333333333,0.0,
2023-12-01,0.045513,cdi,2023,12,4,Dec/2023,0.04610166666666667,0.0,
2023-12-04,0.045513,cdi,2023,12,4,Dec/2023,0.0460428,0.0,
2023-12-05,0.045513,cdi,2023,12,4,Dec/2023,0.045983933333333324,0.0,
2023-12-06,0.045513,cdi,2023,12,4,Dec/2023,0.04592506666666667,0.0,
2023-12-07,0.045513,cdi,2023,12,4,Dec/2023,0.045866199999999996,0.0,
2023-12-08,0.045513,cdi,2023,12,4,Dec/2023,0.04580733333333333,0.0,
2023-12-11,0.045513,cdi,2023,12,4,Dec/2023,0.04574846666666667,0.0,
2023-12-12,0.045513,cdi,2023,12,4,Dec/2023,0.0456896,0.0,
2023-12-13,0.045513,cdi,2023,12,4,Dec/2023,0.04563073333333333,0.0,
2023-12-14,0.043739,cdi,2023,12,4,Dec/2023,0.045512733333333326,-3.89778744534528,
2023-12-15,0.043739,cdi,2023,12,4,Dec/2023,0.04539473333333333,0.0,
2023-12-18,0.043739,cdi,2023,12,4,Dec/2023,0.0453356,0.0,
2023-12-19,0.043739,cdi,2023,12,4,Dec/2023,0.04527646666666666,0.0,
2023-12-20,0.043739,cdi,2023,12,4,Dec/2023,0.04521733333333333,0.0,
2023-12-21,0.043739,cdi,2023,12,4,Dec/2023,0.045158199999999996,0.0,
2023-12-22,0.043739,cdi,2023,12,4,Dec/2023,0.045099066666666666,0.0,
2023-12-26,0.043739,cdi,2023,12,4,Dec/2023,0.04503993333333334,0.0,
2023-12-27,0.043739,cdi,2023,12,4,Dec/2023,0.0449808,0.0,
2023-12-28,0.043739,cdi,2023,12,4,Dec/2023,0.044921666666666665,0.0,
2023-12-29,0.043739,cdi,2023,12,4,Dec/2023,0.04486253333333333,0.0,
2024-01-02,0.043739,cdi,2024,1,1,Jan/2024,0.0448034,0.0,
2024-01-03,0.043739,cdi,2024,1,1,Jan/2024,0.044744266666666664,0.0,
2024-01-04,0.043739,cdi,2024,1,1,Jan/2024,0.04468513333333333,0.0,
2024-01-05,0.043739,cdi,2024,1,1,Jan/2024,0.044626000000000006,0.0,
2024-01-08,0.043739,cdi,2024,1,1,Jan/2024,0.04456686666666667,0.0,
2024-01-09,0.043739,cdi,2024,1,1,Jan/2024,0.044507733333333334,0.0,
2024-01-10,0.043739,cdi,2024,1,1,Jan/2024,0.0444486,0.0,
2024-01-11,0.043739,cdi,2024,1,1,Jan/2024,0.04438946666666666,0.0,
2024-01-12,0.043739,cdi,2024,1,1,Jan/2024,0.04433033333333333,0.0,
2024-01-15,0.043739,cdi,2024,1,1,Jan/2024,0.0442712,0.0,
2024-01-16,0.043739,cdi,2024,1,1,Jan/2024,0.04421206666666666,0.0,
2024-01-17,0.043739,cdi,2024,1,1,Jan/2024,0.04415293333333334,0.0,
2024-01-18,0.043739,cdi,2024,1,1,Jan/2024,0.0440938,0.0,
2024-01-19,0.043739,cdi,2024,1,1,Jan/2024,0.044034666666666666,0.0,
2024-01-22,0.043739,cdi,2024,1,1,Jan/2024,0.04397553333333334,0.0,
2024-01-23,0.043739,cdi,2024,1,1,Jan/2024,0.043916399999999994,0.0,
2024-01-24,0.043739,cdi,2024,1,1,Jan/2024,0.043857266666666665,0.0,
2024-01-25,0.043739,cdi,2024,1,1,Jan/2024,0.043798133333333336,0.0,
2024-01-26,0.043739,cdi,2024,1,1,Jan/2024,0.043739,0.0,
2024-01-29,0.043739,cdi,2024,1,1,Jan/2024,0.043739,0.0,
2024-01-30,0.043739,cdi,2024,1,1,Jan/2024,0.043739,0.0,
2024-01-31,0.043739,cdi,2024,1,1,Jan/2024,0.043739,0.0,
2024-02-01,0.041957,cdi,2024,2,1,Feb/2024,0.043679600000000006,-4.074167219186531,
2024-02-02,0.041957,cdi,2024,2,1,Feb/2024,0.043620200000000005,0.0,
2024-02-05,0.041957,cdi,2024,2,1,Feb/2024,0.043560800000000004,0.0,
2024-02-06,0.041957,cdi,2024,2,1,Feb/2024,0.043501399999999996,0.0,
2024-02-07,0.041957,cdi,2024,2,1,Feb/2024,0.043441999999999995,0.0,
2024-02-08,0.041957,cdi,2024,2,1,Feb/2024,0.0433826,0.0,
2024-02-09,0.041957,cdi,2024,2,1,Feb/2024,0.0433232,0.0,
2024-02-14,0.041957,cdi,2024,2,1,Feb/2024,0.0432638,0.0,
2024-02-15,0.041957,cdi,2024,2,1,Feb/2024,0.043204400000000004,0.0,
2024-02-16,0.041957,cdi,2024,2,1,Feb/2024,0.043145,0.0,
2024-02-19,0.041957,cdi,2024,2,1,Feb/2024,0.04308560000000001,0.0,
2024-02-20,0.041957,cdi,2024,2,1,Feb/2024,0.0430262,0.0,
2024-02-21,0.041957,cdi,2024,2,1,Feb/2024,0.0429668,0.0,
2024-02-22,0.041957,cdi,2024,2,1,Feb/2024,0.0429074,0.0,
2024-02-23,0.041957,cdi,2024,2,1,Feb/2024,0.042848,0.0,
2024-02-26,0.041957,cdi,2024,2,1,Feb/2024,0.042788599999999996,0.0,
2024-02-27,0.041957,cdi,2024,2,1,Feb/2024,0.0427292,0.0,
2024-02-28,0.041957,cdi,2024,2,1,Feb/2024,0.0426698,0.0,
2024-02-29,0.041957,cdi,2024,2,1,Feb/2024,0.04261040000000001,0.0,
2024-03-01,0.041957,cdi,2024,3,1,Mar/2024,0.042551,0.0,
2024-03-04,0.041957,cdi,2024,3,1,Mar/2024,0.0424916,0.0,
2024-03-05,0.041957,cdi,2024,3,1,Mar/2024,0.0424322,0.0,
2024-03-06,0.041957,cdi,2024,3,1,Mar/2024,0.0423728,0.0,
2024-03-07,0.041957,cdi,2024,3,1,Mar/2024,0.04231340000000001,0.0,
2024-03-08,0.041957,cdi,2024,3,1,Mar/2024,0.042254,0.0,
2024-03-11,0.041957,cdi,2024,3,1,Mar/2024,0.0421946,0.0,
2024-03-12,0.041957,cdi,2024,3,1,Mar/2024,0.042135200000000005,0.0,
2024-03-13,0.041957,cdi,2024,3,1,Mar/2024,0.0420758,0.0,
2024-03-14,0.041957,cdi,2024,3,1,Mar/2024,0.042016399999999995,0.0,
2024-03-15,0.041957,cdi,2024,3,1,Mar/2024,0.041957,0.0,
2024-03-18,0.041957,cdi,2024,3,1,Mar/2024,0.041957,0.0,
2024-03-19,0.041957,cdi,2024,3,1,Mar/2024,0.041957,0.0,
2024-03-20,0.041957,cdi,2024,3,1,Mar/2024,0.041957,0.0,
2024-03-21,0.040168,cdi,2024,3,1,Mar/2024,0.04189736666666667,-4.263889219915629,
2024-03-22,0.040168,cdi,2024,3,1,Mar/2024,0.041837733333333335,0.0,
2024-03-25,0.040168,cdi,2024,3,1,Mar/2024,0.041778100000000006,0.0,
2024-03-26,0.040168,cdi,2024,3,1,Mar/2024,0.04171846666666667,0.0,
2024-03-27,0.040168,cdi,2024,3,1,Mar/2024,0.04165883333333333,0.0,
2024-03-28,0.040168,cdi,2024,3,1,Mar/2024,0.041599199999999996,0.0,
2024-04-01,0.040168,cdi,2024,4,2,Apr/2024,0.041539566666666666,0.0,
2024-04-02,0.040168,cdi,2024,4,2,Apr/2024,0.04147993333333333,0.0,
2024-04-03,0.040168,cdi,2024,4,2,Apr/2024,0.0414203,0.0,
2024-04-04,0.040168,cdi,2024,4,2,Apr/2024,0.04136066666666667,0.0,
2024-04-05,0.040168,cdi,2024,4,2,Apr/2024,0.04130103333333334,0.0,
2024-04-08,0.040168,cdi,2024,4,2,Apr/2024,0.041241400000000004,0.0,
2024-04-09,0.040168,cdi,2024,4,2,Apr/2024,0.04118176666666667,0.0,
2024-04-10,0.040168,cdi,2024,4,2,Apr/2024,0.04112213333333334,0.0,
2024-04-11,0.040168,cdi,2024,4,2,Apr/2024,0.0410625,0.0,
2024-04-12,0.040168,cdi,2024,4,2,Apr/2024,0.041002866666666665,0.0,
2024-04-15,0.040168,cdi,2024,4,2,Apr/2024,0.040943233333333336,0.0,
2024-04-16,0.040168,cdi,2024,4,2,Apr/2024,0.0408836,0.0,
2024-04-17,0.040168,cdi,2024,4,2,Apr/2024,0.04082396666666666,0.0,
2024-04-18,0.040168,cdi,2024,4,2,Apr/2024,0.04076433333333333,0.0,
2024-04-19,0.040168,cdi,2024,4,2,Apr/2024,0.0407047,0.0,
2024-04-22,0.040168,cdi,2024,4,2,Apr/2024,0.040645066666666674,0.0,
2024-04-23,0.040168,cdi,2024,4,2,Apr/2024,0.04058543333333334,0.0,
2024-04-24,0.040168,cdi,2024,4,2,Apr/2024,0.04052580000000001,0.0,
2024-04-25,0.040168,cdi,2024,4,2,Apr/2024,0.04046616666666667,0.0,
2024-04-26,0.040168,cdi,2024,4,2,Apr/2024,0.040406533333333335,0.0,
2024-04-29,0.040168,cdi,2024,4,2,Apr/2024,0.0403469,0.0,
2024-04-30,0.040168,cdi,2024,4,2,Apr/2024,0.04028726666666667,0.0,
2024-05-02,0.040168,cdi,2024,5,2,May/2024,0.04022763333333333,0.0,
2024-05-03,0.040168,cdi,2024,5,2,May/2024,0.040168,0.0,
2024-05-06,0.040168,cdi,2024,5,2,May/2024,0.040168,0.0,
2024-05-07,0.040168,cdi,2024,5,2,May/2024,0.040168,0.0,
2024-05-08,0.040168,cdi,2024,5,2,May/2024,0.040168,0.0,
2024-05-09,0.03927,cdi,2024,5,2,May/2024,0.040138066666666666,-2.2356104361681006,
2024-05-10,0.03927,cdi,2024,5,2,May/2024,0.04010813333333334,0.0,
2024-05-13,0.03927,cdi,2024,5,2,May/2024,0.0400782,0.0,
2024-05-14,0.03927,cdi,2024,5,2,May/2024,0.04004826666666667,0.0,
2024-05-15,0.03927,cdi,2024,5,2,May/2024,0.04001833333333334,0.0,
2024-05-16,0.03927,cdi,2024,5,2,May/2024,0.0399884,0.0,
2024-05-17,0.03927,cdi,2024,5,2,May/2024,0.039958466666666664,0.0,
2024-05-20,0.03927,cdi,2024,5,2,May/2024,0.039928533333333335,0.0,
2024-05-21,0.03927,cdi,2024,5,2,May/2024,0.0398986,0.0,
2024-05-22,0.03927,cdi,2024,5,2,May/2024,0.03986866666666667,0.0,
2024-05-23,0.03927,cdi,2024,5,2,May/2024,0.039838733333333334,0.0,
2024-05-24,0.03927,cdi,2024,5,2,May/2024,0.0398088,0.0,
2024-05-27,0.03927,cdi,2024,5,2,May/2024,0.03977886666666667,0.0,
2024-05-28,0.03927,cdi,2024,5,2,May/2024,0.03974893333333333,0.0,
2024-05-29,0.03927,cdi,2024,5,2,May/2024,0.039719,0.0,
2024-05-31,0.03927,cdi,2024,5,2,May/2024,0.039689066666666675,0.0,
2024-06-03,0.03927,cdi,2024,6,2,Jun/2024,0.03965913333333333,0.0,
2024-06-04,0.03927,cdi,2024,6,2,Jun/2024,0.0396292,0.0,
2024-06-05,0.03927,cdi,2024,6,2,Jun/2024,0.03959926666666667,0.0,
2024-06-06,0.03927,cdi,2024,6,2,Jun/2024,0.03956933333333333,0.0,
2024-06-07,0.03927,cdi,2024,6,2,Jun/2024,0.0395394,0.0,
2024-06-10,0.03927,cdi,2024,6,2,Jun/2024,0.039509466666666666,0.0,
2024-06-11,0.03927,cdi,2024,6,2,Jun/2024,0.03947953333333333,0.0,
2024-06-12,0.03927,cdi,2024,6,2,Jun/2024,0.0394496,0.0,
2024-06-13,0.03927,cdi,2024,6,2,Jun/2024,0.039419666666666665,0.0,
2024-06-14,0.03927,cdi,2024,6,2,Jun/2024,0.039389733333333336,0.0,
2024-06-17,0.03927,cdi,2024,6,2,Jun/2024,0.03935979999999999,0.0,
2024-06-18,0.03927,cdi,2024,6,2,Jun/2024,0.039329866666666664,0.0,
2024-06-19,0.03927,cdi,2024,6,2,Jun/2024,0.039299933333333335,0.0,
2024-06-20,0.03927,cdi,2024,6,2,Jun/2024,0.03927,0.0,
2024-06-21,0.03927,cdi,2024,6,2,Jun/2024,0.03927,0.0,
2024-06-24,0.03927,cdi,2024,6,2,Jun/2024,0.03927,0.0,
2024-06-25,0.03927,cdi,2024,6,2,Jun/2024,0.03927,0.0,
2024-06-26,0.03927,cdi,2024,6,2,Jun/2024,0.03927,0.0,
2024-06-27,0.03927,cdi,2024,6,2,Jun/2024,0.03927,0.0,
2024-06-28,0.03927,cdi,2024,6,2,Jun/2024,0.03927,0.0,
2024-07-01,0.03927,cdi,2024,7,3,Jul/2024,0.03927,0.0,
2024-07-02,0.03927,cdi,2024,7,3,Jul/2024,0.03927,0.0,
2024-07-03,0.03927,cdi,2024,7,3,Jul/2024,0.03927,0.0,
2024-07-04,0.03927,cdi,2024,7,3,Jul/2024,0.03927,0.0,
2024-07-05,0.03927,cdi,2024,7,3,Jul/2024,0.03927,0.0,
2024-07-08,0.03927,cdi,2024,7,3,Jul/2024,0.03927,0.0,
2024-07-09,0.03927,cdi,2024,7,3,Jul/2024,0.03927,0.0,
2024-07-10,0.03927,cdi,2024,7,3,Jul/2024,0.03927,0.0,
2024-07-11,0.03927,cdi,2024,7,3,Jul/2024,0.03927,0.0,
2024-07-12,0.03927,cdi,2024,7,3,Jul/2024,0.03927,0.0,
2024-07-15,0.03927,cdi,2024,7,3,Jul/2024,0.03927,0.0,
2024-07-16,0.03927,cdi,2024,7,3,Jul/2024,0.03927,0.0,
2024-07-17,0.03927,cdi,2024,7,3,Jul/2024,0.03927,0.0,
2024-07-18,0.03927,cdi,2024,7,3,Jul/2024,0.03927,0.0,
2024-07-19,0.03927,cdi,2024,7,3,Jul/2024,0.03927,0.0,
2024-07-22,0.03927,cdi,2024,7,3,Jul/2024,0.03927,0.0,
2024-07-23,0.03927,cdi,2024,7,3,Jul/2024,0.03927,0.0,
2024-07-24,0.03927,cdi,2024,7,3,Jul/2024,0.03927,0.0,
2024-07-25,0.03927,cdi,2024,7,3,Jul/2024,0.03927,0.0,
2024-07-26,0.03927,cdi,2024,7,3,Jul/2024,0.03927,0.0,
2024-07-29,0.03927,cdi,2024,7,3,Jul/2024,0.03927,0.0,
2024-07-30,0.03927,cdi,2024,7,3,Jul/2024,0.03927,0.0,
2024-07-31,0.03927,cdi,2024,7,3,Jul/2024,0.03927,0.0,
2024-08-01,0.03927,cdi,2024,8,3,Aug/2024,0.03927,0.0,
2024-08-02,0.03927,cdi,2024,8,3,Aug/2024,0.03927,0.0,
2024-08-05,0.03927,cdi,2024,8,3,Aug/2024,0.03927,0.0,
2024-08-06,0.03927,cdi,2024,8,3,Aug/2024,0.03927,0.0,
2024-08-07,0.03927,cdi,2024,8,3,Aug/2024,0.03927,0.0,
2024-08-08,0.03927,cdi,2024,8,3,Aug/2024,0.03927,0.0,
2024-08-09,0.03927,cdi,2024,8,3,Aug/2024,0.03927,0.0,
2024-08-12,0.03927,cdi,2024,8,3,Aug/2024,0.03927,0.0,
2024-08-13,0.03927,cdi,2024,8,3,Aug/2024,0.03927,0.0,
2024-08-14,0.03927,cdi,2024,8,3,Aug/2024,0.03927,0.0,
2024-08-15,0.03927,cdi,2024,8,3,Aug/2024,0.03927,0.0,
2024-08-16,0.03927,cdi,2024,8,3,Aug/2024,0.03927,0.0,
2024-08-19,0.03927,cdi,2024,8,3,Aug/2024,0.03927,0.0,
2024-08-20,0.03927,cdi,2024,8,3,Aug/2024,0.03927,0.0,
2024-08-21,0.03927,cdi,2024,8,3,Aug/2024,0.03927,0.0,
2024-08-22,0.03927,cdi,2024,8,3,Aug/2024,0.03927,0.0,
2024-08-23,0.03927,cdi,2024,8,3,Aug/2024,0.03927,0.0,
2024-08-26,0.03927,cdi,2024,8,3,Aug/2024,0.03927,0.0,
2024-08-27,0.03927,cdi,2024,8,3,Aug/2024,0.03927,0.0,
2024-08-28,0.03927,cdi,2024,8,3,Aug/2024,0.03927,0.0,
2024-08-29,0.03927,cdi,2024,8,3,Aug/2024,0.03927,0.0,
2024-08-30,0.03927,cdi,2024,8,3,Aug/2024,0.03927,0.0,
2024-09-02,0.03927,cdi,2024,9,3,Sep/2024,0.03927,0.0,
2024-09-03,0.03927,cdi,2024,9,3,Sep/2024,0.03927,0.0,
2024-09-04,0.03927,cdi,2024,9,3,Sep/2024,0.03927,0.0,
2024-09-05,0.03927,cdi,2024,9,3,Sep/2024,0.03927,0.0,
2024-09-06,0.03927,cdi,2024,9,3,Sep/2024,0.03927,0.0,
2024-09-09,0.03927,cdi,2024,9,3,Sep/2024,0.03927,0.0,
2024-09-10,0.03927,cdi,2024,9,3,Sep/2024,0.03927,0.0,
2024-09-11,0.03927,cdi,2024,9,3,Sep/2024,0.03927,0.0,
2024-09-12,0.03927,cdi,2024,9,3,Sep/2024,0.03927,0.0,
2024-09-13,0.03927,cdi,2024,9,3,Sep/2024,0.03927,0.0,
2024-09-16,0.03927,cdi,2024,9,3,Sep/2024,0.03927,0.0,
2024-09-17,0.03927,cdi,2024,9,3,Sep/2024,0.03927,0.0,
2024-09-18,0.03927,cdi,2024,9,3,Sep/2024,0.03927,0.0,
2024-09-19,0.040168,cdi,2024,9,3,Sep/2024,0.039299933333333335,2.286732874968167,
2024-09-20,0.040168,cdi,2024,9,3,Sep/2024,0.039329866666666664,0.0,
2024-09-23,0.040168,cdi,2024,9,3,Sep/2024,0.03935979999999999,0.0,
2024-09-24,0.040168,cdi,2024,9,3,Sep/2024,0.03938973333333333,0.0,
2024-09-25,0.040168,cdi,2024,9,3,Sep/2024,0.039419666666666665,0.0,
2024-09-26,0.040168,cdi,2024,9,3,Sep/2024,0.0394496,0.0,
2024-09-27,0.040168,cdi,2024,9,3,Sep/2024,0.03947953333333334,0.0,
2024-09-30,0.040168,cdi,2024,9,3,Sep/2024,0.039509466666666666,0.0,
2024-10-01,0.040168,cdi,2024,10,4,Oct/2024,0.0395394,0.0,
2024-10-02,0.040168,cdi,2024,10,4,Oct/2024,0.03956933333333333,0.0,
2024-10-03,0.040168,cdi,2024,10,4,Oct/2024,0.03959926666666667,0.0,
2024-10-04,0.040168,cdi,2024,10,4,Oct/2024,0.0396292,0.0,
2024-10-07,0.040168,cdi,2024,10,4,Oct/2024,0.03965913333333333,0.0,
2024-10-08,0.040168,cdi,2024,10,4,Oct/2024,0.03968906666666667,0.0,
2024-10-09,0.040168,cdi,2024,10,4,Oct/2024,0.039719,0.0,
2024-10-10,0.040168,cdi,2024,10,4,Oct/2024,0.03974893333333333,0.0,
2024-10-11,0.040168,cdi,2024,10,4,Oct/2024,0.03977886666666667,0.0,
2024-10-14,0.040168,cdi,2024,10,4,Oct/2024,0.0398088,0.0,
2024-10-15,0.040168,cdi,2024,10,4,Oct/2024,0.039838733333333334,0.0,
2024-10-16,0.040168,cdi,2024,10,4,Oct/2024,0.03986866666666667,0.0,
2024-10-17,0.040168,cdi,2024,10,4,Oct/2024,0.0398986,0.0,
2024-10-18,0.040168,cdi,2024,10,4,Oct/2024,0.039928533333333335,0.0,
2024-10-21,0.040168,cdi,2024,10,4,Oct/2024,0.03995846666666667,0.0,
2024-10-22,0.040168,cdi,2024,10,4,Oct/2024,0.0399884,0.0,
2024-10-23,0.040168,cdi,2024,10,4,Oct/2024,0.040018333333333336,0.0,
2024-10-24,0.040168,cdi,2024,10,4,Oct/2024,0.04004826666666667,0.0,
2024-10-25,0.040168,cdi,2024,10,4,Oct/2024,0.0400782,0.0,
2024-10-28,0.040168,cdi,2024,10,4,Oct/2024,0.04010813333333334,0.0,
2024-10-29,0.040168,cdi,2024,10,4,Oct/2024,0.040138066666666666,0.0,
2024-10-30,0.040168,cdi,2024,10,4,Oct/2024,0.040168,0.0,
2024-10-31,0.040168,cdi,2024,10,4,Oct/2024,0.040168,0.0,
2024-11-01,0.040168,cdi,2024,11,4,Nov/2024,0.040168,0.0,
2024-11-04,0.040168,cdi,2024,11,4,Nov/2024,0.040168,0.0,
2024-11-05,0.040168,cdi,2024,11,4,Nov/2024,0.040168,0.0,
2024-11-06,0.040168,cdi,2024,11,4,Nov/2024,0.040168,0.0,
2024-11-07,0.041957,cdi,2024,11,4,Nov/2024,0.04022763333333333,4.453794064927297,
2024-11-08,0.041957,cdi,2024,11,4,Nov/2024,0.04028726666666667,0.0,
2024-11-11,0.041957,cdi,2024,11,4,Nov/2024,0.0403469,0.0,
2024-11-12,0.041957,cdi,2024,11,4,Nov/2024,0.040406533333333335,0.0,
2024-11-13,0.041957,cdi,2024,11,4,Nov/2024,0.04046616666666667,0.0,
2024-11-14,0.041957,cdi,2024,11,4,Nov/2024,0.04052580000000001,0.0,
2024-11-18,0.041957,cdi,2024,11,4,Nov/2024,0.04058543333333334,0.0,
2024-11-19,0.041957,cdi,2024,11,4,Nov/2024,0.040645066666666674,0.0,
2024-11-21,0.041957,cdi,2024,11,4,Nov/2024,0.04070470000000001,0.0,
2024-11-22,0.041957,cdi,2024,11,4,Nov/2024,0.04076433333333333,0.0,
2024-11-25,0.041957,cdi,2024,11,4,Nov/2024,0.04082396666666666,0.0,
2024-11-26,0.041957,cdi,2024,11,4,Nov/2024,0.0408836,0.0,
2024-11-27,0.041957,cdi,2024,11,4,Nov/2024,0.040943233333333336,0.0,
2024-11-28,0.041957,cdi,2024,11,4,Nov/2024,0.041002866666666665,0.0,
2024-11-29,0.041957,cdi,2024,11,4,Nov/2024,0.0410625,0.0,
2024-12-02,0.041957,cdi,2024,12,4,Dec/2024,0.04112213333333334,0.0,
2024-12-03,0.041957,cdi,2024,12,4,Dec/2024,0.04118176666666667,0.0,
2024-12-04,0.041957,cdi,2024,12,4,Dec/2024,0.041241400000000004,0.0,
2024-12-05,0.041957,cdi,2024,12,4,Dec/2024,0.04130103333333334,0.0,
2024-12-06,0.041957,cdi,2024,12,4,Dec/2024,0.04136066666666667,0.0,
2024-12-09,0.041957,cdi,2024,12,4,Dec/2024,0.04142029999999999,0.0,
2024-12-10,0.041957,cdi,2024,12,4,Dec/2024,0.04147993333333333,0.0,
2024-12-11,0.041957,cdi,2024,12,4,Dec/2024,0.041539566666666666,0.0,
2024-12-12,0.045513,cdi,2024,12,4,Dec/2024,0.04171773333333333,8.475343804371139,
2024-12-13,0.045513,cdi,2024,12,4,Dec/2024,0.0418959,0.0,
2024-12-16,0.045513,cdi,2024,12,4,Dec/2024,0.04207406666666667,0.0,
2024-12-17,0.045513,cdi,2024,12,4,Dec/2024,0.04225223333333334,0.0,
2024-12-18,0.045513,cdi,2024,12,4,Dec/2024,0.0424304,0.0,
2024-12-19,0.045513,cdi,2024,12,4,Dec/2024,0.04260856666666667,0.0,
2024-12-20,0.045513,cdi,2024,12,4,Dec/2024,0.04278673333333334,0.0,
2024-12-23,0.045513,cdi,2024,12,4,Dec/2024,0.04290526666666667,0.0,
2024-12-24,0.045513,cdi,2024,12,4,Dec/2024,0.04302380000000001,0.0,
2024-12-26,0.045513,cdi,2024,12,4,Dec/2024,0.04314233333333333,0.0,
2024-12-27,0.045513,cdi,2024,12,4,Dec/2024,0.04326086666666666,0.0,
2024-12-30,0.045513,cdi,2024,12,4,Dec/2024,0.0433794,0.0,
2024-12-31,0.045513,cdi,2024,12,4,Dec/2024,0.04349793333333333,0.0,
2025-01-02,0.045513,cdi,2025,1,1,Jan/2025,0.04361646666666666,0.0,
2025-01-03,0.045513,cdi,2025,1,1,Jan/2025,0.043734999999999996,0.0,
2025-01-06,0.045513,cdi,2025,1,1,Jan/2025,0.04385353333333333,0.0,
2025-01-07,0.045513,cdi,2025,1,1,Jan/2025,0.04397206666666667,0.0,
2025-01-08,0.045513,cdi,2025,1,1,Jan/2025,0.0440906,0.0,
2025-01-09,0.045513,cdi,2025,1,1,Jan/2025,0.04420913333333333,0.0,
2025-01-10,0.045513,cdi,2025,1,1,Jan/2025,0.04432766666666667,0.0,
2025-01-13,0.045513,cdi,2025,1,1,Jan/2025,0.0444462,0.0,
2025-01-14,0.045513,cdi,2025,1,1,Jan/2025,0.04456473333333333,0.0,
2025-01-15,0.045513,cdi,2025,1,1,Jan/2025,0.044683266666666666,0.0,
2025-01-16,0.045513,cdi,2025,1,1,Jan/2025,0.044801799999999996,0.0,
2025-01-17,0.045513,cdi,2025,1,1,Jan/2025,0.04492033333333333,0.0,
2025-01-20,0.045513,cdi,2025,1,1,Jan/2025,0.04503886666666666,0.0,
2025-01-21,0.045513,cdi,2025,1,1,Jan/2025,0.0451574,0.0,
2025-01-22,0.045513,cdi,2025,1,1,Jan/2025,0.04527593333333334,0.0,
2025-01-23,0.045513,cdi,2025,1,1,Jan/2025,0.04539446666666667,0.0,
2025-01-24,0.045513,cdi,2025,1,1,Jan/2025,0.045513,0.0,
2025-01-27,0.045513,cdi,2025,1,1,Jan/2025,0.045513,0.0,
2025-01-28,0.045513,cdi,2025,1,1,Jan/2025,0.045513,0.0,
2025-01-29,0.045513,cdi,2025,1,1,Jan/2025,0.045513,0.0,
2025-01-30,0.049037,cdi,2025,1,1,Jan/2025,0.04563046666666667,7.742842704282293,
2025-01-31,0.049037,cdi,2025,1,1,Jan/2025,0.04574793333333334,0.0,
2025-02-03,0.049037,cdi,2025,2,1,Feb/2025,0.04586540000000001,0.0,
2025-02-04,0.049037,cdi,2025,2,1,Feb/2025,0.045982866666666664,0.0,
2025-02-05,0.049037,cdi,2025,2,1,Feb/2025,0.04610033333333333,0.0,
2025-02-06,0.049037,cdi,2025,2,1,Feb/2025,0.046217799999999996,0.0,
2025-02-07,0.049037,cdi,2025,2,1,Feb/2025,0.046335266666666666,0.0,
2025-02-10,0.049037,cdi,2025,2,1,Feb/2025,0.046452733333333336,0.0,
2025-02-11,0.049037,cdi,2025,2,1,Feb/2025,0.0465702,0.0,
2025-02-12,0.049037,cdi,2025,2,1,Feb/2025,0.04668766666666667,0.0,
2025-02-13,0.049037,cdi,2025,2,1,Feb/2025,0.04680513333333334,0.0,
2025-02-14,0.049037,cdi,2025,2,1,Feb/2025,0.0469226,0.0,
2025-02-17,0.049037,cdi,2025,2,1,Feb/2025,0.04704006666666667,0.0,
2025-02-18,0.049037,cdi,2025,2,1,Feb/2025,0.04715753333333333,0.0,
2025-02-19,0.049037,cdi,2025,2,1,Feb/2025,0.047275,0.0,
2025-02-20,0.049037,cdi,2025,2,1,Feb/2025,0.04739246666666667,0.0,
2025-02-21,0.049037,cdi,2025,2,1,Feb/2025,0.04750993333333333,0.0,
2025-02-24,0.049037,cdi,2025,2,1,Feb/2025,0.0476274,0.0,
2025-02-25,0.049037,cdi,2025,2,1,Feb/2025,0.04774486666666667,0.0,
2025-02-26,0.049037,cdi,2025,2,1,Feb/2025,0.04786233333333333,0.0,
2025-02-27,0.049037,cdi,2025,2,1,Feb/2025,0.0479798,0.0,
2025-02-28,0.049037,cdi,2025,2,1,Feb/2025,0.048097266666666666,0.0,
2025-03-05,0.049037,cdi,2025,3,1,Mar/2025,0.048214733333333336,0.0,
2025-03-06,0.049037,cdi,2025,3,1,Mar/2025,0.048332200000000006,0.0,
2025-03-07,0.049037,cdi,2025,3,1,Mar/2025,0.04844966666666666,0.0,
2025-03-10,0.049037,cdi,2025,3,1,Mar/2025,0.04856713333333333,0.0,
2025-03-11,0.049037,cdi,2025,3,1,Mar/2025,0.0486846,0.0,
2025-03-12,0.049037,cdi,2025,3,1,Mar/2025,0.048802066666666664,0.0,
2025-03-13,0.049037,cdi,2025,3,1,Mar/2025,0.048919533333333334,0.0,
2025-03-14,0.049037,cdi,2025,3,1,Mar/2025,0.049037,0.0,
2025-03-17,0.049037,cdi,2025,3,1,Mar/2025,0.049037,0.0,
2025-03-18,0.049037,cdi,2025,3,1,Mar/2025,0.049037,0.0,
2025-03-19,0.049037,cdi,2025,3,1,Mar/2025,0.049037,0.0,
2025-03-20,0.052531,cdi,2025,3,1,Mar/2025,0.04915346666666666,7.125231967697876,
2025-03-21,0.052531,cdi,2025,3,1,Mar/2025,0.04926993333333333,0.0,
2025-03-24,0.052531,cdi,2025,3,1,Mar/2025,0.04938639999999999,0.0,
2025-03-25,0.052531,cdi,2025,3,1,Mar/2025,0.049502866666666666,0.0,
2025-03-26,0.052531,cdi,2025,3,1,Mar/2025,0.04961933333333333,0.0,
2025-03-27,0.052531,cdi,2025,3,1,Mar/2025,0.0497358,0.0,
2025-03-28,0.052531,cdi,2025,3,1,Mar/2025,0.04985226666666666,0.0,
2025-03-31,0.052531,cdi,2025,3,1,Mar/2025,0.04996873333333333,0.0,
2025-04-01,0.052531,cdi,2025,4,2,Apr/2025,0.05008519999999999,0.0,
2025-04-02,0.052531,cdi,2025,4,2,Apr/2025,0.050201666666666665,0.0,
2025-04-03,0.052531,cdi,2025,4,2,Apr/2025,0.05031813333333333,0.0,
2025-04-04,0.052531,cdi,2025,4,2,Apr/2025,0.050434599999999996,0.0,
2025-04-07,0.052531,cdi,2025,4,2,Apr/2025,0.05055106666666666,0.0,
2025-04-08,0.052531,cdi,2025,4,2,Apr/2025,0.05066753333333333,0.0,
2025-04-09,0.052531,cdi,2025,4,2,Apr/2025,0.050784,0.0,
2025-04-10,0.052531,cdi,2025,4,2,Apr/2025,0.050900466666666665,0.0,
2025-04-11,0.052531,cdi,2025,4,2,Apr/2025,0.051016933333333334,0.0,
2025-04-14,0.052531,cdi,2025,4,2,Apr/2025,0.051133399999999996,0.0,
2025-04-15,0.052531,cdi,2025,4,2,Apr/2025,0.051249866666666664,0.0,
2025-04-16,0.052531,cdi,2025,4,2,Apr/2025,0.051366333333333326,0.0,
2025-04-17,0.052531,cdi,2025,4,2,Apr/2025,0.0514828,0.0,
2025-04-22,0.052531,cdi,2025,4,2,Apr/2025,0.051599266666666664,0.0,
2025-04-23,0.052531,cdi,2025,4,2,Apr/2025,0.05171573333333333,0.0,
2025-04-24,0.052531,cdi,2025,4,2,Apr/2025,0.051832199999999995,0.0,
2025-04-25,0.052531,cdi,2025,4,2,Apr/2025,0.051948666666666664,0.0,
2025-04-28,0.052531,cdi,2025,4,2,Apr/2025,0.052065133333333326,0.0,
2025-04-29,0.052531,cdi,2025,4,2,Apr/2025,0.0521816,0.0,
2025-04-30,0.052531,cdi,2025,4,2,Apr/2025,0.052298066666666664,0.0,
2025-05-02,0.052531,cdi,2025,5,2,May/2025,0.05241453333333333,0.0,
2025-05-05,0.052531,cdi,2025,5,2,May/2025,0.052531,0.0,
2025-05-06,0.052531,cdi,2025,5,2,May/2025,0.052531,0.0,
2025-05-07,0.052531,cdi,2025,5,2,May/2025,0.052531,0.0,
2025-05-08,0.054266,cdi,2025,5,2,May/2025,0.052588833333333335,3.3028116731073087,
2025-05-09,0.054266,cdi,2025,5,2,May/2025,0.05264666666666666,0.0,
2025-05-12,0.054266,cdi,2025,5,2,May/2025,0.05270450000000001,0.0,
2025-05-13,0.054266,cdi,2025,5,2,May/2025,0.052762333333333335,0.0,
2025-05-14,0.054266,cdi,2025,5,2,May/2025,0.05282016666666667,0.0,
2025-05-15,0.054266,cdi,2025,5,2,May/2025,0.052878,0.0,
2025-05-16,0.054266,cdi,2025,5,2,May/2025,0.052935833333333335,0.0,
2025-05-19,0.054266,cdi,2025,5,2,May/2025,0.05299366666666667,0.0,
2025-05-20,0.054266,cdi,2025,5,2,May/2025,0.05305150000000001,0.0,
2025-05-21,0.054266,cdi,2025,5,2,May/2025,0.053109333333333335,0.0,
2025-05-22,0.054266,cdi,2025,5,2,May/2025,0.05316716666666667,0.0,
2025-05-23,0.054266,cdi,2025,5,2,May/2025,0.053225,0.0,
2025-05-26,0.054266,cdi,2025,5,2,May/2025,0.05328283333333333,0.0,
2025-05-27,0.054266,cdi,2025,5,2,May/2025,0.05334066666666667,0.0,
2025-05-28,0.054266,cdi,2025,5,2,May/2025,0.0533985,0.0,
2025-05-29,0.054266,cdi,2025,5,2,May/2025,0.053456333333333335,0.0,
2025-05-30,0.054266,cdi,2025,5,2,May/2025,0.05351416666666666,0.0,
2025-06-02,0.054266,cdi,2025,6,2,Jun/2025,0.053572,0.0,
2025-06-03,0.054266,cdi,2025,6,2,Jun/2025,0.053629833333333335,0.0,
2025-06-04,0.054266,cdi,2025,6,2,Jun/2025,0.05368766666666667,0.0,
2025-06-05,0.054266,cdi,2025,6,2,Jun/2025,0.0537455,0.0,
2025-06-06,0.054266,cdi,2025,6,2,Jun/2025,0.053803333333333335,0.0,
2025-06-09,0.054266,cdi,2025,6,2,Jun/2025,0.05386116666666666,0.0,
2025-06-10,0.054266,cdi,2025,6,2,Jun/2025,0.05391900000000001,0.0,
2025-06-11,0.054266,cdi,2025,6,2,Jun/2025,0.053976833333333335,0.0,
2025-06-12,0.054266,cdi,2025,6,2,Jun/2025,0.054034666666666675,0.0,
2025-06-13,0.054266,cdi,2025,6,2,Jun/2025,0.0540925,0.0,
2025-06-16,0.054266,cdi,2025,6,2,Jun/2025,0.054150333333333335,0.0,
2025-06-17,0.054266,cdi,2025,6,2,Jun/2025,0.054208166666666675,0.0,
2025-06-18,0.054266,cdi,2025,6,2,Jun/2025,0.054266,0.0,
2025-06-20,0.055131,cdi,2025,6,2,Jun/2025,0.054294833333333334,1.5939999262890137,
2025-06-23,0.055131,cdi,2025,6,2,Jun/2025,0.05432366666666667,0.0,
2025-06-24,0.055131,cdi,2025,6,2,Jun/2025,0.0543525,0.0,
2025-06-25,0.055131,cdi,2025,6,2,Jun/2025,0.05438133333333333,0.0,
2025-06-26,0.055131,cdi,2025,6,2,Jun/2025,0.05441016666666667,0.0,
2025-06-27,0.055131,cdi,2025,6,2,Jun/2025,0.054439,0.0,
2025-06-30,0.055131,cdi,2025,6,2,Jun/2025,0.05446783333333334,0.0,
2025-07-01,0.055131,cdi,2025,7,3,Jul/2025,0.054496666666666665,0.0,
2025-07-02,0.055131,cdi,2025,7,3,Jul/2025,0.0545255,0.0,
2025-07-03,0.055131,cdi,2025,7,3,Jul/2025,0.05455433333333334,0.0,
2025-07-04,0.055131,cdi,2025,7,3,Jul/2025,0.05458316666666667,0.0,
2025-07-07,0.055131,cdi,2025,7,3,Jul/2025,0.054612,0.0,
2025-07-08,0.055131,cdi,2025,7,3,Jul/2025,0.05464083333333333,0.0,
2025-07-09,0.055131,cdi,2025,7,3,Jul/2025,0.054669666666666665,0.0,
2025-07-10,0.055131,cdi,2025,7,3,Jul/2025,0.0546985,0.0,
2025-07-11,0.055131,cdi,2025,7,3,Jul/2025,0.054727333333333336,0.0,
2025-07-14,0.055131,cdi,2025,7,3,Jul/2025,0.054756166666666675,0.0,
2025-07-15,0.055131,cdi,2025,7,3,Jul/2025,0.05478499999999999,0.0,
2025-07-16,0.055131,cdi,2025,7,3,Jul/2025,0.05481383333333333,0.0,
2025-07-17,0.055131,cdi,2025,7,3,Jul/2025,0.05484266666666667,0.0,
2025-07-18,0.055131,cdi,2025,7,3,Jul/2025,0.0548715,0.0,
2025-07-21,0.055131,cdi,2025,7,3,Jul/2025,0.054900333333333336,0.0,
2025-07-22,0.055131,cdi,2025,7,3,Jul/2025,0.054929166666666675,0.0,
2025-07-23,0.055131,cdi,2025,7,3,Jul/2025,0.05495799999999999,0.0,
2025-07-24,0.055131,cdi,2025,7,3,Jul/2025,0.05498683333333333,0.0,
2025-07-25,0.055131,cdi,2025,7,3,Jul/2025,0.05501566666666667,0.0,
2025-07-28,0.055131,cdi,2025,7,3,Jul/2025,0.0550445,0.0,
2025-07-29,0.055131,cdi,2025,7,3,Jul/2025,0.055073333333333335,0.0,
2025-07-30,0.055131,cdi,2025,7,3,Jul/2025,0.05510216666666666,0.0,
2025-07-31,0.055131,cdi,2025,7,3,Jul/2025,0.055131,0.0,
2025-08-01,0.055131,cdi,2025,8,3,Aug/2025,0.055131,0.0,
2025-08-04,0.055131,cdi,2025,8,3,Aug/2025,0.055131,0.0,
2025-08-05,0.055131,cdi,2025,8,3,Aug/2025,0.055131,0.0,
2025-08-06,0.055131,cdi,2025,8,3,Aug/2025,0.055131,0.0,
2025-08-07,0.055131,cdi,2025,8,3,Aug/2025,0.055131,0.0,
2025-08-08,0.055131,cdi,2025,8,3,Aug/2025,0.055131,0.0,
2025-08-11,0.055131,cdi,2025,8,3,Aug/2025,0.055131,0.0,
2025-08-12,0.055131,cdi,2025,8,3,Aug/2025,0.055131,0.0,
2025-08-13,0.055131,cdi,2025,8,3,Aug/2025,0.055131,0.0,
2025-08-14,0.055131,cdi,2025,8,3,Aug/2025,0.055131,0.0,
2025-08-15,0.055131,cdi,2025,8,3,Aug/2025,0.055131,0.0,
2025-08-18,0.055131,cdi,2025,8,3,Aug/2025,0.055131,0.0,
2025-08-19,0.055131,cdi,2025,8,3,Aug/2025,0.055131,0.0,
2025-08-20,0.055131,cdi,2025,8,3,Aug/2025,0.055131,0.0,
2025-08-21,0.055131,cdi,2025,8,3,Aug/2025,0.055131,0.0,
2025-08-22,0.055131,cdi,2025,8,3,Aug/2025,0.055131,0.0,
2025-08-25,0.055131,cdi,2025,8,3,Aug/2025,0.055131,0.0,
2025-08-26,0.055131,cdi,2025,8,3,Aug/2025,0.055131,0.0,
2025-08-27,0.055131,cdi,2025,8,3,Aug/2025,0.055131,0.0,
2025-08-28,0.055131,cdi,2025,8,3,Aug/2025,0.055131,0.0,
2025-08-29,0.055131,cdi,2025,8,3,Aug/2025,0.055131,0.0,
2025-09-01,0.055131,cdi,2025,9,3,Sep/2025,0.055131,0.0,
2025-09-02,0.055131,cdi,2025,9,3,Sep/2025,0.055131,0.0,
2025-09-03,0.055131,cdi,2025,9,3,Sep/2025,0.055131,0.0,
2025-09-04,0.055131,cdi,2025,9,3,Sep/2025,0.055131,0.0,
2025-09-05,0.055131,cdi,2025,9,3,Sep/2025,0.055131,0.0,
2025-09-08,0.055131,cdi,2025,9,3,Sep/2025,0.055131,0.0,
2025-09-09,0.055131,cdi,2025,9,3,Sep/2025,0.055131,0.0,
2025-09-10,0.055131,cdi,2025,9,3,Sep/2025,0.055131,0.0,
2025-09-11,0.055131,cdi,2025,9,3,Sep/2025,0.055131,0.0,
2025-09-12,0.055131,cdi,2025,9,3,Sep/2025,0.055131,0.0,
2025-09-15,0.055131,cdi,2025,9,3,Sep/2025,0.055131,0.0,
2025-09-16,0.055131,cdi,2025,9,3,Sep/2025,0.055131,0.0,
2025-09-17,0.055131,cdi,2025,9,3,Sep/2025,0.055131,0.0,
2025-09-18,0.055131,cdi,2025,9,3,Sep/2025,0.055131,0.0,
2025-09-19,0.055131,cdi,2025,9,3,Sep/2025,0.055131,0.0,
2025-09-22,0.055131,cdi,2025,9,3,Sep/2025,0.055131,0.0,
2025-09-23,0.055131,cdi,2025,9,3,Sep/2025,0.055131,0.0,
2025-09-24,0.055131,cdi,2025,9,3,Sep/2025,0.055131,0.0,
2025-09-25,0.055131,cdi,2025,9,3,Sep/2025,0.055131,0.0,
2025-09-26,0.055131,cdi,2025,9,3,Sep/2025,0.055131,0.0,
2025-09-29,0.055131,cdi,2025,9,3,Sep/2025,0.055131,0.0,
2025-09-30,0.055131,cdi,2025,9,3,Sep/2025,0.055131,0.0,
2025-10-01,0.055131,cdi,2025,10,4,Oct/2025,0.055131,0.0,
2025-10-02,0.055131,cdi,2025,10,4,Oct/2025,0.055131,0.0,
2025-10-03,0.055131,cdi,2025,10,4,Oct/2025,0.055131,0.0,
2025-10-06,0.055131,cdi,2025,10,4,Oct/2025,0.055131,0.0,
2025-10-07,0.055131,cdi,2025,10,4,Oct/2025,0.055131,0.0,
2025-10-08,0.055131,cdi,2025,10,4,Oct/2025,0.055131,0.0,
2025-10-09,0.055131,cdi,2025,10,4,Oct/2025,0.055131,0.0,
2025-10-10,0.055131,cdi,2025,10,4,Oct/2025,0.055131,0.0,
2025-10-13,0.055131,cdi,2025,10,4,Oct/2025,0.055131,0.0,
2025-10-14,0.055131,cdi,2025,10,4,Oct/2025,0.055131,0.0,
2025-10-15,0.055131,cdi,2025,10,4,Oct/2025,0.055131,0.0,
2025-10-16,0.055131,cdi,2025,10,4,Oct/2025,0.055131,0.0,
2025-10-17,0.055131,cdi,2025,10,4,Oct/2025,0.055131,0.0,
2025-10-20,0.055131,cdi,2025,10,4,Oct/2025,0.055131,0.0,
2025-10-21,0.055131,cdi,2025,10,4,Oct/2025,0.055131,0.0,
2025-10-22,0.055131,cdi,2025,10,4,Oct/2025,0.055131,0.0,
2025-10-23,0.055131,cdi,2025,10,4,Oct/2025,0.055131,0.0,
2025-10-24,0.055131,cdi,2025,10,4,Oct/2025,0.055131,0.0,
2025-10-27,0.055131,cdi,2025,10,4,Oct/2025,0.055131,0.0,
2025-10-28,0.055131,cdi,2025,10,4,Oct/2025,0.055131,0.0,
2025-10-29,0.055131,cdi,2025,10,4,Oct/2025,0.055131,0.0,
2025-10-30,0.055131,cdi,2025,10,4,Oct/2025,0.055131,0.0,
2025-10-31,0.055131,cdi,2025,10,4,Oct/2025,0.055131,0.0,
2025-11-03,0.055131,cdi,2025,11,4,Nov/2025,0.055131,0.0,
2025-11-04,0.055131,cdi,2025,11,4,Nov/2025,0.055131,0.0,
2025-11-05,0.055131,cdi,2025,11,4,Nov/2025,0.055131,0.0,
2025-11-06,0.055131,cdi,2025,11,4,Nov/2025,0.055131,0.0,
2025-11-07,0.055131,cdi,2025,11,4,Nov/2025,0.055131,0.0,
2025-11-10,0.055131,cdi,2025,11,4,Nov/2025,0.055131,0.0,
2025-11-11,0.055131,cdi,2025,11,4,Nov/2025,0.055131,0.0,
2025-11-12,0.055131,cdi,2025,11,4,Nov/2025,0.055131,0.0,
2025-11-13,0.055131,cdi,2025,11,4,Nov/2025,0.055131,0.0,
2025-11-14,0.055131,cdi,2025,11,4,Nov/2025,0.055131,0.0,
2025-11-17,0.055131,cdi,2025,11,4,Nov/2025,0.055131,0.0,
2025-11-18,0.055131,cdi,2025,11,4,Nov/2025,0.055131,0.0,
2025-11-19,0.055131,cdi,2025,11,4,Nov/2025,0.055131,0.0,
2025-11-21,0.055131,cdi,2025,11,4,Nov/2025,0.055131,0.0,
2025-11-24,0.055131,cdi,2025,11,4,Nov/2025,0.055131,0.0,
2025-11-25,0.055131,cdi,2025,11,4,Nov/2025,0.055131,0.0,
2025-11-26,0.055131,cdi,2025,11,4,Nov/2025,0.055131,0.0,
2025-11-27,0.055131,cdi,2025,11,4,Nov/2025,0.055131,0.0,
2025-11-28,0.055131,cdi,2025,11,4,Nov/2025,0.055131,0.0,
2025-12-01,0.055131,cdi,2025,12,4,Dec/2025,0.055131,0.0,
2025-12-02,0.055131,cdi,2025,12,4,Dec/2025,0.055131,0.0,
2025-12-03,0.055131,cdi,2025,12,4,Dec/2025,0.055131,0.0,
2025-12-04,0.055131,cdi,2025,12,4,Dec/2025,0.055131,0.0,
2025-12-05,0.055131,cdi,2025,12,4,Dec/2025,0.055131,0.0,
2025-12-08,0.055131,cdi,2025,12,4,Dec/2025,0.055131,0.0,
2025-12-09,0.055131,cdi,2025,12,4,Dec/2025,0.055131,0.0,
2025-12-10,0.055131,cdi,2025,12,4,Dec/2025,0.055131,0.0,
2025-12-11,0.055131,cdi,2025,12,4,Dec/2025,0.055131,0.0,
2025-12-12,0.055131,cdi,2025,12,4,Dec/2025,0.055131,0.0,
2025-12-15,0.055131,cdi,2025,12,4,Dec/2025,0.055131,0.0,
2025-12-16,0.055131,cdi,2025,12,4,Dec/2025,0.055131,0.0,
2025-12-17,0.055131,cdi,2025,12,4,Dec/2025,0.055131,0.0,
2025-12-18,0.055131,cdi,2025,12,4,Dec/2025,0.055131,0.0,
2025-12-19,0.055131,cdi,2025,12,4,Dec/2025,0.055131,0.0,
2025-12-22,0.055131,cdi,2025,12,4,Dec/2025,0.055131,0.0,
2025-12-23,0.055131,cdi,2025,12,4,Dec/2025,0.055131,0.0,
2025-12-24,0.055131,cdi,2025,12,4,Dec/2025,0.055131,0.0,
2025-12-26,0.055131,cdi,2025,12,4,Dec/2025,0.055131,0.0,
2025-12-29,0.055131,cdi,2025,12,4,Dec/2025,0.055131,0.0,
2025-12-30,0.055131,cdi,2025,12,4,Dec/2025,0.055131,0.0,
2025-12-31,0.055131,cdi,2025,12,4,Dec/2025,0.055131,0.0,
2026-01-02,0.055131,cdi,2026,1,1,Jan/2026,0.055131,0.0,
2026-01-05,0.055131,cdi,2026,1,1,Jan/2026,0.055131,0.0,
2026-01-06,0.055131,cdi,2026,1,1,Jan/2026,0.055131,0.0,
2026-01-07,0.055131,cdi,2026,1,1,Jan/2026,0.055131,0.0,
2026-01-08,0.055131,cdi,2026,1,1,Jan/2026,0.055131,0.0,
2026-01-09,0.055131,cdi,2026,1,1,Jan/2026,0.055131,0.0,
2026-01-12,0.055131,cdi,2026,1,1,Jan/2026,0.055131,0.0,
2026-01-13,0.055131,cdi,2026,1,1,Jan/2026,0.055131,0.0,
2026-01-14,0.055131,cdi,2026,1,1,Jan/2026,0.055131,0.0,
2026-01-15,0.055131,cdi,2026,1,1,Jan/2026,0.055131,0.0,
2026-01-16,0.055131,cdi,2026,1,1,Jan/2026,0.055131,0.0,
2026-01-19,0.055131,cdi,2026,1,1,Jan/2026,0.055131,0.0,
2026-01-20,0.055131,cdi,2026,1,1,Jan/2026,0.055131,0.0,
2026-01-21,0.055131,cdi,2026,1,1,Jan/2026,0.055131,0.0,
2026-01-22,0.055131,cdi,2026,1,1,Jan/2026,0.055131,0.0,
2026-01-23,0.055131,cdi,2026,1,1,Jan/2026,0.055131,0.0,
2026-01-26,0.055131,cdi,2026,1,1,Jan/2026,0.055131,0.0,
2026-01-27,0.055131,cdi,2026,1,1,Jan/2026,0.055131,0.0,
2026-01-28,0.055131,cdi,2026,1,1,Jan/2026,0.055131,0.0,
2026-01-29,0.055131,cdi,2026,1,1,Jan/2026,0.055131,0.0,
2026-01-30,0.055131,cdi,2026,1,1,Jan/2026,0.055131,0.0,
2026-02-02,0.055131,cdi,2026,2,1,Feb/2026,0.055131,0.0,
2026-02-03,0.055131,cdi,2026,2,1,Feb/2026,0.055131,0.0,
2026-02-04,0.055131,cdi,2026,2,1,Feb/2026,0.055131,0.0,
2026-02-05,0.055131,cdi,2026,2,1,Feb/2026,0.055131,0.0,
2026-02-06,0.055131,cdi,2026,2,1,Feb/2026,0.055131,0.0,
2026-02-09,0.055131,cdi,2026,2,1,Feb/2026,0.055131,0.0,
2026-02-10,0.055131,cdi,2026,2,1,Feb/2026,0.055131,0.0,
2026-02-11,0.055131,cdi,2026,2,1,Feb/2026,0.055131,0.0,
2026-02-12,0.055131,cdi,2026,2,1,Feb/2026,0.055131,0.0,
2026-02-13,0.055131,cdi,2026,2,1,Feb/2026,0.055131,0.0,
2026-02-18,0.055131,cdi,2026,2,1,Feb/2026,0.055131,0.0,
2026-02-19,0.055131,cdi,2026,2,1,Feb/2026,0.055131,0.0,
2026-02-20,0.055131,cdi,2026,2,1,Feb/2026,0.055131,0.0,
2026-02-23,0.055131,cdi,2026,2,1,Feb/2026,0.055131,0.0,
2026-02-24,0.055131,cdi,2026,2,1,Feb/2026,0.055131,0.0,
2026-02-25,0.055131,cdi,2026,2,1,Feb/2026,0.055131,0.0,
2026-02-26,0.055131,cdi,2026,2,1,Feb/2026,0.055131,0.0,
2026-02-27,0.055131,cdi,2026,2,1,Feb/2026,0.055131,0.0,
2026-03-02,0.055131,cdi,2026,3,1,Mar/2026,0.055131,0.0,
2026-03-03,0.055131,cdi,2026,3,1,Mar/2026,0.055131,0.0,
2026-03-04,0.055131,cdi,2026,3,1,Mar/2026,0.055131,0.0,
2026-03-05,0.055131,cdi,2026,3,1,Mar/2026,0.055131,0.0,
2026-03-06,0.055131,cdi,2026,3,1,Mar/2026,0.055131,0.0,
2026-03-09,0.055131,cdi,2026,3,1,Mar/2026,0.055131,0.0,
2026-03-10,0.055131,cdi,2026,3,1,Mar/2026,0.055131,0.0,
2026-03-11,0.055131,cdi,2026,3,1,Mar/2026,0.055131,0.0,
2026-03-12,0.055131,cdi,2026,3,1,Mar/2026,0.055131,0.0,
2026-03-13,0.055131,cdi,2026,3,1,Mar/2026,0.055131,0.0,
2026-03-16,0.055131,cdi,2026,3,1,Mar/2026,0.055131,0.0,
2026-03-17,0.055131,cdi,2026,3,1,Mar/2026,0.055131,0.0,
2026-03-18,0.055131,cdi,2026,3,1,Mar/2026,0.055131,0.0,
2026-03-19,0.054266,cdi,2026,3,1,Mar/2026,0.05510216666666667,-1.5689902232863484,
2026-03-20,0.054266,cdi,2026,3,1,Mar/2026,0.05507333333333333,0.0,
2026-03-23,0.054266,cdi,2026,3,1,Mar/2026,0.05504449999999999,0.0,
2026-03-24,0.054266,cdi,2026,3,1,Mar/2026,0.05501566666666667,0.0,
2026-03-25,0.054266,cdi,2026,3,1,Mar/2026,0.05498683333333333,0.0,
2026-03-26,0.054266,cdi,2026,3,1,Mar/2026,0.054958,0.0,
2026-03-27,0.054266,cdi,2026,3,1,Mar/2026,0.05492916666666667,0.0,
2026-03-30,0.054266,cdi,2026,3,1,Mar/2026,0.05490033333333333,0.0,
2026-03-31,0.054266,cdi,2026,3,1,Mar/2026,0.054871500000000004,0.0,
2026-04-01,0.054266,cdi,2026,4,2,Apr/2026,0.05484266666666667,0.0,
2026-04-02,0.054266,cdi,2026,4,2,Apr/2026,0.05481383333333333,0.0,
2026-04-06,0.054266,cdi,2026,4,2,Apr/2026,0.054785,0.0,
2026-04-07,0.054266,cdi,2026,4,2,Apr/2026,0.05475616666666667,0.0,
2026-04-08,0.054266,cdi,2026,4,2,Apr/2026,0.054727333333333336,0.0,
2026-04-09,0.054266,cdi,2026,4,2,Apr/2026,0.054698500000000004,0.0,
2026-04-10,0.054266,cdi,2026,4,2,Apr/2026,0.054669666666666665,0.0,
2026-04-13,0.054266,cdi,2026,4,2,Apr/2026,0.05464083333333333,0.0,
2026-04-14,0.054266,cdi,2026,4,2,Apr/2026,0.054612,0.0,
2026-04-15,0.054266,cdi,2026,4,2,Apr/2026,0.05458316666666667,0.0,
2026-04-16,0.054266,cdi,2026,4,2,Apr/2026,0.05455433333333334,0.0,
2026-04-17,0.054266,cdi,2026,4,2,Apr/2026,0.054525500000000005,0.0,
2026-04-20,0.054266,cdi,2026,4,2,Apr/2026,0.054496666666666665,0.0,
2026-04-22,0.054266,cdi,2026,4,2,Apr/2026,0.05446783333333333,0.0,
2026-04-23,0.054266,cdi,2026,4,2,Apr/2026,0.054439,0.0,
2026-04-24,0.054266,cdi,2026,4,2,Apr/2026,0.05441016666666667,0.0,
2026-04-27,0.054266,cdi,2026,4,2,Apr/2026,0.05438133333333333,0.0,
2026-04-28,0.054266,cdi,2026,4,2,Apr/2026,0.054352500000000005,0.0,
2026-04-29,0.054266,cdi,2026,4,2,Apr/2026,0.054323666666666666,0.0,
2026-04-30,0.0534,cdi,2026,4,2,Apr/2026,0.05426596666666667,-1.595842700770278,
2026-05-04,0.0534,cdi,2026,5,2,May/2026,0.05420826666666667,0.0,
2026-05-05,0.0534,cdi,2026,5,2,May/2026,0.0541794,0.0,
2026-05-06,0.0534,cdi,2026,5,2,May/2026,0.054150533333333334,0.0,
2026-05-07,0.0534,cdi,2026,5,2,May/2026,0.05412166666666667,0.0,
2026-05-08,0.0534,cdi,2026,5,2,May/2026,0.0540928,0.0,
2026-05-11,0.0534,cdi,2026,5,2,May/2026,0.05406393333333334,0.0,
2026-05-12,0.0534,cdi,2026,5,2,May/2026,0.05403506666666667,0.0,
2026-05-13,0.0534,cdi,2026,5,2,May/2026,0.054006200000000004,0.0,
2026-05-14,0.0534,cdi,2026,5,2,May/2026,0.053977333333333335,0.0,
2026-05-15,0.0534,cdi,2026,5,2,May/2026,0.05394846666666667,0.0,
2026-05-18,0.0534,cdi,2026,5,2,May/2026,0.0539196,0.0,
2026-05-19,0.0534,cdi,2026,5,2,May/2026,0.05389073333333334,0.0,
2026-05-20,0.0534,cdi,2026,5,2,May/2026,0.05386186666666667,0.0,
2026-05-21,0.0534,cdi,2026,5,2,May/2026,0.053833000000000006,0.0,
2026-05-22,0.0534,cdi,2026,5,2,May/2026,0.05380413333333334,0.0,
2026-05-25,0.0534,cdi,2026,5,2,May/2026,0.05377526666666667,0.0,
2026-05-26,0.0534,cdi,2026,5,2,May/2026,0.0537464,0.0,
2026-05-27,0.0534,cdi,2026,5,2,May/2026,0.05371753333333334,0.0,
2026-05-28,0.0534,cdi,2026,5,2,May/2026,0.05368866666666667,0.0,
2026-05-29,0.0534,cdi,2026,5,2,May/2026,0.05365980000000001,0.0,
2026-06-01,0.0534,cdi,2026,6,2,Jun/2026,0.05363093333333334,0.0,
2026-06-02,0.0534,cdi,2026,6,2,Jun/2026,0.05360206666666667,0.0,
2026-06-03,0.0534,cdi,2026,6,2,Jun/2026,0.0535732,0.0,
2026-06-05,0.0534,cdi,2026,6,2,Jun/2026,0.05354433333333334,0.0,
2026-06-08,0.0534,cdi,2026,6,2,Jun/2026,0.053515466666666664,0.0,
2026-06-09,0.0534,cdi,2026,6,2,Jun/2026,0.05348660000000001,0.0,
2026-06-10,0.0534,cdi,2026,6,2,Jun/2026,0.05345773333333334,0.0,
2026-06-11,0.0534,cdi,2026,6,2,Jun/2026,0.05342886666666667,0.0,
2026-06-12,0.0534,cdi,2026,6,2,Jun/2026,0.0534,0.0,
2026-06-15,0.0534,cdi,2026,6,2,Jun/2026,0.0534,0.0,
2026-06-16,0.0534,cdi,2026,6,2,Jun/2026,0.0534,0.0,
2026-06-17,0.0534,cdi,2026,6,2,Jun/2026,0.0534,0.0,
2026-06-18,0.052531,cdi,2026,6,2,Jun/2026,0.05337103333333334,-1.627340823970036,
2026-06-19,0.052531,cdi,2026,6,2,Jun/2026,0.05334206666666667,0.0,
2026-06-22,0.052531,cdi,2026,6,2,Jun/2026,0.0533131,0.0,
2026-06-23,0.052531,cdi,2026,6,2,Jun/2026,0.05328413333333334,0.0,
2026-06-24,0.052531,cdi,2026,6,2,Jun/2026,0.053255166666666666,0.0,
2026-06-25,0.052531,cdi,2026,6,2,Jun/2026,0.0532262,0.0,
2026-06-26,0.052531,cdi,2026,6,2,Jun/2026,0.05319723333333334,0.0,
2026-06-29,0.052531,cdi,2026,6,2,Jun/2026,0.053168266666666665,0.0,
2026-06-30,0.052531,cdi,2026,6,2,Jun/2026,0.0531393,0.0,
2026-07-01,0.052531,cdi,2026,7,3,Jul/2026,0.053110333333333336,0.0,
2026-07-02,0.052531,cdi,2026,7,3,Jul/2026,0.053081366666666664,0.0,
2026-07-03,0.052531,cdi,2026,7,3,Jul/2026,0.0530524,0.0,
2026-07-06,0.052531,cdi,2026,7,3,Jul/2026,0.053023433333333335,0.0,
2026-07-07,0.052531,cdi,2026,7,3,Jul/2026,0.05299446666666666,0.0,
2026-07-08,0.052531,cdi,2026,7,3,Jul/2026,0.052965500000000006,0.0,
2026-07-09,0.052531,cdi,2026,7,3,Jul/2026,0.052936533333333334,0.0,
2026-07-10,0.052531,cdi,2026,7,3,Jul/2026,0.05290756666666667,0.0,
2026-07-13,0.052531,cdi,2026,7,3,Jul/2026,0.0528786,0.0,
2026-07-14,0.052531,cdi,2026,7,3,Jul/2026,0.05284963333333334,0.0,
2026-07-15,0.052531,cdi,2026,7,3,Jul/2026,0.05282066666666666,0.0,
2026-07-16,0.052531,cdi,2026,7,3,Jul/2026,0.052791700000000004,0.0,
2026-07-17,0.052531,cdi,2026,7,3,Jul/2026,0.05276273333333333,0.0,
2026-07-20,0.052531,cdi,2026,7,3,Jul/2026,0.05273376666666667,0.0,
2026-07-21,0.052531,cdi,2026,7,3,Jul/2026,0.052704799999999996,0.0,
2026-07-22,0.052531,cdi,2026,7,3,Jul/2026,0.05267583333333334,0.0,
2026-07-23,0.052531,cdi,2026,7,3,Jul/2026,0.05264686666666666,0.0,
2026-07-24,0.052531,cdi,2026,7,3,Jul/2026,0.0526179,0.0,
2026-07-27,0.052531,cdi,2026,7,3,Jul/2026,0.05258893333333333,0.0,
2026-07-28,0.052531,cdi,2026,7,3,Jul/2026,0.052559966666666666,0.0,
2026-07-29,0.052531,cdi,2026,7,3,Jul/2026,0.052531,0.0,
2026-07-30,0.052531,cdi,2026,7,3,Jul/2026,0.052531,0.0,
2026-07-31,0.052531,cdi,2026,7,3,Jul/2026,0.052531,0.0,
2026-08-03,0.052531,cdi,2026,8,3,Aug/2026,0.052531,0.0,
2026-08-04,0.052531,cdi,2026,8,3,Aug/2026,0.052531,0.0,
2026-08-05,0.052531,cdi,2026,8,3,Aug/2026,0.052531,0.0,
2026-08-06,0.05166,cdi,2026,8,3,Aug/2026,0.05250196666666666,-1.6580685690354313,
2026-08-07,0.05166,cdi,2026,8,3,Aug/2026,0.05247293333333334,0.0,
2026-08-10,0.05166,cdi,2026,8,3,Aug/2026,0.0524439,0.0,
2026-08-11,0.05166,cdi,2026,8,3,Aug/2026,0.052414866666666664,0.0,
2026-08-12,0.05166,cdi,2026,8,3,Aug/2026,0.05238583333333333,0.0,
2026-08-13,0.05166,cdi,2026,8,3,Aug/2026,0.0523568,0.0,
2026-08-14,0.05166,cdi,2026,8,3,Aug/2026,0.05232776666666667,0.0,
2026-08-17,0.05166,cdi,2026,8,3,Aug/2026,0.05229873333333334,0.0,
2026-08-18,0.05166,cdi,2026,8,3,Aug/2026,0.052269699999999995,0.0,
2026-08-19,0.05166,cdi,2026,8,3,Aug/2026,0.052240666666666664,0.0,
2020-01-01,0.21,ipca,2020,1,1,Jan/2020,0.21,,
2020-02-01,0.25,ipca,2020,2,1,Feb/2020,0.22999999999999998,19.047619047619047,
2020-03-01,0.07,ipca,2020,3,1,Mar/2020,0.17666666666666667,-72.0,
2020-04-01,-0.31,ipca,2020,4,2,Apr/2020,0.05499999999999999,-542.8571428571428,
2020-05-01,-0.38,ipca,2020,5,2,May/2020,-0.03200000000000001,22.580645161290324,
2020-06-01,0.26,ipca,2020,6,2,Jun/2020,0.016666666666666663,-168.42105263157893,
2020-07-01,0.36,ipca,2020,7,3,Jul/2020,0.06571428571428571,38.46153846153846,
2020-08-01,0.24,ipca,2020,8,3,Aug/2020,0.0875,-33.333333333333336,
2020-09-01,0.64,ipca,2020,9,3,Sep/2020,0.14888888888888888,166.66666666666669,
2020-10-01,0.86,ipca,2020,10,4,Oct/2020,0.22000000000000003,34.375,
2020-11-01,0.89,ipca,2020,11,4,Nov/2020,0.2809090909090909,3.488372093023262,
2020-12-01,1.35,ipca,2020,12,4,Dec/2020,0.36999999999999994,51.685393258426984,
2021-01-01,0.25,ipca,2021,1,1,Jan/2021,0.36076923076923073,-81.4814814814815,
2021-02-01,0.86,ipca,2021,2,1,Feb/2021,0.3964285714285714,244.0,
2021-03-01,0.93,ipca,2021,3,1,Mar/2021,0.43200000000000005,8.139534883720945,
2021-04-01,0.31,ipca,2021,4,2,Apr/2021,0.424375,-66.66666666666667,
2021-05-01,0.83,ipca,2021,5,2,May/2021,0.44823529411764707,167.74193548387095,
2021-06-01,0.53,ipca,2021,6,2,Jun/2021,0.4527777777777778,-36.14457831325301,
2021-07-01,0.96,ipca,2021,7,3,Jul/2021,0.4794736842105263,81.1320754716981,
2021-08-01,0.87,ipca,2021,8,3,Aug/2021,0.499,-9.375,
2021-09-01,1.16,ipca,2021,9,3,Sep/2021,0.5304761904761905,33.33333333333333,
2021-10-01,1.25,ipca,2021,10,4,Oct/2021,0.5631818181818182,7.758620689655182,
2021-11-01,0.95,ipca,2021,11,4,Nov/2021,0.58,-24.0,
2021-12-01,0.73,ipca,2021,12,4,Dec/2021,0.58625,-23.1578947368421,
2022-01-01,0.54,ipca,2022,1,1,Jan/2022,0.5844,-26.027397260273965,
2022-02-01,1.01,ipca,2022,2,1,Feb/2022,0.6007692307692307,87.03703703703702,
2022-03-01,1.62,ipca,2022,3,1,Mar/2022,0.6385185185185185,60.3960396039604,
2022-04-01,1.06,ipca,2022,4,2,Apr/2022,0.6535714285714286,-34.5679012345679,
2022-05-01,0.47,ipca,2022,5,2,May/2022,0.6472413793103449,-55.660377358490564,
2022-06-01,0.67,ipca,2022,6,2,Jun/2022,0.648,42.55319148936172,
2022-07-01,-0.68,ipca,2022,7,3,Jul/2022,0.6183333333333333,-201.49253731343288,
2022-08-01,-0.36,ipca,2022,8,3,Aug/2022,0.598,-47.058823529411775,
2022-09-01,-0.29,ipca,2022,9,3,Sep/2022,0.586,-19.444444444444443,
2022-10-01,0.59,ipca,2022,10,4,Oct/2022,0.616,-303.44827586206895,
2022-11-01,0.41,ipca,2022,11,4,Nov/2022,0.6423333333333333,-30.508474576271183,
2022-12-01,0.62,ipca,2022,12,4,Dec/2022,0.6543333333333333,51.21951219512195,
2023-01-01,0.53,ipca,2023,1,1,Jan/2023,0.6599999999999999,-14.516129032258062,
2023-02-01,0.84,ipca,2023,2,1,Feb/2023,0.68,58.49056603773584,
2023-03-01,0.71,ipca,2023,3,1,Mar/2023,0.6823333333333333,-15.476190476190476,
2023-04-01,0.61,ipca,2023,4,2,Apr/2023,0.6739999999999999,-14.084507042253513,
2023-05-01,0.23,ipca,2023,5,2,May/2023,0.6519999999999999,-62.295081967213115,
2023-06-01,-0.08,ipca,2023,6,2,Jun/2023,0.6043333333333333,-134.7826086956522,
2023-07-01,0.12,ipca,2023,7,3,Jul/2023,0.6,-250.0,
2023-08-01,0.23,ipca,2023,8,3,Aug/2023,0.579,91.66666666666667,
2023-09-01,0.26,ipca,2023,9,3,Sep/2023,0.5566666666666666,13.043478260869556,
2023-10-01,0.24,ipca,2023,10,4,Oct/2023,0.5543333333333333,-7.692307692307699,
2023-11-01,0.28,ipca,2023,11,4,Nov/2023,0.536,16.666666666666675,
2023-12-01,0.56,ipca,2023,12,4,Dec/2023,0.537,100.0,
2024-01-01,0.42,ipca,2024,1,1,Jan/2024,0.519,-25.00000000000001,
2024-02-01,0.83,ipca,2024,2,1,Feb/2024,0.5176666666666666,97.61904761904762,
2024-03-01,0.16,ipca,2024,3,1,Mar/2024,0.4843333333333334,-80.72289156626506,
2024-04-01,0.38,ipca,2024,4,2,Apr/2024,0.4553333333333333,137.5,
2024-05-01,0.46,ipca,2024,5,2,May/2024,0.439,21.052631578947366,
2024-06-01,0.21,ipca,2024,6,2,Jun/2024,0.4216666666666667,-54.347826086956516,
2024-07-01,0.38,ipca,2024,7,3,Jul/2024,0.41633333333333333,80.95238095238095,
2024-08-01,-0.02,ipca,2024,8,3,Aug/2024,0.382,-105.26315789473684,
2024-09-01,0.44,ipca,2024,9,3,Sep/2024,0.3426666666666666,-2300.0,
2024-10-01,0.56,ipca,2024,10,4,Oct/2024,0.32599999999999996,27.272727272727295,
2024-11-01,0.39,ipca,2024,11,4,Nov/2024,0.32333333333333336,-30.35714285714286,
2024-12-01,0.52,ipca,2024,12,4,Dec/2024,0.31833333333333336,33.33333333333333,
2025-01-01,0.16,ipca,2025,1,1,Jan/2025,0.3463333333333333,-69.23076923076923,
2025-02-01,1.31,ipca,2025,2,1,Feb/2025,0.40199999999999997,718.75,
2025-03-01,0.56,ipca,2025,3,1,Mar/2025,0.43033333333333335,-57.25190839694656,
2025-04-01,0.43,ipca,2025,4,2,Apr/2025,0.425,-23.214285714285722,
2025-05-01,0.26,ipca,2025,5,2,May/2025,0.42000000000000004,-39.534883720930225,
2025-06-01,0.24,ipca,2025,6,2,Jun/2025,0.40733333333333327,-7.692307692307699,
2025-07-01,0.26,ipca,2025,7,3,Jul/2025,0.3983333333333334,8.333333333333348,
2025-08-01,-0.11,ipca,2025,8,3,Aug/2025,0.36666666666666664,-142.30769230769232,
2025-09-01,0.48,ipca,2025,9,3,Sep/2025,0.359,-536.3636363636364,
2025-10-01,0.09,ipca,2025,10,4,Oct/2025,0.3416666666666667,-81.25,
2025-11-01,0.18,ipca,2025,11,4,Nov/2025,0.33999999999999997,100.0,
2025-12-01,0.33,ipca,2025,12,4,Dec/2025,0.35366666666666663,83.33333333333334,
2026-01-01,0.33,ipca,2026,1,1,Jan/2026,0.3606666666666667,0.0,
2026-02-01,0.7,ipca,2026,2,1,Feb/2026,0.3763333333333333,112.12121212121211,
2026-03-01,0.88,ipca,2026,3,1,Mar/2026,0.397,25.714285714285733,
2026-04-01,0.67,ipca,2026,4,2,Apr/2026,0.41133333333333333,-23.863636363636363,
2026-05-01,0.58,ipca,2026,5,2,May/2026,0.42133333333333334,-13.432835820895539,
2026-06-01,0.16,ipca,2026,6,2,Jun/2026,0.40800000000000003,-72.41379310344827,
2026-07-01,0.07,ipca,2026,7,3,Jul/2026,0.39633333333333337,-56.25,
2020-01-02,0.017089,selic,2020,1,1,Jan/2020,0.017089,,
2020-01-03,0.017089,selic,2020,1,1,Jan/2020,0.017089,0.0,
2020-01-06,0.017089,selic,2020,1,1,Jan/2020,0.017089,0.0,
2020-01-07,0.017089,selic,2020,1,1,Jan/2020,0.017089,0.0,
2020-01-08,0.017089,selic,2020,1,1,Jan/2020,0.017089,0.0,
2020-01-09,0.017089,selic,2020,1,1,Jan/2020,0.017089,0.0,
2020-01-10,0.017089,selic,2020,1,1,Jan/2020,0.017089,0.0,
2020-01-13,0.017089,selic,2020,1,1,Jan/2020,0.017089,0.0,
2020-01-14,0.017089,selic,2020,1,1,Jan/2020,0.017089,0.0,
2020-01-15,0.017089,selic,2020,1,1,Jan/2020,0.017089,0.0,
2020-01-16,0.017089,selic,2020,1,1,Jan/2020,0.017089,0.0,
2020-01-17,0.017089,selic,2020,1,1,Jan/2020,0.017089,0.0,
2020-01-20,0.017089,selic,2020,1,1,Jan/2020,0.017089,0.0,
2020-01-21,0.017089,selic,2020,1,1,Jan/2020,0.017089,0.0,
2020-01-22,0.017089,selic,2020,1,1,Jan/2020,0.017089,0.0,
2020-01-23,0.017089,selic,2020,1,1,Jan/2020,0.017089,0.0,
2020-01-24,0.017089,selic,2020,1,1,Jan/2020,0.017089,0.0,
2020-01-27,0.017089,selic,2020,1,1,Jan/2020,0.017089,0.0,
2020-01-28,0.017089,selic,2020,1,1,Jan/2020,0.017089,0.0,
2020-01-29,0.017089,selic,2020,1,1,Jan/2020,0.017089,0.0,
2020-01-30,0.017089,selic,2020,1,1,Jan/2020,0.017089,0.0,
2020-01-31,0.017089,selic,2020,1,1,Jan/2020,0.017089,0.0,
2020-02-03,0.017089,selic,2020,2,1,Feb/2020,0.017089,0.0,
2020-02-04,0.017089,selic,2020,2,1,Feb/2020,0.017089,0.0,
2020-02-05,0.017089,selic,2020,2,1,Feb/2020,0.017089,0.0,
2020-02-06,0.016137,selic,2020,2,1,Feb/2020,0.017052384615384615,-5.570835040084276,
2020-02-07,0.016137,selic,2020,2,1,Feb/2020,0.01701848148148148,0.0,
2020-02-10,0.016137,selic,2020,2,1,Feb/2020,0.016987,0.0,
2020-02-11,0.016137,selic,2020,2,1,Feb/2020,0.016957689655172414,0.0,
2020-02-12,0.016137,selic,2020,2,1,Feb/2020,0.016930333333333332,0.0,
2020-02-13,0.016137,selic,2020,2,1,Feb/2020,0.0168986,0.0,
2020-02-14,0.016137,selic,2020,2,1,Feb/2020,0.016866866666666664,0.0,
2020-02-17,0.016137,selic,2020,2,1,Feb/2020,0.016835133333333332,0.0,
2020-02-18,0.016137,selic,2020,2,1,Feb/2020,0.0168034,0.0,
2020-02-19,0.016137,selic,2020,2,1,Feb/2020,0.016771666666666667,0.0,
2020-02-20,0.016137,selic,2020,2,1,Feb/2020,0.01673993333333333,0.0,
2020-02-21,0.016137,selic,2020,2,1,Feb/2020,0.0167082,0.0,
2020-02-26,0.016137,selic,2020,2,1,Feb/2020,0.016676466666666667,0.0,
2020-02-27,0.016137,selic,2020,2,1,Feb/2020,0.01664473333333333,0.0,
2020-02-28,0.016137,selic,2020,2,1,Feb/2020,0.016613,0.0,
2020-03-02,0.016137,selic,2020,3,1,Mar/2020,0.016581266666666667,0.0,
2020-03-03,0.016137,selic,2020,3,1,Mar/2020,0.01654953333333333,0.0,
2020-03-04,0.016137,selic,2020,3,1,Mar/2020,0.0165178,0.0,
2020-03-05,0.016137,selic,2020,3,1,Mar/2020,0.016486066666666667,0.0,
2020-03-06,0.016137,selic,2020,3,1,Mar/2020,0.016454333333333335,0.0,
2020-03-09,0.016137,selic,2020,3,1,Mar/2020,0.0164226,0.0,
2020-03-10,0.016137,selic,2020,3,1,Mar/2020,0.016390866666666663,0.0,
2020-03-11,0.016137,selic,2020,3,1,Mar/2020,0.016359133333333335,0.0,
2020-03-12,0.016137,selic,2020,3,1,Mar/2020,0.0163274,0.0,
2020-03-13,0.016137,selic,2020,3,1,Mar/2020,0.016295666666666663,0.0,
2020-03-16,0.016137,selic,2020,3,1,Mar/2020,0.01626393333333333,0.0,
2020-03-17,0.016137,selic,2020,3,1,Mar/2020,0.0162322,0.0,
2020-03-18,0.016137,selic,2020,3,1,Mar/2020,0.016200466666666666,0.0,
2020-03-19,0.014227,selic,2020,3,1,Mar/2020,0.016105066666666664,-11.836152940447409,
2020-03-20,0.014227,selic,2020,3,1,Mar/2020,0.016009666666666665,0.0,
2020-03-23,0.014227,selic,2020,3,1,Mar/2020,0.015946,0.0,
2020-03-24,0.014227,selic,2020,3,1,Mar/2020,0.01588233333333333,0.0,
2020-03-25,0.014227,selic,2020,3,1,Mar/2020,0.015818666666666665,0.0,
2020-03-26,0.014227,selic,2020,3,1,Mar/2020,0.015754999999999998,0.0,
2020-03-27,0.014227,selic,2020,3,1,Mar/2020,0.01569133333333333,0.0,
2020-03-30,0.014227,selic,2020,3,1,Mar/2020,0.015627666666666665,0.0,
2020-03-31,0.014227,selic,2020,3,1,Mar/2020,0.015563999999999998,0.0,
2020-04-01,0.014227,selic,2020,4,2,Apr/2020,0.015500333333333331,0.0,
2020-04-02,0.014227,selic,2020,4,2,Apr/2020,0.015436666666666666,0.0,
2020-04-03,0.014227,selic,2020,4,2,Apr/2020,0.015373,0.0,
2020-04-06,0.014227,selic,2020,4,2,Apr/2020,0.015309333333333333,0.0,
2020-04-07,0.014227,selic,2020,4,2,Apr/2020,0.015245666666666664,0.0,
2020-04-08,0.014227,selic,2020,4,2,Apr/2020,0.015182,0.0,
2020-04-09,0.014227,selic,2020,4,2,Apr/2020,0.015118333333333334,0.0,
2020-04-13,0.014227,selic,2020,4,2,Apr/2020,0.015054666666666666,0.0,
2020-04-14,0.014227,selic,2020,4,2,Apr/2020,0.014990999999999999,0.0,
2020-04-15,0.014227,selic,2020,4,2,Apr/2020,0.014927333333333332,0.0,
2020-04-16,0.014227,selic,2020,4,2,Apr/2020,0.014863666666666666,0.0,
2020-04-17,0.014227,selic,2020,4,2,Apr/2020,0.0148,0.0,
2020-04-20,0.014227,selic,2020,4,2,Apr/2020,0.014736333333333332,0.0,
2020-04-22,0.014227,selic,2020,4,2,Apr/2020,0.014672666666666667,0.0,
2020-04-23,0.014227,selic,2020,4,2,Apr/2020,0.014609,0.0,
2020-04-24,0.014227,selic,2020,4,2,Apr/2020,0.014545333333333332,0.0,
2020-04-27,0.014227,selic,2020,4,2,Apr/2020,0.014481666666666667,0.0,
2020-04-28,0.014227,selic,2020,4,2,Apr/2020,0.014418000000000002,0.0,
2020-04-29,0.014227,selic,2020,4,2,Apr/2020,0.014354333333333334,0.0,
2020-04-30,0.014227,selic,2020,4,2,Apr/2020,0.014290666666666667,0.0,
2020-05-04,0.014227,selic,2020,5,2,May/2020,0.014227,0.0,
2020-05-05,0.014227,selic,2020,5,2,May/2020,0.014227,0.0,
2020-05-06,0.014227,selic,2020,5,2,May/2020,0.014227,0.0,
2020-05-07,0.011345,selic,2020,5,2,May/2020,0.014130933333333335,-20.257257327616507,
2020-05-08,0.011345,selic,2020,5,2,May/2020,0.014034866666666668,0.0,
2020-05-11,0.011345,selic,2020,5,2,May/2020,0.0139388,0.0,
2020-05-12,0.011345,selic,2020,5,2,May/2020,0.013842733333333333,0.0,
2020-05-13,0.011345,selic,2020,5,2,May/2020,0.013746666666666666,0.0,
2020-05-14,0.011345,selic,2020,5,2,May/2020,0.0136506,0.0,
2020-05-15,0.011345,selic,2020,5,2,May/2020,0.013554533333333334,0.0,
2020-05-18,0.011345,selic,2020,5,2,May/2020,0.013458466666666667,0.0,
2020-05-19,0.011345,selic,2020,5,2,May/2020,0.013362399999999998,0.0,
2020-05-20,0.011345,selic,2020,5,2,May/2020,0.013266333333333333,0.0,
2020-05-21,0.011345,selic,2020,5,2,May/2020,0.013170266666666668,0.0,
2020-05-22,0.011345,selic,2020,5,2,May/2020,0.013074200000000001,0.0,
2020-05-25,0.011345,selic,2020,5,2,May/2020,0.012978133333333334,0.0,
2020-05-26,0.011345,selic,2020,5,2,May/2020,0.012882066666666666,0.0,
2020-05-27,0.011345,selic,2020,5,2,May/2020,0.012785999999999999,0.0,
2020-05-28,0.011345,selic,2020,5,2,May/2020,0.012689933333333332,0.0,
2020-05-29,0.011345,selic,2020,5,2,May/2020,0.012593866666666667,0.0,
2020-06-01,0.011345,selic,2020,6,2,Jun/2020,0.0124978,0.0,
2020-06-02,0.011345,selic,2020,6,2,Jun/2020,0.012401733333333331,0.0,
2020-06-03,0.011345,selic,2020,6,2,Jun/2020,0.012305666666666666,0.0,
2020-06-04,0.011345,selic,2020,6,2,Jun/2020,0.0122096,0.0,
2020-06-05,0.011345,selic,2020,6,2,Jun/2020,0.012113533333333334,0.0,
2020-06-08,0.011345,selic,2020,6,2,Jun/2020,0.012017466666666667,0.0,
2020-06-09,0.011345,selic,2020,6,2,Jun/2020,0.011921399999999999,0.0,
2020-06-10,0.011345,selic,2020,6,2,Jun/2020,0.011825333333333332,0.0,
2020-06-12,0.011345,selic,2020,6,2,Jun/2020,0.011729266666666665,0.0,
2020-06-15,0.011345,selic,2020,6,2,Jun/2020,0.0116332,0.0,
2020-06-16,0.011345,selic,2020,6,2,Jun/2020,0.011537133333333333,0.0,
2020-06-17,0.011345,selic,2020,6,2,Jun/2020,0.011441066666666666,0.0,
2020-06-18,0.008442,selic,2020,6,2,Jun/2020,0.011248233333333331,-25.588364918466276,
2020-06-19,0.008442,selic,2020,6,2,Jun/2020,0.011151466666666665,0.0,
2020-06-22,0.008442,selic,2020,6,2,Jun/2020,0.011054699999999999,0.0,
2020-06-23,0.008442,selic,2020,6,2,Jun/2020,0.010957933333333333,0.0,
2020-06-24,0.008442,selic,2020,6,2,Jun/2020,0.010861166666666667,0.0,
2020-06-25,0.008442,selic,2020,6,2,Jun/2020,0.0107644,0.0,
2020-06-26,0.008442,selic,2020,6,2,Jun/2020,0.010667633333333334,0.0,
2020-06-29,0.008442,selic,2020,6,2,Jun/2020,0.010570866666666668,0.0,
2020-06-30,0.008442,selic,2020,6,2,Jun/2020,0.010474100000000002,0.0,
2020-07-01,0.008442,selic,2020,7,3,Jul/2020,0.010377333333333332,0.0,
2020-07-02,0.008442,selic,2020,7,3,Jul/2020,0.010280566666666664,0.0,
2020-07-03,0.008442,selic,2020,7,3,Jul/2020,0.010183799999999998,0.0,
2020-07-06,0.008442,selic,2020,7,3,Jul/2020,0.010087033333333332,0.0,
2020-07-07,0.008442,selic,2020,7,3,Jul/2020,0.009990266666666666,0.0,
2020-07-08,0.008442,selic,2020,7,3,Jul/2020,0.0098935,0.0,
2020-07-09,0.008442,selic,2020,7,3,Jul/2020,0.009796733333333333,0.0,
2020-07-10,0.008442,selic,2020,7,3,Jul/2020,0.009699966666666667,0.0,
2020-07-13,0.008442,selic,2020,7,3,Jul/2020,0.009603200000000001,0.0,
2020-07-14,0.008442,selic,2020,7,3,Jul/2020,0.009506433333333335,0.0,
2020-07-15,0.008442,selic,2020,7,3,Jul/2020,0.009409666666666667,0.0,
2020-07-16,0.008442,selic,2020,7,3,Jul/2020,0.0093129,0.0,
2020-07-17,0.008442,selic,2020,7,3,Jul/2020,0.009216133333333331,0.0,
2020-07-20,0.008442,selic,2020,7,3,Jul/2020,0.009119366666666665,0.0,
2020-07-21,0.008442,selic,2020,7,3,Jul/2020,0.009022599999999999,0.0,
2020-07-22,0.008442,selic,2020,7,3,Jul/2020,0.008925833333333332,0.0,
2020-07-23,0.008442,selic,2020,7,3,Jul/2020,0.008829066666666666,0.0,
2020-07-24,0.008442,selic,2020,7,3,Jul/2020,0.0087323,0.0,
2020-07-27,0.008442,selic,2020,7,3,Jul/2020,0.008635533333333334,0.0,
2020-07-28,0.008442,selic,2020,7,3,Jul/2020,0.008538766666666668,0.0,
2020-07-29,0.008442,selic,2020,7,3,Jul/2020,0.008442,0.0,
2020-07-30,0.008442,selic,2020,7,3,Jul/2020,0.008442,0.0,
2020-07-31,0.008442,selic,2020,7,3,Jul/2020,0.008442,0.0,
2020-08-03,0.008442,selic,2020,8,3,Aug/2020,0.008442,0.0,
2020-08-04,0.008442,selic,2020,8,3,Aug/2020,0.008442,0.0,
2020-08-05,0.008442,selic,2020,8,3,Aug/2020,0.008442,0.0,
2020-08-06,0.007469,selic,2020,8,3,Aug/2020,0.008409566666666667,-11.525704809286896,
2020-08-07,0.007469,selic,2020,8,3,Aug/2020,0.008377133333333333,0.0,
2020-08-10,0.007469,selic,2020,8,3,Aug/2020,0.0083447,0.0,
2020-08-11,0.007469,selic,2020,8,3,Aug/2020,0.008312266666666667,0.0,
2020-08-12,0.007469,selic,2020,8,3,Aug/2020,0.008279833333333332,0.0,
2020-08-13,0.007469,selic,2020,8,3,Aug/2020,0.008247399999999998,0.0,
2020-08-14,0.007469,selic,2020,8,3,Aug/2020,0.008214966666666667,0.0,
2020-08-17,0.007469,selic,2020,8,3,Aug/2020,0.008182533333333334,0.0,
2020-08-18,0.007469,selic,2020,8,3,Aug/2020,0.0081501,0.0,
2020-08-19,0.007469,selic,2020,8,3,Aug/2020,0.008117666666666667,0.0,
2020-08-20,0.007469,selic,2020,8,3,Aug/2020,0.008085233333333334,0.0,
2020-08-21,0.007469,selic,2020,8,3,Aug/2020,0.0080528,0.0,
2020-08-24,0.007469,selic,2020,8,3,Aug/2020,0.008020366666666667,0.0,
2020-08-25,0.007469,selic,2020,8,3,Aug/2020,0.007987933333333332,0.0,
2020-08-26,0.007469,selic,2020,8,3,Aug/2020,0.007955499999999999,0.0,
2020-08-27,0.007469,selic,2020,8,3,Aug/2020,0.007923066666666666,0.0,
2020-08-28,0.007469,selic,2020,8,3,Aug/2020,0.007890633333333332,0.0,
2020-08-31,0.007469,selic,2020,8,3,Aug/2020,0.007858200000000001,0.0,
2020-09-01,0.007469,selic,2020,9,3,Sep/2020,0.007825766666666668,0.0,
2020-09-02,0.007469,selic,2020,9,3,Sep/2020,0.0077933333333333335,0.0,
2020-09-03,0.007469,selic,2020,9,3,Sep/2020,0.0077609,0.0,
2020-09-04,0.007469,selic,2020,9,3,Sep/2020,0.007728466666666666,0.0,
2020-09-08,0.007469,selic,2020,9,3,Sep/2020,0.007696033333333334,0.0,
2020-09-09,0.007469,selic,2020,9,3,Sep/2020,0.0076636000000000004,0.0,
2020-09-10,0.007469,selic,2020,9,3,Sep/2020,0.007631166666666666,0.0,
2020-09-11,0.007469,selic,2020,9,3,Sep/2020,0.007598733333333333,0.0,
2020-09-14,0.007469,selic,2020,9,3,Sep/2020,0.0075663,0.0,
2020-09-15,0.007469,selic,2020,9,3,Sep/2020,0.0075338666666666665,0.0,
2020-09-16,0.007469,selic,2020,9,3,Sep/2020,0.007501433333333333,0.0,
2020-09-17,0.007469,selic,2020,9,3,Sep/2020,0.007469,0.0,
2020-09-18,0.007469,selic,2020,9,3,Sep/2020,0.007469,0.0,
2020-09-21,0.007469,selic,2020,9,3,Sep/2020,0.007469,0.0,
2020-09-22,0.007469,selic,2020,9,3,Sep/2020,0.007469,0.0,
2020-09-23,0.007469,selic,2020,9,3,Sep/2020,0.007469,0.0,
2020-09-24,0.007469,selic,2020,9,3,Sep/2020,0.007469,0.0,
2020-09-25,0.007469,selic,2020,9,3,Sep/2020,0.007469,0.0,
2020-09-28,0.007469,selic,2020,9,3,Sep/2020,0.007469,0.0,
2020-09-29,0.007469,selic,2020,9,3,Sep/2020,0.007469,0.0,
2020-09-30,0.007469,selic,2020,9,3,Sep/2020,0.007469,0.0,
2020-10-01,0.007469,selic,2020,10,4,Oct/2020,0.007469,0.0,
2020-10-02,0.007469,selic,2020,10,4,Oct/2020,0.007469,0.0,
2020-10-05,0.007469,selic,2020,10,4,Oct/2020,0.007469,0.0,
2020-10-06,0.007469,selic,2020,10,4,Oct/2020,0.007469,0.0,
2020-10-07,0.007469,selic,2020,10,4,Oct/2020,0.007469,0.0,
2020-10-08,0.007469,selic,2020,10,4,Oct/2020,0.007469,0.0,
2020-10-09,0.007469,selic,2020,10,4,Oct/2020,0.007469,0.0,
2020-10-13,0.007469,selic,2020,10,4,Oct/2020,0.007469,0.0,
2020-10-14,0.007469,selic,2020,10,4,Oct/2020,0.007469,0.0,
2020-10-15,0.007469,selic,2020,10,4,Oct/2020,0.007469,0.0,
2020-10-16,0.007469,selic,2020,10,4,Oct/2020,0.007469,0.0,
2020-10-19,0.007469,selic,2020,10,4,Oct/2020,0.007469,0.0,
2020-10-20,0.007469,selic,2020,10,4,Oct/2020,0.007469,0.0,
2020-10-21,0.007469,selic,2020,10,4,Oct/2020,0.007469,0.0,
2020-10-22,0.007469,selic,2020,10,4,Oct/2020,0.007469,0.0,
2020-10-23,0.007469,selic,2020,10,4,Oct/2020,0.007469,0.0,
2020-10-26,0.007469,selic,2020,10,4,Oct/2020,0.007469,0.0,
2020-10-27,0.007469,selic,2020,10,4,Oct/2020,0.007469,0.0,
2020-10-28,0.007469,selic,2020,10,4,Oct/2020,0.007469,0.0,
2020-10-29,0.007469,selic,2020,10,4,Oct/2020,0.007469,0.0,
2020-10-30,0.007469,selic,2020,10,4,Oct/2020,0.007469,0.0,
2020-11-03,0.007469,selic,2020,11,4,Nov/2020,0.007469,0.0,
2020-11-04,0.007469,selic,2020,11,4,Nov/2020,0.007469,0.0,
2020-11-05,0.007469,selic,2020,11,4,Nov/2020,0.007469,0.0,
2020-11-06,0.007469,selic,2020,11,4,Nov/2020,0.007469,0.0,
2020-11-09,0.007469,selic,2020,11,4,Nov/2020,0.007469,0.0,
2020-11-10,0.007469,selic,2020,11,4,Nov/2020,0.007469,0.0,
2020-11-11,0.007469,selic,2020,11,4,Nov/2020,0.007469,0.0,
2020-11-12,0.007469,selic,2020,11,4,Nov/2020,0.007469,0.0,
2020-11-13,0.007469,selic,2020,11,4,Nov/2020,0.007469,0.0,
2020-11-16,0.007469,selic,2020,11,4,Nov/2020,0.007469,0.0,
2020-11-17,0.007469,selic,2020,11,4,Nov/2020,0.007469,0.0,
2020-11-18,0.007469,selic,2020,11,4,Nov/2020,0.007469,0.0,
2020-11-19,0.007469,selic,2020,11,4,Nov/2020,0.007469,0.0,
2020-11-20,0.007469,selic,2020,11,4,Nov/2020,0.007469,0.0,
2020-11-23,0.007469,selic,2020,11,4,Nov/2020,0.007469,0.0,
2020-11-24,0.007469,selic,2020,11,4,Nov/2020,0.007469,0.0,
2020-11-25,0.007469,selic,2020,11,4,Nov/2020,0.007469,0.0,
2020-11-26,0.007469,selic,2020,11,4,Nov/2020,0.007469,0.0,
2020-11-27,0.007469,selic,2020,11,4,Nov/2020,0.007469,0.0,
2020-11-30,0.007469,selic,2020,11,4,Nov/2020,0.007469,0.0,
2020-12-01,0.007469,selic,2020,12,4,Dec/2020,0.007469,0.0,
2020-12-02,0.007469,selic,2020,12,4,Dec/2020,0.007469,0.0,
2020-12-03,0.007469,selic,2020,12,4,Dec/2020,0.007469,0.0,
2020-12-04,0.007469,selic,2020,12,4,Dec/2020,0.007469,0.0,
2020-12-07,0.007469,selic,2020,12,4,Dec/2020,0.007469,0.0,
2020-12-08,0.007469,selic,2020,12,4,Dec/2020,0.007469,0.0,
2020-12-09,0.007469,selic,2020,12,4,Dec/2020,0.007469,0.0,
2020-12-10,0.007469,selic,2020,12,4,Dec/2020,0.007469,0.0,
2020-12-11,0.007469,selic,2020,12,4,Dec/2020,0.007469,0.0,
2020-12-14,0.007469,selic,2020,12,4,Dec/2020,0.007469,0.0,
2020-12-15,0.007469,selic,2020,12,4,Dec/2020,0.007469,0.0,
2020-12-16,0.007469,selic,2020,12,4,Dec/2020,0.007469,0.0,
2020-12-17,0.007469,selic,2020,12,4,Dec/2020,0.007469,0.0,
2020-12-18,0.007469,selic,2020,12,4,Dec/2020,0.007469,0.0,
2020-12-21,0.007469,selic,2020,12,4,Dec/2020,0.007469,0.0,
2020-12-22,0.007469,selic,2020,12,4,Dec/2020,0.007469,0.0,
2020-12-23,0.007469,selic,2020,12,4,Dec/2020,0.007469,0.0,
2020-12-24,0.007469,selic,2020,12,4,Dec/2020,0.007469,0.0,
2020-12-28,0.007469,selic,2020,12,4,Dec/2020,0.007469,0.0,
2020-12-29,0.007469,selic,2020,12,4,Dec/2020,0.007469,0.0,
2020-12-30,0.007469,selic,2020,12,4,Dec/2020,0.007469,0.0,
2020-12-31,0.007469,selic,2020,12,4,Dec/2020,0.007469,0.0,
2021-01-04,0.007469,selic,2021,1,1,Jan/2021,0.007469,0.0,
2021-01-05,0.007469,selic,2021,1,1,Jan/2021,0.007469,0.0,
2021-01-06,0.007469,selic,2021,1,1,Jan/2021,0.007469,0.0,
2021-01-07,0.007469,selic,2021,1,1,Jan/2021,0.007469,0.0,
2021-01-08,0.007469,selic,2021,1,1,Jan/2021,0.007469,0.0,
2021-01-11,0.007469,selic,2021,1,1,Jan/2021,0.007469,0.0,
2021-01-12,0.007469,selic,2021,1,1,Jan/2021,0.007469,0.0,
2021-01-13,0.007469,selic,2021,1,1,Jan/2021,0.007469,0.0,
2021-01-14,0.007469,selic,2021,1,1,Jan/2021,0.007469,0.0,
2021-01-15,0.007469,selic,2021,1,1,Jan/2021,0.007469,0.0,
2021-01-18,0.007469,selic,2021,1,1,Jan/2021,0.007469,0.0,
2021-01-19,0.007469,selic,2021,1,1,Jan/2021,0.007469,0.0,
2021-01-20,0.007469,selic,2021,1,1,Jan/2021,0.007469,0.0,
2021-01-21,0.007469,selic,2021,1,1,Jan/2021,0.007469,0.0,
2021-01-22,0.007469,selic,2021,1,1,Jan/2021,0.007469,0.0,
2021-01-25,0.007469,selic,2021,1,1,Jan/2021,0.007469,0.0,
2021-01-26,0.007469,selic,2021,1,1,Jan/2021,0.007469,0.0,
2021-01-27,0.007469,selic,2021,1,1,Jan/2021,0.007469,0.0,
2021-01-28,0.007469,selic,2021,1,1,Jan/2021,0.007469,0.0,
2021-01-29,0.007469,selic,2021,1,1,Jan/2021,0.007469,0.0,
2021-02-01,0.007469,selic,2021,2,1,Feb/2021,0.007469,0.0,
2021-02-02,0.007469,selic,2021,2,1,Feb/2021,0.007469,0.0,
2021-02-03,0.007469,selic,2021,2,1,Feb/2021,0.007469,0.0,
2021-02-04,0.007469,selic,2021,2,1,Feb/2021,0.007469,0.0,
2021-02-05,0.007469,selic,2021,2,1,Feb/2021,0.007469,0.0,
2021-02-08,0.007469,selic,2021,2,1,Feb/2021,0.007469,0.0,
2021-02-09,0.007469,selic,2021,2,1,Feb/2021,0.007469,0.0,
2021-02-10,0.007469,selic,2021,2,1,Feb/2021,0.007469,0.0,
2021-02-11,0.007469,selic,2021,2,1,Feb/2021,0.007469,0.0,
2021-02-12,0.007469,selic,2021,2,1,Feb/2021,0.007469,0.0,
2021-02-17,0.007469,selic,2021,2,1,Feb/2021,0.007469,0.0,
2021-02-18,0.007469,selic,2021,2,1,Feb/2021,0.007469,0.0,
2021-02-19,0.007469,selic,2021,2,1,Feb/2021,0.007469,0.0,
2021-02-22,0.007469,selic,2021,2,1,Feb/2021,0.007469,0.0,
2021-02-23,0.007469,selic,2021,2,1,Feb/2021,0.007469,0.0,
2021-02-24,0.007469,selic,2021,2,1,Feb/2021,0.007469,0.0,
2021-02-25,0.007469,selic,2021,2,1,Feb/2021,0.007469,0.0,
2021-02-26,0.007469,selic,2021,2,1,Feb/2021,0.007469,0.0,
2021-03-01,0.007469,selic,2021,3,1,Mar/2021,0.007469,0.0,
2021-03-02,0.007469,selic,2021,3,1,Mar/2021,0.007469,0.0,
2021-03-03,0.007469,selic,2021,3,1,Mar/2021,0.007469,0.0,
2021-03-04,0.007469,selic,2021,3,1,Mar/2021,0.007469,0.0,
2021-03-05,0.007469,selic,2021,3,1,Mar/2021,0.007469,0.0,
2021-03-08,0.007469,selic,2021,3,1,Mar/2021,0.007469,0.0,
2021-03-09,0.007469,selic,2021,3,1,Mar/2021,0.007469,0.0,
2021-03-10,0.007469,selic,2021,3,1,Mar/2021,0.007469,0.0,
2021-03-11,0.007469,selic,2021,3,1,Mar/2021,0.007469,0.0,
2021-03-12,0.007469,selic,2021,3,1,Mar/2021,0.007469,0.0,
2021-03-15,0.007469,selic,2021,3,1,Mar/2021,0.007469,0.0,
2021-03-16,0.007469,selic,2021,3,1,Mar/2021,0.007469,0.0,
2021-03-17,0.007469,selic,2021,3,1,Mar/2021,0.007469,0.0,
2021-03-18,0.010379,selic,2021,3,1,Mar/2021,0.007566,38.96103896103895,
2021-03-19,0.010379,selic,2021,3,1,Mar/2021,0.0076630000000000005,0.0,
2021-03-22,0.010379,selic,2021,3,1,Mar/2021,0.00776,0.0,
2021-03-23,0.010379,selic,2021,3,1,Mar/2021,0.007857,0.0,
2021-03-24,0.010379,selic,2021,3,1,Mar/2021,0.007954,0.0,
2021-03-25,0.010379,selic,2021,3,1,Mar/2021,0.008050999999999999,0.0,
2021-03-26,0.010379,selic,2021,3,1,Mar/2021,0.008147999999999999,0.0,
2021-03-29,0.010379,selic,2021,3,1,Mar/2021,0.008244999999999999,0.0,
2021-03-30,0.010379,selic,2021,3,1,Mar/2021,0.008341999999999999,0.0,
2021-03-31,0.010379,selic,2021,3,1,Mar/2021,0.008439,0.0,
2021-04-01,0.010379,selic,2021,4,2,Apr/2021,0.008535999999999998,0.0,
2021-04-05,0.010379,selic,2021,4,2,Apr/2021,0.008633,0.0,
2021-04-06,0.010379,selic,2021,4,2,Apr/2021,0.00873,0.0,
2021-04-07,0.010379,selic,2021,4,2,Apr/2021,0.008827,0.0,
2021-04-08,0.010379,selic,2021,4,2,Apr/2021,0.008923999999999998,0.0,
2021-04-09,0.010379,selic,2021,4,2,Apr/2021,0.009021,0.0,
2021-04-12,0.010379,selic,2021,4,2,Apr/2021,0.009118,0.0,
2021-04-13,0.010379,selic,2021,4,2,Apr/2021,0.009215,0.0,
2021-04-14,0.010379,selic,2021,4,2,Apr/2021,0.009311999999999997,0.0,
2021-04-15,0.010379,selic,2021,4,2,Apr/2021,0.009408999999999999,0.0,
2021-04-16,0.010379,selic,2021,4,2,Apr/2021,0.009505999999999999,0.0,
2021-04-19,0.010379,selic,2021,4,2,Apr/2021,0.009603,0.0,
2021-04-20,0.010379,selic,2021,4,2,Apr/2021,0.009700000000000002,0.0,
2021-04-22,0.010379,selic,2021,4,2,Apr/2021,0.009797,0.0,
2021-04-23,0.010379,selic,2021,4,2,Apr/2021,0.009893999999999998,0.0,
2021-04-26,0.010379,selic,2021,4,2,Apr/2021,0.009991,0.0,
2021-04-27,0.010379,selic,2021,4,2,Apr/2021,0.010088000000000001,0.0,
2021-04-28,0.010379,selic,2021,4,2,Apr/2021,0.010185,0.0,
2021-04-29,0.010379,selic,2021,4,2,Apr/2021,0.010281999999999998,0.0,
2021-04-30,0.010379,selic,2021,4,2,Apr/2021,0.010379,0.0,
2021-05-03,0.010379,selic,2021,5,2,May/2021,0.010379,0.0,
2021-05-04,0.010379,selic,2021,5,2,May/2021,0.010379,0.0,
2021-05-05,0.010379,selic,2021,5,2,May/2021,0.010379,0.0,
2021-05-06,0.013269,selic,2021,5,2,May/2021,0.010475333333333333,27.844686385971684,
2021-05-07,0.013269,selic,2021,5,2,May/2021,0.010571666666666665,0.0,
2021-05-10,0.013269,selic,2021,5,2,May/2021,0.010668,0.0,
2021-05-11,0.013269,selic,2021,5,2,May/2021,0.01076433333333333,0.0,
2021-05-12,0.013269,selic,2021,5,2,May/2021,0.010860666666666666,0.0,
2021-05-13,0.013269,selic,2021,5,2,May/2021,0.010956999999999998,0.0,
2021-05-14,0.013269,selic,2021,5,2,May/2021,0.011053333333333333,0.0,
2021-05-17,0.013269,selic,2021,5,2,May/2021,0.011149666666666665,0.0,
2021-05-18,0.013269,selic,2021,5,2,May/2021,0.011245999999999999,0.0,
2021-05-19,0.013269,selic,2021,5,2,May/2021,0.011342333333333334,0.0,
2021-05-20,0.013269,selic,2021,5,2,May/2021,0.011438666666666665,0.0,
2021-05-21,0.013269,selic,2021,5,2,May/2021,0.011535,0.0,
2021-05-24,0.013269,selic,2021,5,2,May/2021,0.011631333333333332,0.0,
2021-05-25,0.013269,selic,2021,5,2,May/2021,0.011727666666666667,0.0,
2021-05-26,0.013269,selic,2021,5,2,May/2021,0.011824,0.0,
2021-05-27,0.013269,selic,2021,5,2,May/2021,0.011920333333333333,0.0,
2021-05-28,0.013269,selic,2021,5,2,May/2021,0.012016666666666667,0.0,
2021-05-31,0.013269,selic,2021,5,2,May/2021,0.012113,0.0,
2021-06-01,0.013269,selic,2021,6,2,Jun/2021,0.012209333333333332,0.0,
2021-06-02,0.013269,selic,2021,6,2,Jun/2021,0.012305666666666666,0.0,
2021-06-04,0.013269,selic,2021,6,2,Jun/2021,0.012402,0.0,
2021-06-07,0.013269,selic,2021,6,2,Jun/2021,0.012498333333333334,0.0,
2021-06-08,0.013269,selic,2021,6,2,Jun/2021,0.012594666666666667,0.0,
2021-06-09,0.013269,selic,2021,6,2,Jun/2021,0.012691000000000001,0.0,
2021-06-10,0.013269,selic,2021,6,2,Jun/2021,0.012787333333333333,0.0,
2021-06-11,0.013269,selic,2021,6,2,Jun/2021,0.012883666666666665,0.0,
2021-06-14,0.013269,selic,2021,6,2,Jun/2021,0.012979999999999998,0.0,
2021-06-15,0.013269,selic,2021,6,2,Jun/2021,0.013076333333333332,0.0,
2021-06-16,0.013269,selic,2021,6,2,Jun/2021,0.013172666666666666,0.0,
2021-06-17,0.016137,selic,2021,6,2,Jun/2021,0.013364599999999999,21.614288944155536,
2021-06-18,0.016137,selic,2021,6,2,Jun/2021,0.0134602,0.0,
2021-06-21,0.016137,selic,2021,6,2,Jun/2021,0.0135558,0.0,
2021-06-22,0.016137,selic,2021,6,2,Jun/2021,0.0136514,0.0,
2021-06-23,0.016137,selic,2021,6,2,Jun/2021,0.013747,0.0,
2021-06-24,0.016137,selic,2021,6,2,Jun/2021,0.0138426,0.0,
2021-06-25,0.016137,selic,2021,6,2,Jun/2021,0.0139382,0.0,
2021-06-28,0.016137,selic,2021,6,2,Jun/2021,0.014033799999999997,0.0,
2021-06-29,0.016137,selic,2021,6,2,Jun/2021,0.014129399999999999,0.0,
2021-06-30,0.016137,selic,2021,6,2,Jun/2021,0.014225,0.0,
2021-07-01,0.016137,selic,2021,7,3,Jul/2021,0.014320599999999998,0.0,
2021-07-02,0.016137,selic,2021,7,3,Jul/2021,0.014416199999999999,0.0,
2021-07-05,0.016137,selic,2021,7,3,Jul/2021,0.014511799999999998,0.0,
2021-07-06,0.016137,selic,2021,7,3,Jul/2021,0.0146074,0.0,
2021-07-07,0.016137,selic,2021,7,3,Jul/2021,0.014702999999999997,0.0,
2021-07-08,0.016137,selic,2021,7,3,Jul/2021,0.014798599999999999,0.0,
2021-07-09,0.016137,selic,2021,7,3,Jul/2021,0.0148942,0.0,
2021-07-12,0.016137,selic,2021,7,3,Jul/2021,0.0149898,0.0,
2021-07-13,0.016137,selic,2021,7,3,Jul/2021,0.015085399999999999,0.0,
2021-07-14,0.016137,selic,2021,7,3,Jul/2021,0.015180999999999998,0.0,
2021-07-15,0.016137,selic,2021,7,3,Jul/2021,0.0152766,0.0,
2021-07-16,0.016137,selic,2021,7,3,Jul/2021,0.015372199999999999,0.0,
2021-07-19,0.016137,selic,2021,7,3,Jul/2021,0.015467799999999999,0.0,
2021-07-20,0.016137,selic,2021,7,3,Jul/2021,0.015563399999999998,0.0,
2021-07-21,0.016137,selic,2021,7,3,Jul/2021,0.015659,0.0,
2021-07-22,0.016137,selic,2021,7,3,Jul/2021,0.0157546,0.0,
2021-07-23,0.016137,selic,2021,7,3,Jul/2021,0.0158502,0.0,
2021-07-26,0.016137,selic,2021,7,3,Jul/2021,0.0159458,0.0,
2021-07-27,0.016137,selic,2021,7,3,Jul/2021,0.016041399999999997,0.0,
2021-07-28,0.016137,selic,2021,7,3,Jul/2021,0.016137,0.0,
2021-07-29,0.016137,selic,2021,7,3,Jul/2021,0.016137,0.0,
2021-07-30,0.016137,selic,2021,7,3,Jul/2021,0.016137,0.0,
2021-08-02,0.016137,selic,2021,8,3,Aug/2021,0.016137,0.0,
2021-08-03,0.016137,selic,2021,8,3,Aug/2021,0.016137,0.0,
2021-08-04,0.016137,selic,2021,8,3,Aug/2021,0.016137,0.0,
2021-08-05,0.01993,selic,2021,8,3,Aug/2021,0.01626343333333333,23.504988535663387,
2021-08-06,0.01993,selic,2021,8,3,Aug/2021,0.016389866666666666,0.0,
2021-08-09,0.01993,selic,2021,8,3,Aug/2021,0.016516299999999998,0.0,
2021-08-10,0.01993,selic,2021,8,3,Aug/2021,0.016642733333333333,0.0,
2021-08-11,0.01993,selic,2021,8,3,Aug/2021,0.016769166666666665,0.0,
2021-08-12,0.01993,selic,2021,8,3,Aug/2021,0.0168956,0.0,
2021-08-13,0.01993,selic,2021,8,3,Aug/2021,0.017022033333333336,0.0,
2021-08-16,0.01993,selic,2021,8,3,Aug/2021,0.017148466666666664,0.0,
2021-08-17,0.01993,selic,2021,8,3,Aug/2021,0.017274899999999996,0.0,
2021-08-18,0.01993,selic,2021,8,3,Aug/2021,0.01740133333333333,0.0,
2021-08-19,0.01993,selic,2021,8,3,Aug/2021,0.017527766666666663,0.0,
2021-08-20,0.01993,selic,2021,8,3,Aug/2021,0.0176542,0.0,
2021-08-23,0.01993,selic,2021,8,3,Aug/2021,0.017780633333333334,0.0,
2021-08-24,0.01993,selic,2021,8,3,Aug/2021,0.017907066666666662,0.0,
2021-08-25,0.01993,selic,2021,8,3,Aug/2021,0.018033499999999997,0.0,
2021-08-26,0.01993,selic,2021,8,3,Aug/2021,0.018159933333333333,0.0,
2021-08-27,0.01993,selic,2021,8,3,Aug/2021,0.018286366666666665,0.0,
2021-08-30,0.01993,selic,2021,8,3,Aug/2021,0.0184128,0.0,
2021-08-31,0.01993,selic,2021,8,3,Aug/2021,0.018539233333333332,0.0,
2021-09-01,0.01993,selic,2021,9,3,Sep/2021,0.018665666666666667,0.0,
2021-09-02,0.01993,selic,2021,9,3,Sep/2021,0.0187921,0.0,
2021-09-03,0.01993,selic,2021,9,3,Sep/2021,0.01891853333333333,0.0,
2021-09-06,0.01993,selic,2021,9,3,Sep/2021,0.019044966666666666,0.0,
2021-09-08,0.01993,selic,2021,9,3,Sep/2021,0.0191714,0.0,
2021-09-09,0.01993,selic,2021,9,3,Sep/2021,0.019297833333333334,0.0,
2021-09-10,0.01993,selic,2021,9,3,Sep/2021,0.01942426666666667,0.0,
2021-09-13,0.01993,selic,2021,9,3,Sep/2021,0.019550699999999997,0.0,
2021-09-14,0.01993,selic,2021,9,3,Sep/2021,0.019677133333333333,0.0,
2021-09-15,0.01993,selic,2021,9,3,Sep/2021,0.019803566666666668,0.0,
2021-09-16,0.01993,selic,2021,9,3,Sep/2021,0.01993,0.0,
2021-09-17,0.01993,selic,2021,9,3,Sep/2021,0.01993,0.0,
2021-09-20,0.01993,selic,2021,9,3,Sep/2021,0.01993,0.0,
2021-09-21,0.01993,selic,2021,9,3,Sep/2021,0.01993,0.0,
2021-09-22,0.01993,selic,2021,9,3,Sep/2021,0.01993,0.0,
2021-09-23,0.023687,selic,2021,9,3,Sep/2021,0.020055233333333332,18.85097842448571,
2021-09-24,0.023687,selic,2021,9,3,Sep/2021,0.020180466666666664,0.0,
2021-09-27,0.023687,selic,2021,9,3,Sep/2021,0.020305699999999996,0.0,
2021-09-28,0.023687,selic,2021,9,3,Sep/2021,0.020430933333333335,0.0,
2021-09-29,0.023687,selic,2021,9,3,Sep/2021,0.020556166666666667,0.0,
2021-09-30,0.023687,selic,2021,9,3,Sep/2021,0.020681400000000003,0.0,
2021-10-01,0.023687,selic,2021,10,4,Oct/2021,0.020806633333333335,0.0,
2021-10-04,0.023687,selic,2021,10,4,Oct/2021,0.02093186666666667,0.0,
2021-10-05,0.023687,selic,2021,10,4,Oct/2021,0.021057100000000002,0.0,
2021-10-06,0.023687,selic,2021,10,4,Oct/2021,0.021182333333333334,0.0,
2021-10-07,0.023687,selic,2021,10,4,Oct/2021,0.021307566666666666,0.0,
2021-10-08,0.023687,selic,2021,10,4,Oct/2021,0.0214328,0.0,
2021-10-11,0.023687,selic,2021,10,4,Oct/2021,0.021558033333333334,0.0,
2021-10-13,0.023687,selic,2021,10,4,Oct/2021,0.021683266666666666,0.0,
2021-10-14,0.023687,selic,2021,10,4,Oct/2021,0.0218085,0.0,
2021-10-15,0.023687,selic,2021,10,4,Oct/2021,0.021933733333333334,0.0,
2021-10-18,0.023687,selic,2021,10,4,Oct/2021,0.02205896666666667,0.0,
2021-10-19,0.023687,selic,2021,10,4,Oct/2021,0.022184199999999998,0.0,
2021-10-20,0.023687,selic,2021,10,4,Oct/2021,0.022309433333333333,0.0,
2021-10-21,0.023687,selic,2021,10,4,Oct/2021,0.022434666666666665,0.0,
2021-10-22,0.023687,selic,2021,10,4,Oct/2021,0.0225599,0.0,
2021-10-25,0.023687,selic,2021,10,4,Oct/2021,0.022685133333333333,0.0,
2021-10-26,0.023687,selic,2021,10,4,Oct/2021,0.02281036666666667,0.0,
2021-10-27,0.023687,selic,2021,10,4,Oct/2021,0.0229356,0.0,
2021-10-28,0.029256,selic,2021,10,4,Oct/2021,0.023246466666666667,23.51078650736691,
2021-10-29,0.029256,selic,2021,10,4,Oct/2021,0.023557333333333333,0.0,
2021-11-01,0.029256,selic,2021,11,4,Nov/2021,0.0238682,0.0,
2021-11-03,0.029256,selic,2021,11,4,Nov/2021,0.02417906666666667,0.0,
2021-11-04,0.029256,selic,2021,11,4,Nov/2021,0.02448993333333333,0.0,
2021-11-05,0.029256,selic,2021,11,4,Nov/2021,0.024800799999999998,0.0,
2021-11-08,0.029256,selic,2021,11,4,Nov/2021,0.024986433333333332,0.0,
2021-11-09,0.029256,selic,2021,11,4,Nov/2021,0.025172066666666666,0.0,
2021-11-10,0.029256,selic,2021,11,4,Nov/2021,0.0253577,0.0,
2021-11-11,0.029256,selic,2021,11,4,Nov/2021,0.02554333333333333,0.0,
2021-11-12,0.029256,selic,2021,11,4,Nov/2021,0.02572896666666667,0.0,
2021-11-16,0.029256,selic,2021,11,4,Nov/2021,0.0259146,0.0,
2021-11-17,0.029256,selic,2021,11,4,Nov/2021,0.026100233333333334,0.0,
2021-11-18,0.029256,selic,2021,11,4,Nov/2021,0.026285866666666664,0.0,
2021-11-19,0.029256,selic,2021,11,4,Nov/2021,0.0264715,0.0,
2021-11-22,0.029256,selic,2021,11,4,Nov/2021,0.026657133333333336,0.0,
2021-11-23,0.029256,selic,2021,11,4,Nov/2021,0.02684276666666667,0.0,
2021-11-24,0.029256,selic,2021,11,4,Nov/2021,0.0270284,0.0,
2021-11-25,0.029256,selic,2021,11,4,Nov/2021,0.027214033333333335,0.0,
2021-11-26,0.029256,selic,2021,11,4,Nov/2021,0.027399666666666666,0.0,
2021-11-29,0.029256,selic,2021,11,4,Nov/2021,0.027585299999999997,0.0,
2021-11-30,0.029256,selic,2021,11,4,Nov/2021,0.027770933333333334,0.0,
2021-12-01,0.029256,selic,2021,12,4,Dec/2021,0.027956566666666665,0.0,
2021-12-02,0.029256,selic,2021,12,4,Dec/2021,0.028142200000000003,0.0,
2021-12-03,0.029256,selic,2021,12,4,Dec/2021,0.028327833333333333,0.0,
2021-12-06,0.029256,selic,2021,12,4,Dec/2021,0.028513466666666668,0.0,
2021-12-07,0.029256,selic,2021,12,4,Dec/2021,0.028699099999999998,0.0,
2021-12-08,0.029256,selic,2021,12,4,Dec/2021,0.028884733333333336,0.0,
2021-12-09,0.034749,selic,2021,12,4,Dec/2021,0.02925346666666667,18.77563576702215,
2021-12-10,0.034749,selic,2021,12,4,Dec/2021,0.029622199999999998,0.0,
2021-12-13,0.034749,selic,2021,12,4,Dec/2021,0.0298053,0.0,
2021-12-14,0.034749,selic,2021,12,4,Dec/2021,0.029988400000000002,0.0,
2021-12-15,0.034749,selic,2021,12,4,Dec/2021,0.030171500000000004,0.0,
2021-12-16,0.034749,selic,2021,12,4,Dec/2021,0.0303546,0.0,
2021-12-17,0.034749,selic,2021,12,4,Dec/2021,0.0305377,0.0,
2021-12-20,0.034749,selic,2021,12,4,Dec/2021,0.030720800000000003,0.0,
2021-12-21,0.034749,selic,2021,12,4,Dec/2021,0.030903899999999998,0.0,
2021-12-22,0.034749,selic,2021,12,4,Dec/2021,0.031087,0.0,
2021-12-23,0.034749,selic,2021,12,4,Dec/2021,0.0312701,0.0,
2021-12-24,0.034749,selic,2021,12,4,Dec/2021,0.0314532,0.0,
2021-12-27,0.034749,selic,2021,12,4,Dec/2021,0.0316363,0.0,
2021-12-28,0.034749,selic,2021,12,4,Dec/2021,0.031819400000000005,0.0,
2021-12-29,0.034749,selic,2021,12,4,Dec/2021,0.0320025,0.0,
2021-12-30,0.034749,selic,2021,12,4,Dec/2021,0.0321856,0.0,
2021-12-31,0.034749,selic,2021,12,4,Dec/2021,0.0323687,0.0,
2022-01-03,0.034749,selic,2022,1,1,Jan/2022,0.0325518,0.0,
2022-01-04,0.034749,selic,2022,1,1,Jan/2022,0.0327349,0.0,
2022-01-05,0.034749,selic,2022,1,1,Jan/2022,0.032918,0.0,
2022-01-06,0.034749,selic,2022,1,1,Jan/2022,0.0331011,0.0,
2022-01-07,0.034749,selic,2022,1,1,Jan/2022,0.0332842,0.0,
2022-01-10,0.034749,selic,2022,1,1,Jan/2022,0.0334673,0.0,
2022-01-11,0.034749,selic,2022,1,1,Jan/2022,0.0336504,0.0,
2022-01-12,0.034749,selic,2022,1,1,Jan/2022,0.0338335,0.0,
2022-01-13,0.034749,selic,2022,1,1,Jan/2022,0.0340166,0.0,
2022-01-14,0.034749,selic,2022,1,1,Jan/2022,0.034199700000000006,0.0,
2022-01-17,0.034749,selic,2022,1,1,Jan/2022,0.034382800000000005,0.0,
2022-01-18,0.034749,selic,2022,1,1,Jan/2022,0.034565900000000004,0.0,
2022-01-19,0.034749,selic,2022,1,1,Jan/2022,0.034749,0.0,
2022-01-20,0.034749,selic,2022,1,1,Jan/2022,0.034749,0.0,
2022-01-21,0.034749,selic,2022,1,1,Jan/2022,0.034749,0.0,
2022-01-24,0.034749,selic,2022,1,1,Jan/2022,0.034749,0.0,
2022-01-25,0.034749,selic,2022,1,1,Jan/2022,0.034749,0.0,
2022-01-26,0.034749,selic,2022,1,1,Jan/2022,0.034749,0.0,
2022-01-27,0.034749,selic,2022,1,1,Jan/2022,0.034749,0.0,
2022-01-28,0.034749,selic,2022,1,1,Jan/2022,0.034749,0.0,
2022-01-31,0.034749,selic,2022,1,1,Jan/2022,0.034749,0.0,
2022-02-01,0.034749,selic,2022,2,1,Feb/2022,0.034749,0.0,
2022-02-02,0.034749,selic,2022,2,1,Feb/2022,0.034749,0.0,
2022-02-03,0.040168,selic,2022,2,1,Feb/2022,0.034929633333333335,15.594693372471147,
2022-02-04,0.040168,selic,2022,2,1,Feb/2022,0.035110266666666674,0.0,
2022-02-07,0.040168,selic,2022,2,1,Feb/2022,0.03529090000000001,0.0,
2022-02-08,0.040168,selic,2022,2,1,Feb/2022,0.03547153333333333,0.0,
2022-02-09,0.040168,selic,2022,2,1,Feb/2022,0.03565216666666667,0.0,
2022-02-10,0.040168,selic,2022,2,1,Feb/2022,0.035832800000000005,0.0,
2022-02-11,0.040168,selic,2022,2,1,Feb/2022,0.03601343333333333,0.0,
2022-02-14,0.040168,selic,2022,2,1,Feb/2022,0.03619406666666667,0.0,
2022-02-15,0.040168,selic,2022,2,1,Feb/2022,0.0363747,0.0,
2022-02-16,0.040168,selic,2022,2,1,Feb/2022,0.036555333333333336,0.0,
2022-02-17,0.040168,selic,2022,2,1,Feb/2022,0.03673596666666667,0.0,
2022-02-18,0.040168,selic,2022,2,1,Feb/2022,0.0369166,0.0,
2022-02-21,0.040168,selic,2022,2,1,Feb/2022,0.03709723333333334,0.0,
2022-02-22,0.040168,selic,2022,2,1,Feb/2022,0.03727786666666667,0.0,
2022-02-23,0.040168,selic,2022,2,1,Feb/2022,0.0374585,0.0,
2022-02-24,0.040168,selic,2022,2,1,Feb/2022,0.03763913333333334,0.0,
2022-02-25,0.040168,selic,2022,2,1,Feb/2022,0.03781976666666667,0.0,
2022-03-02,0.040168,selic,2022,3,1,Mar/2022,0.038000400000000004,0.0,
2022-03-03,0.040168,selic,2022,3,1,Mar/2022,0.038181033333333336,0.0,
2022-03-04,0.040168,selic,2022,3,1,Mar/2022,0.03836166666666666,0.0,
2022-03-07,0.040168,selic,2022,3,1,Mar/2022,0.0385423,0.0,
2022-03-08,0.040168,selic,2022,3,1,Mar/2022,0.038722933333333334,0.0,
2022-03-09,0.040168,selic,2022,3,1,Mar/2022,0.038903566666666674,0.0,
2022-03-10,0.040168,selic,2022,3,1,Mar/2022,0.039084200000000006,0.0,
2022-03-11,0.040168,selic,2022,3,1,Mar/2022,0.03926483333333334,0.0,
2022-03-14,0.040168,selic,2022,3,1,Mar/2022,0.03944546666666667,0.0,
2022-03-15,0.040168,selic,2022,3,1,Mar/2022,0.039626100000000004,0.0,
2022-03-16,0.040168,selic,2022,3,1,Mar/2022,0.03980673333333333,0.0,
2022-03-17,0.043739,selic,2022,3,1,Mar/2022,0.0401064,8.89016132244571,
2022-03-18,0.043739,selic,2022,3,1,Mar/2022,0.04040606666666667,0.0,
2022-03-21,0.043739,selic,2022,3,1,Mar/2022,0.0405251,0.0,
2022-03-22,0.043739,selic,2022,3,1,Mar/2022,0.040644133333333325,0.0,
2022-03-23,0.043739,selic,2022,3,1,Mar/2022,0.04076316666666667,0.0,
2022-03-24,0.043739,selic,2022,3,1,Mar/2022,0.0408822,0.0,
2022-03-25,0.043739,selic,2022,3,1,Mar/2022,0.04100123333333334,0.0,
2022-03-28,0.043739,selic,2022,3,1,Mar/2022,0.04112026666666667,0.0,
2022-03-29,0.043739,selic,2022,3,1,Mar/2022,0.0412393,0.0,
2022-03-30,0.043739,selic,2022,3,1,Mar/2022,0.04135833333333334,0.0,
2022-03-31,0.043739,selic,2022,3,1,Mar/2022,0.04147736666666667,0.0,
2022-04-01,0.043739,selic,2022,4,2,Apr/2022,0.041596400000000006,0.0,
2022-04-04,0.043739,selic,2022,4,2,Apr/2022,0.04171543333333334,0.0,
2022-04-05,0.043739,selic,2022,4,2,Apr/2022,0.041834466666666674,0.0,
2022-04-06,0.043739,selic,2022,4,2,Apr/2022,0.0419535,0.0,
2022-04-07,0.043739,selic,2022,4,2,Apr/2022,0.042072533333333335,0.0,
2022-04-08,0.043739,selic,2022,4,2,Apr/2022,0.042191566666666666,0.0,
2022-04-11,0.043739,selic,2022,4,2,Apr/2022,0.0423106,0.0,
2022-04-12,0.043739,selic,2022,4,2,Apr/2022,0.042429633333333334,0.0,
2022-04-13,0.043739,selic,2022,4,2,Apr/2022,0.04254866666666667,0.0,
2022-04-14,0.043739,selic,2022,4,2,Apr/2022,0.0426677,0.0,
2022-04-18,0.043739,selic,2022,4,2,Apr/2022,0.04278673333333334,0.0,
2022-04-19,0.043739,selic,2022,4,2,Apr/2022,0.04290576666666667,0.0,
2022-04-20,0.043739,selic,2022,4,2,Apr/2022,0.0430248,0.0,
2022-04-22,0.043739,selic,2022,4,2,Apr/2022,0.04314383333333333,0.0,
2022-04-25,0.043739,selic,2022,4,2,Apr/2022,0.04326286666666666,0.0,
2022-04-26,0.043739,selic,2022,4,2,Apr/2022,0.043381899999999994,0.0,
2022-04-27,0.043739,selic,2022,4,2,Apr/2022,0.04350093333333334,0.0,
2022-04-28,0.043739,selic,2022,4,2,Apr/2022,0.04361996666666667,0.0,
2022-04-29,0.043739,selic,2022,4,2,Apr/2022,0.043739,0.0,
2022-05-02,0.043739,selic,2022,5,2,May/2022,0.043739,0.0,
2022-05-03,0.043739,selic,2022,5,2,May/2022,0.043739,0.0,
2022-05-04,0.043739,selic,2022,5,2,May/2022,0.043739,0.0,
2022-05-05,0.047279,selic,2022,5,2,May/2022,0.04385700000000001,8.093463499394126,
2022-05-06,0.047279,selic,2022,5,2,May/2022,0.04397499999999999,0.0,
2022-05-09,0.047279,selic,2022,5,2,May/2022,0.044093,0.0,
2022-05-10,0.047279,selic,2022,5,2,May/2022,0.044211,0.0,
2022-05-11,0.047279,selic,2022,5,2,May/2022,0.044329,0.0,
2022-05-12,0.047279,selic,2022,5,2,May/2022,0.044447,0.0,
2022-05-13,0.047279,selic,2022,5,2,May/2022,0.044565,0.0,
2022-05-16,0.047279,selic,2022,5,2,May/2022,0.04468300000000001,0.0,
2022-05-17,0.047279,selic,2022,5,2,May/2022,0.044800999999999994,0.0,
2022-05-18,0.047279,selic,2022,5,2,May/2022,0.044919,0.0,
2022-05-19,0.047279,selic,2022,5,2,May/2022,0.045037,0.0,
2022-05-20,0.047279,selic,2022,5,2,May/2022,0.045154999999999994,0.0,
2022-05-23,0.047279,selic,2022,5,2,May/2022,0.045273,0.0,
2022-05-24,0.047279,selic,2022,5,2,May/2022,0.045391,0.0,
2022-05-25,0.047279,selic,2022,5,2,May/2022,0.045509,0.0,
2022-05-26,0.047279,selic,2022,5,2,May/2022,0.045627,0.0,
2022-05-27,0.047279,selic,2022,5,2,May/2022,0.045745,0.0,
2022-05-30,0.047279,selic,2022,5,2,May/2022,0.045863,0.0,
2022-05-31,0.047279,selic,2022,5,2,May/2022,0.045981,0.0,
2022-06-01,0.047279,selic,2022,6,2,Jun/2022,0.046099,0.0,
2022-06-02,0.047279,selic,2022,6,2,Jun/2022,0.046217,0.0,
2022-06-03,0.047279,selic,2022,6,2,Jun/2022,0.046335,0.0,
2022-06-06,0.047279,selic,2022,6,2,Jun/2022,0.046453,0.0,
2022-06-07,0.047279,selic,2022,6,2,Jun/2022,0.04657100000000001,0.0,
2022-06-08,0.047279,selic,2022,6,2,Jun/2022,0.046689,0.0,
2022-06-09,0.047279,selic,2022,6,2,Jun/2022,0.046807,0.0,
2022-06-10,0.047279,selic,2022,6,2,Jun/2022,0.046925,0.0,
2022-06-13,0.047279,selic,2022,6,2,Jun/2022,0.047042999999999995,0.0,
2022-06-14,0.047279,selic,2022,6,2,Jun/2022,0.047161,0.0,
2022-06-15,0.047279,selic,2022,6,2,Jun/2022,0.047279,0.0,
2022-06-17,0.049037,selic,2022,6,2,Jun/2022,0.0473376,3.7183527570380015,
2022-06-20,0.049037,selic,2022,6,2,Jun/2022,0.0473962,0.0,
2022-06-21,0.049037,selic,2022,6,2,Jun/2022,0.047454800000000005,0.0,
2022-06-22,0.049037,selic,2022,6,2,Jun/2022,0.047513400000000004,0.0,
2022-06-23,0.049037,selic,2022,6,2,Jun/2022,0.047571999999999996,0.0,
2022-06-24,0.049037,selic,2022,6,2,Jun/2022,0.0476306,0.0,
2022-06-27,0.049037,selic,2022,6,2,Jun/2022,0.0476892,0.0,
2022-06-28,0.049037,selic,2022,6,2,Jun/2022,0.0477478,0.0,
2022-06-29,0.049037,selic,2022,6,2,Jun/2022,0.047806400000000006,0.0,
2022-06-30,0.049037,selic,2022,6,2,Jun/2022,0.047865000000000005,0.0,
2022-07-01,0.049037,selic,2022,7,3,Jul/2022,0.0479236,0.0,
2022-07-04,0.049037,selic,2022,7,3,Jul/2022,0.0479822,0.0,
2022-07-05,0.049037,selic,2022,7,3,Jul/2022,0.0480408,0.0,
2022-07-06,0.049037,selic,2022,7,3,Jul/2022,0.0480994,0.0,
2022-07-07,0.049037,selic,2022,7,3,Jul/2022,0.048158000000000006,0.0,
2022-07-08,0.049037,selic,2022,7,3,Jul/2022,0.048216600000000005,0.0,
2022-07-11,0.049037,selic,2022,7,3,Jul/2022,0.0482752,0.0,
2022-07-12,0.049037,selic,2022,7,3,Jul/2022,0.0483338,0.0,
2022-07-13,0.049037,selic,2022,7,3,Jul/2022,0.0483924,0.0,
2022-07-14,0.049037,selic,2022,7,3,Jul/2022,0.048451,0.0,
2022-07-15,0.049037,selic,2022,7,3,Jul/2022,0.0485096,0.0,
2022-07-18,0.049037,selic,2022,7,3,Jul/2022,0.0485682,0.0,
2022-07-19,0.049037,selic,2022,7,3,Jul/2022,0.0486268,0.0,
2022-07-20,0.049037,selic,2022,7,3,Jul/2022,0.0486854,0.0,
2022-07-21,0.049037,selic,2022,7,3,Jul/2022,0.048744,0.0,
2022-07-22,0.049037,selic,2022,7,3,Jul/2022,0.0488026,0.0,
2022-07-25,0.049037,selic,2022,7,3,Jul/2022,0.0488612,0.0,
2022-07-26,0.049037,selic,2022,7,3,Jul/2022,0.0489198,0.0,
2022-07-27,0.049037,selic,2022,7,3,Jul/2022,0.0489784,0.0,
2022-07-28,0.049037,selic,2022,7,3,Jul/2022,0.049037,0.0,
2022-07-29,0.049037,selic,2022,7,3,Jul/2022,0.049037,0.0,
2022-08-01,0.049037,selic,2022,8,3,Aug/2022,0.049037,0.0,
2022-08-02,0.049037,selic,2022,8,3,Aug/2022,0.049037,0.0,
2022-08-03,0.049037,selic,2022,8,3,Aug/2022,0.049037,0.0,
2022-08-04,0.050788,selic,2022,8,3,Aug/2022,0.04909536666666667,3.5707730897077683,
2022-08-05,0.050788,selic,2022,8,3,Aug/2022,0.049153733333333324,0.0,
2022-08-08,0.050788,selic,2022,8,3,Aug/2022,0.049212099999999995,0.0,
2022-08-09,0.050788,selic,2022,8,3,Aug/2022,0.049270466666666665,0.0,
2022-08-10,0.050788,selic,2022,8,3,Aug/2022,0.04932883333333333,0.0,
2022-08-11,0.050788,selic,2022,8,3,Aug/2022,0.04938719999999999,0.0,
2022-08-12,0.050788,selic,2022,8,3,Aug/2022,0.04944556666666666,0.0,
2022-08-15,0.050788,selic,2022,8,3,Aug/2022,0.04950393333333333,0.0,
2022-08-16,0.050788,selic,2022,8,3,Aug/2022,0.0495623,0.0,
2022-08-17,0.050788,selic,2022,8,3,Aug/2022,0.04962066666666666,0.0,
2022-08-18,0.050788,selic,2022,8,3,Aug/2022,0.04967903333333333,0.0,
2022-08-19,0.050788,selic,2022,8,3,Aug/2022,0.0497374,0.0,
2022-08-22,0.050788,selic,2022,8,3,Aug/2022,0.04979576666666666,0.0,
2022-08-23,0.050788,selic,2022,8,3,Aug/2022,0.04985413333333333,0.0,
2022-08-24,0.050788,selic,2022,8,3,Aug/2022,0.0499125,0.0,
2022-08-25,0.050788,selic,2022,8,3,Aug/2022,0.04997086666666666,0.0,
2022-08-26,0.050788,selic,2022,8,3,Aug/2022,0.05002923333333333,0.0,
2022-08-29,0.050788,selic,2022,8,3,Aug/2022,0.050087599999999996,0.0,
2022-08-30,0.050788,selic,2022,8,3,Aug/2022,0.050145966666666666,0.0,
2022-08-31,0.050788,selic,2022,8,3,Aug/2022,0.05020433333333333,0.0,
2022-09-01,0.050788,selic,2022,9,3,Sep/2022,0.050262699999999993,0.0,
2022-09-02,0.050788,selic,2022,9,3,Sep/2022,0.050321066666666664,0.0,
2022-09-05,0.050788,selic,2022,9,3,Sep/2022,0.05037943333333333,0.0,
2022-09-06,0.050788,selic,2022,9,3,Sep/2022,0.0504378,0.0,
2022-09-08,0.050788,selic,2022,9,3,Sep/2022,0.05049616666666667,0.0,
2022-09-09,0.050788,selic,2022,9,3,Sep/2022,0.05055453333333333,0.0,
2022-09-12,0.050788,selic,2022,9,3,Sep/2022,0.050612899999999995,0.0,
2022-09-13,0.050788,selic,2022,9,3,Sep/2022,0.050671266666666666,0.0,
2022-09-14,0.050788,selic,2022,9,3,Sep/2022,0.05072963333333333,0.0,
2022-09-15,0.050788,selic,2022,9,3,Sep/2022,0.050788,0.0,
2022-09-16,0.050788,selic,2022,9,3,Sep/2022,0.050788,0.0,
2022-09-19,0.050788,selic,2022,9,3,Sep/2022,0.050788,0.0,
2022-09-20,0.050788,selic,2022,9,3,Sep/2022,0.050788,0.0,
2022-09-21,0.050788,selic,2022,9,3,Sep/2022,0.050788,0.0,
2022-09-22,0.050788,selic,2022,9,3,Sep/2022,0.050788,0.0,
2022-09-23,0.050788,selic,2022,9,3,Sep/2022,0.050788,0.0,
2022-09-26,0.050788,selic,2022,9,3,Sep/2022,0.050788,0.0,
2022-09-27,0.050788,selic,2022,9,3,Sep/2022,0.050788,0.0,
2022-09-28,0.050788,selic,2022,9,3,Sep/2022,0.050788,0.0,
2022-09-29,0.050788,selic,2022,9,3,Sep/2022,0.050788,0.0,
2022-09-30,0.050788,selic,2022,9,3,Sep/2022,0.050788,0.0,
2022-10-03,0.050788,selic,2022,10,4,Oct/2022,0.050788,0.0,
2022-10-04,0.050788,selic,2022,10,4,Oct/2022,0.050788,0.0,
2022-10-05,0.050788,selic,2022,10,4,Oct/2022,0.050788,0.0,
2022-10-06,0.050788,selic,2022,10,4,Oct/2022,0.050788,0.0,
2022-10-07,0.050788,selic,2022,10,4,Oct/2022,0.050788,0.0,
2022-10-10,0.050788,selic,2022,10,4,Oct/2022,0.050788,0.0,
2022-10-11,0.050788,selic,2022,10,4,Oct/2022,0.050788,0.0,
2022-10-13,0.050788,selic,2022,10,4,Oct/2022,0.050788,0.0,
2022-10-14,0.050788,selic,2022,10,4,Oct/2022,0.050788,0.0,
2022-10-17,0.050788,selic,2022,10,4,Oct/2022,0.050788,0.0,
2022-10-18,0.050788,selic,2022,10,4,Oct/2022,0.050788,0.0,
2022-10-19,0.050788,selic,2022,10,4,Oct/2022,0.050788,0.0,
2022-10-20,0.050788,selic,2022,10,4,Oct/2022,0.050788,0.0,
2022-10-21,0.050788,selic,2022,10,4,Oct/2022,0.050788,0.0,
2022-10-24,0.050788,selic,2022,10,4,Oct/2022,0.050788,0.0,
2022-10-25,0.050788,selic,2022,10,4,Oct/2022,0.050788,0.0,
2022-10-26,0.050788,selic,2022,10,4,Oct/2022,0.050788,0.0,
2022-10-27,0.050788,selic,2022,10,4,Oct/2022,0.050788,0.0,
2022-10-28,0.050788,selic,2022,10,4,Oct/2022,0.050788,0.0,
2022-10-31,0.050788,selic,2022,10,4,Oct/2022,0.050788,0.0,
2022-11-01,0.050788,selic,2022,11,4,Nov/2022,0.050788,0.0,
2022-11-03,0.050788,selic,2022,11,4,Nov/2022,0.050788,0.0,
2022-11-04,0.050788,selic,2022,11,4,Nov/2022,0.050788,0.0,
2022-11-07,0.050788,selic,2022,11,4,Nov/2022,0.050788,0.0,
2022-11-08,0.050788,selic,2022,11,4,Nov/2022,0.050788,0.0,
2022-11-09,0.050788,selic,2022,11,4,Nov/2022,0.050788,0.0,
2022-11-10,0.050788,selic,2022,11,4,Nov/2022,0.050788,0.0,
2022-11-11,0.050788,selic,2022,11,4,Nov/2022,0.050788,0.0,
2022-11-14,0.050788,selic,2022,11,4,Nov/2022,0.050788,0.0,
2022-11-16,0.050788,selic,2022,11,4,Nov/2022,0.050788,0.0,
2022-11-17,0.050788,selic,2022,11,4,Nov/2022,0.050788,0.0,
2022-11-18,0.050788,selic,2022,11,4,Nov/2022,0.050788,0.0,
2022-11-21,0.050788,selic,2022,11,4,Nov/2022,0.050788,0.0,
2022-11-22,0.050788,selic,2022,11,4,Nov/2022,0.050788,0.0,
2022-11-23,0.050788,selic,2022,11,4,Nov/2022,0.050788,0.0,
2022-11-24,0.050788,selic,2022,11,4,Nov/2022,0.050788,0.0,
2022-11-25,0.050788,selic,2022,11,4,Nov/2022,0.050788,0.0,
2022-11-28,0.050788,selic,2022,11,4,Nov/2022,0.050788,0.0,
2022-11-29,0.050788,selic,2022,11,4,Nov/2022,0.050788,0.0,
2022-11-30,0.050788,selic,2022,11,4,Nov/2022,0.050788,0.0,
2022-12-01,0.050788,selic,2022,12,4,Dec/2022,0.050788,0.0,
2022-12-02,0.050788,selic,2022,12,4,Dec/2022,0.050788,0.0,
2022-12-05,0.050788,selic,2022,12,4,Dec/2022,0.050788,0.0,
2022-12-06,0.050788,selic,2022,12,4,Dec/2022,0.050788,0.0,
2022-12-07,0.050788,selic,2022,12,4,Dec/2022,0.050788,0.0,
2022-12-08,0.050788,selic,2022,12,4,Dec/2022,0.050788,0.0,
2022-12-09,0.050788,selic,2022,12,4,Dec/2022,0.050788,0.0,
2022-12-12,0.050788,selic,2022,12,4,Dec/2022,0.050788,0.0,
2022-12-13,0.050788,selic,2022,12,4,Dec/2022,0.050788,0.0,
2022-12-14,0.050788,selic,2022,12,4,Dec/2022,0.050788,0.0,
2022-12-15,0.050788,selic,2022,12,4,Dec/2022,0.050788,0.0,
2022-12-16,0.050788,selic,2022,12,4,Dec/2022,0.050788,0.0,
2022-12-19,0.050788,selic,2022,12,4,Dec/2022,0.050788,0.0,
2022-12-20,0.050788,selic,2022,12,4,Dec/2022,0.050788,0.0,
2022-12-21,0.050788,selic,2022,12,4,Dec/2022,0.050788,0.0,
2022-12-22,0.050788,selic,2022,12,4,Dec/2022,0.050788,0.0,
2022-12-23,0.050788,selic,2022,12,4,Dec/2022,0.050788,0.0,
2022-12-26,0.050788,selic,2022,12,4,Dec/2022,0.050788,0.0,
2022-12-27,0.050788,selic,2022,12,4,Dec/2022,0.050788,0.0,
2022-12-28,0.050788,selic,2022,12,4,Dec/2022,0.050788,0.0,
2022-12-29,0.050788,selic,2022,12,4,Dec/2022,0.050788,0.0,
2022-12-30,0.050788,selic,2022,12,4,Dec/2022,0.050788,0.0,
2023-01-02,0.050788,selic,2023,1,1,Jan/2023,0.050788,0.0,
2023-01-03,0.050788,selic,2023,1,1,Jan/2023,0.050788,0.0,
2023-01-04,0.050788,selic,2023,1,1,Jan/2023,0.050788,0.0,
2023-01-05,0.050788,selic,2023,1,1,Jan/2023,0.050788,0.0,
2023-01-06,0.050788,selic,2023,1,1,Jan/2023,0.050788,0.0,
2023-01-09,0.050788,selic,2023,1,1,Jan/2023,0.050788,0.0,
2023-01-10,0.050788,selic,2023,1,1,Jan/2023,0.050788,0.0,
2023-01-11,0.050788,selic,2023,1,1,Jan/2023,0.050788,0.0,
2023-01-12,0.050788,selic,2023,1,1,Jan/2023,0.050788,0.0,
2023-01-13,0.050788,selic,2023,1,1,Jan/2023,0.050788,0.0,
2023-01-16,0.050788,selic,2023,1,1,Jan/2023,0.050788,0.0,
2023-01-17,0.050788,selic,2023,1,1,Jan/2023,0.050788,0.0,
2023-01-18,0.050788,selic,2023,1,1,Jan/2023,0.050788,0.0,
2023-01-19,0.050788,selic,2023,1,1,Jan/2023,0.050788,0.0,
2023-01-20,0.050788,selic,2023,1,1,Jan/2023,0.050788,0.0,
2023-01-23,0.050788,selic,2023,1,1,Jan/2023,0.050788,0.0,
2023-01-24,0.050788,selic,2023,1,1,Jan/2023,0.050788,0.0,
2023-01-25,0.050788,selic,2023,1,1,Jan/2023,0.050788,0.0,
2023-01-26,0.050788,selic,2023,1,1,Jan/2023,0.050788,0.0,
2023-01-27,0.050788,selic,2023,1,1,Jan/2023,0.050788,0.0,
2023-01-30,0.050788,selic,2023,1,1,Jan/2023,0.050788,0.0,
2023-01-31,0.050788,selic,2023,1,1,Jan/2023,0.050788,0.0,
2023-02-01,0.050788,selic,2023,2,1,Feb/2023,0.050788,0.0,
2023-02-02,0.050788,selic,2023,2,1,Feb/2023,0.050788,0.0,
2023-02-03,0.050788,selic,2023,2,1,Feb/2023,0.050788,0.0,
2023-02-06,0.050788,selic,2023,2,1,Feb/2023,0.050788,0.0,
2023-02-07,0.050788,selic,2023,2,1,Feb/2023,0.050788,0.0,
2023-02-08,0.050788,selic,2023,2,1,Feb/2023,0.050788,0.0,
2023-02-09,0.050788,selic,2023,2,1,Feb/2023,0.050788,0.0,
2023-02-10,0.050788,selic,2023,2,1,Feb/2023,0.050788,0.0,
2023-02-13,0.050788,selic,2023,2,1,Feb/2023,0.050788,0.0,
2023-02-14,0.050788,selic,2023,2,1,Feb/2023,0.050788,0.0,
2023-02-15,0.050788,selic,2023,2,1,Feb/2023,0.050788,0.0,
2023-02-16,0.050788,selic,2023,2,1,Feb/2023,0.050788,0.0,
2023-02-17,0.050788,selic,2023,2,1,Feb/2023,0.050788,0.0,
2023-02-22,0.050788,selic,2023,2,1,Feb/2023,0.050788,0.0,
2023-02-23,0.050788,selic,2023,2,1,Feb/2023,0.050788,0.0,
2023-02-24,0.050788,selic,2023,2,1,Feb/2023,0.050788,0.0,
2023-02-27,0.050788,selic,2023,2,1,Feb/2023,0.050788,0.0,
2023-02-28,0.050788,selic,2023,2,1,Feb/2023,0.050788,0.0,
2023-03-01,0.050788,selic,2023,3,1,Mar/2023,0.050788,0.0,
2023-03-02,0.050788,selic,2023,3,1,Mar/2023,0.050788,0.0,
2023-03-03,0.050788,selic,2023,3,1,Mar/2023,0.050788,0.0,
2023-03-06,0.050788,selic,2023,3,1,Mar/2023,0.050788,0.0,
2023-03-07,0.050788,selic,2023,3,1,Mar/2023,0.050788,0.0,
2023-03-08,0.050788,selic,2023,3,1,Mar/2023,0.050788,0.0,
2023-03-09,0.050788,selic,2023,3,1,Mar/2023,0.050788,0.0,
2023-03-10,0.050788,selic,2023,3,1,Mar/2023,0.050788,0.0,
2023-03-13,0.050788,selic,2023,3,1,Mar/2023,0.050788,0.0,
2023-03-14,0.050788,selic,2023,3,1,Mar/2023,0.050788,0.0,
2023-03-15,0.050788,selic,2023,3,1,Mar/2023,0.050788,0.0,
2023-03-16,0.050788,selic,2023,3,1,Mar/2023,0.050788,0.0,
2023-03-17,0.050788,selic,2023,3,1,Mar/2023,0.050788,0.0,
2023-03-20,0.050788,selic,2023,3,1,Mar/2023,0.050788,0.0,
2023-03-21,0.050788,selic,2023,3,1,Mar/2023,0.050788,0.0,
2023-03-22,0.050788,selic,2023,3,1,Mar/2023,0.050788,0.0,
2023-03-23,0.050788,selic,2023,3,1,Mar/2023,0.050788,0.0,
2023-03-24,0.050788,selic,2023,3,1,Mar/2023,0.050788,0.0,
2023-03-27,0.050788,selic,2023,3,1,Mar/2023,0.050788,0.0,
2023-03-28,0.050788,selic,2023,3,1,Mar/2023,0.050788,0.0,
2023-03-29,0.050788,selic,2023,3,1,Mar/2023,0.050788,0.0,
2023-03-30,0.050788,selic,2023,3,1,Mar/2023,0.050788,0.0,
2023-03-31,0.050788,selic,2023,3,1,Mar/2023,0.050788,0.0,
2023-04-03,0.050788,selic,2023,4,2,Apr/2023,0.050788,0.0,
2023-04-04,0.050788,selic,2023,4,2,Apr/2023,0.050788,0.0,
2023-04-05,0.050788,selic,2023,4,2,Apr/2023,0.050788,0.0,
2023-04-06,0.050788,selic,2023,4,2,Apr/2023,0.050788,0.0,
2023-04-10,0.050788,selic,2023,4,2,Apr/2023,0.050788,0.0,
2023-04-11,0.050788,selic,2023,4,2,Apr/2023,0.050788,0.0,
2023-04-12,0.050788,selic,2023,4,2,Apr/2023,0.050788,0.0,
2023-04-13,0.050788,selic,2023,4,2,Apr/2023,0.050788,0.0,
2023-04-14,0.050788,selic,2023,4,2,Apr/2023,0.050788,0.0,
2023-04-17,0.050788,selic,2023,4,2,Apr/2023,0.050788,0.0,
2023-04-18,0.050788,selic,2023,4,2,Apr/2023,0.050788,0.0,
2023-04-19,0.050788,selic,2023,4,2,Apr/2023,0.050788,0.0,
2023-04-20,0.050788,selic,2023,4,2,Apr/2023,0.050788,0.0,
2023-04-24,0.050788,selic,2023,4,2,Apr/2023,0.050788,0.0,
2023-04-25,0.050788,selic,2023,4,2,Apr/2023,0.050788,0.0,
2023-04-26,0.050788,selic,2023,4,2,Apr/2023,0.050788,0.0,
2023-04-27,0.050788,selic,2023,4,2,Apr/2023,0.050788,0.0,
2023-04-28,0.050788,selic,2023,4,2,Apr/2023,0.050788,0.0,
2023-05-02,0.050788,selic,2023,5,2,May/2023,0.050788,0.0,
2023-05-03,0.050788,selic,2023,5,2,May/2023,0.050788,0.0,
2023-05-04,0.050788,selic,2023,5,2,May/2023,0.050788,0.0,
2023-05-05,0.050788,selic,2023,5,2,May/2023,0.050788,0.0,
2023-05-08,0.050788,selic,2023,5,2,May/2023,0.050788,0.0,
2023-05-09,0.050788,selic,2023,5,2,May/2023,0.050788,0.0,
2023-05-10,0.050788,selic,2023,5,2,May/2023,0.050788,0.0,
2023-05-11,0.050788,selic,2023,5,2,May/2023,0.050788,0.0,
2023-05-12,0.050788,selic,2023,5,2,May/2023,0.050788,0.0,
2023-05-15,0.050788,selic,2023,5,2,May/2023,0.050788,0.0,
2023-05-16,0.050788,selic,2023,5,2,May/2023,0.050788,0.0,
2023-05-17,0.050788,selic,2023,5,2,May/2023,0.050788,0.0,
2023-05-18,0.050788,selic,2023,5,2,May/2023,0.050788,0.0,
2023-05-19,0.050788,selic,2023,5,2,May/2023,0.050788,0.0,
2023-05-22,0.050788,selic,2023,5,2,May/2023,0.050788,0.0,
2023-05-23,0.050788,selic,2023,5,2,May/2023,0.050788,0.0,
2023-05-24,0.050788,selic,2023,5,2,May/2023,0.050788,0.0,
2023-05-25,0.050788,selic,2023,5,2,May/2023,0.050788,0.0,
2023-05-26,0.050788,selic,2023,5,2,May/2023,0.050788,0.0,
2023-05-29,0.050788,selic,2023,5,2,May/2023,0.050788,0.0,
2023-05-30,0.050788,selic,2023,5,2,May/2023,0.050788,0.0,
2023-05-31,0.050788,selic,2023,5,2,May/2023,0.050788,0.0,
2023-06-01,0.050788,selic,2023,6,2,Jun/2023,0.050788,0.0,
2023-06-02,0.050788,selic,2023,6,2,Jun/2023,0.050788,0.0,
2023-06-05,0.050788,selic,2023,6,2,Jun/2023,0.050788,0.0,
2023-06-06,0.050788,selic,2023,6,2,Jun/2023,0.050788,0.0,
2023-06-07,0.050788,selic,2023,6,2,Jun/2023,0.050788,0.0,
2023-06-09,0.050788,selic,2023,6,2,Jun/2023,0.050788,0.0,
2023-06-12,0.050788,selic,2023,6,2,Jun/2023,0.050788,0.0,
2023-06-13,0.050788,selic,2023,6,2,Jun/2023,0.050788,0.0,
2023-06-14,0.050788,selic,2023,6,2,Jun/2023,0.050788,0.0,
2023-06-15,0.050788,selic,2023,6,2,Jun/2023,0.050788,0.0,
2023-06-16,0.050788,selic,2023,6,2,Jun/2023,0.050788,0.0,
2023-06-19,0.050788,selic,2023,6,2,Jun/2023,0.050788,0.0,
2023-06-20,0.050788,selic,2023,6,2,Jun/2023,0.050788,0.0,
2023-06-21,0.050788,selic,2023,6,2,Jun/2023,0.050788,0.0,
2023-06-22,0.050788,selic,2023,6,2,Jun/2023,0.050788,0.0,
2023-06-23,0.050788,selic,2023,6,2,Jun/2023,0.050788,0.0,
2023-06-26,0.050788,selic,2023,6,2,Jun/2023,0.050788,0.0,
2023-06-27,0.050788,selic,2023,6,2,Jun/2023,0.050788,0.0,
2023-06-28,0.050788,selic,2023,6,2,Jun/2023,0.050788,0.0,
2023-06-29,0.050788,selic,2023,6,2,Jun/2023,0.050788,0.0,
2023-06-30,0.050788,selic,2023,6,2,Jun/2023,0.050788,0.0,
2023-07-03,0.050788,selic,2023,7,3,Jul/2023,0.050788,0.0,
2023-07-04,0.050788,selic,2023,7,3,Jul/2023,0.050788,0.0,
2023-07-05,0.050788,selic,2023,7,3,Jul/2023,0.050788,0.0,
2023-07-06,0.050788,selic,2023,7,3,Jul/2023,0.050788,0.0,
2023-07-07,0.050788,selic,2023,7,3,Jul/2023,0.050788,0.0,
2023-07-10,0.050788,selic,2023,7,3,Jul/2023,0.050788,0.0,
2023-07-11,0.050788,selic,2023,7,3,Jul/2023,0.050788,0.0,
2023-07-12,0.050788,selic,2023,7,3,Jul/2023,0.050788,0.0,
2023-07-13,0.050788,selic,2023,7,3,Jul/2023,0.050788,0.0,
2023-07-14,0.050788,selic,2023,7,3,Jul/2023,0.050788,0.0,
2023-07-17,0.050788,selic,2023,7,3,Jul/2023,0.050788,0.0,
2023-07-18,0.050788,selic,2023,7,3,Jul/2023,0.050788,0.0,
2023-07-19,0.050788,selic,2023,7,3,Jul/2023,0.050788,0.0,
2023-07-20,0.050788,selic,2023,7,3,Jul/2023,0.050788,0.0,
2023-07-21,0.050788,selic,2023,7,3,Jul/2023,0.050788,0.0,
2023-07-24,0.050788,selic,2023,7,3,Jul/2023,0.050788,0.0,
2023-07-25,0.050788,selic,2023,7,3,Jul/2023,0.050788,0.0,
2023-07-26,0.050788,selic,2023,7,3,Jul/2023,0.050788,0.0,
2023-07-27,0.050788,selic,2023,7,3,Jul/2023,0.050788,0.0,
2023-07-28,0.050788,selic,2023,7,3,Jul/2023,0.050788,0.0,
2023-07-31,0.050788,selic,2023,7,3,Jul/2023,0.050788,0.0,
2023-08-01,0.050788,selic,2023,8,3,Aug/2023,0.050788,0.0,
2023-08-02,0.050788,selic,2023,8,3,Aug/2023,0.050788,0.0,
2023-08-03,0.049037,selic,2023,8,3,Aug/2023,0.050729633333333336,-3.447664802709305,
2023-08-04,0.049037,selic,2023,8,3,Aug/2023,0.050671266666666666,0.0,
2023-08-07,0.049037,selic,2023,8,3,Aug/2023,0.050612899999999995,0.0,
2023-08-08,0.049037,selic,2023,8,3,Aug/2023,0.05055453333333333,0.0,
2023-08-09,0.049037,selic,2023,8,3,Aug/2023,0.05049616666666666,0.0,
2023-08-10,0.049037,selic,2023,8,3,Aug/2023,0.0504378,0.0,
2023-08-11,0.049037,selic,2023,8,3,Aug/2023,0.05037943333333333,0.0,
2023-08-14,0.049037,selic,2023,8,3,Aug/2023,0.050321066666666664,0.0,
2023-08-15,0.049037,selic,2023,8,3,Aug/2023,0.0502627,0.0,
2023-08-16,0.049037,selic,2023,8,3,Aug/2023,0.05020433333333333,0.0,
2023-08-17,0.049037,selic,2023,8,3,Aug/2023,0.050145966666666666,0.0,
2023-08-18,0.049037,selic,2023,8,3,Aug/2023,0.050087599999999996,0.0,
2023-08-21,0.049037,selic,2023,8,3,Aug/2023,0.050029233333333326,0.0,
2023-08-22,0.049037,selic,2023,8,3,Aug/2023,0.04997086666666666,0.0,
2023-08-23,0.049037,selic,2023,8,3,Aug/2023,0.0499125,0.0,
2023-08-24,0.049037,selic,2023,8,3,Aug/2023,0.04985413333333333,0.0,
2023-08-25,0.049037,selic,2023,8,3,Aug/2023,0.049795766666666665,0.0,
2023-08-28,0.049037,selic,2023,8,3,Aug/2023,0.0497374,0.0,
2023-08-29,0.049037,selic,2023,8,3,Aug/2023,0.04967903333333333,0.0,
2023-08-30,0.049037,selic,2023,8,3,Aug/2023,0.04962066666666666,0.0,
2023-08-31,0.049037,selic,2023,8,3,Aug/2023,0.04956229999999999,0.0,
2023-09-01,0.049037,selic,2023,9,3,Sep/2023,0.04950393333333333,0.0,
2023-09-04,0.049037,selic,2023,9,3,Sep/2023,0.04944556666666666,0.0,
2023-09-05,0.049037,selic,2023,9,3,Sep/2023,0.04938719999999999,0.0,
2023-09-06,0.049037,selic,2023,9,3,Sep/2023,0.049328833333333336,0.0,
2023-09-08,0.049037,selic,2023,9,3,Sep/2023,0.049270466666666665,0.0,
2023-09-11,0.049037,selic,2023,9,3,Sep/2023,0.049212099999999995,0.0,
2023-09-12,0.049037,selic,2023,9,3,Sep/2023,0.049153733333333324,0.0,
2023-09-13,0.049037,selic,2023,9,3,Sep/2023,0.04909536666666666,0.0,
2023-09-14,0.049037,selic,2023,9,3,Sep/2023,0.049037,0.0,
2023-09-15,0.049037,selic,2023,9,3,Sep/2023,0.049037,0.0,
2023-09-18,0.049037,selic,2023,9,3,Sep/2023,0.049037,0.0,
2023-09-19,0.049037,selic,2023,9,3,Sep/2023,0.049037,0.0,
2023-09-20,0.049037,selic,2023,9,3,Sep/2023,0.049037,0.0,
2023-09-21,0.047279,selic,2023,9,3,Sep/2023,0.0489784,-3.5850480249607353,
2023-09-22,0.047279,selic,2023,9,3,Sep/2023,0.0489198,0.0,
2023-09-25,0.047279,selic,2023,9,3,Sep/2023,0.0488612,0.0,
2023-09-26,0.047279,selic,2023,9,3,Sep/2023,0.0488026,0.0,
2023-09-27,0.047279,selic,2023,9,3,Sep/2023,0.048744,0.0,
2023-09-28,0.047279,selic,2023,9,3,Sep/2023,0.0486854,0.0,
2023-09-29,0.047279,selic,2023,9,3,Sep/2023,0.0486268,0.0,
2023-10-02,0.047279,selic,2023,10,4,Oct/2023,0.0485682,0.0,
2023-10-03,0.047279,selic,2023,10,4,Oct/2023,0.0485096,0.0,
2023-10-04,0.047279,selic,2023,10,4,Oct/2023,0.048451,0.0,
2023-10-05,0.047279,selic,2023,10,4,Oct/2023,0.0483924,0.0,
2023-10-06,0.047279,selic,2023,10,4,Oct/2023,0.048333799999999996,0.0,
2023-10-09,0.047279,selic,2023,10,4,Oct/2023,0.0482752,0.0,
2023-10-10,0.047279,selic,2023,10,4,Oct/2023,0.048216600000000005,0.0,
2023-10-11,0.047279,selic,2023,10,4,Oct/2023,0.048158000000000006,0.0,
2023-10-13,0.047279,selic,2023,10,4,Oct/2023,0.0480994,0.0,
2023-10-16,0.047279,selic,2023,10,4,Oct/2023,0.0480408,0.0,
2023-10-17,0.047279,selic,2023,10,4,Oct/2023,0.0479822,0.0,
2023-10-18,0.047279,selic,2023,10,4,Oct/2023,0.0479236,0.0,
2023-10-19,0.047279,selic,2023,10,4,Oct/2023,0.047865000000000005,0.0,
2023-10-20,0.047279,selic,2023,10,4,Oct/2023,0.047806400000000006,0.0,
2023-10-23,0.047279,selic,2023,10,4,Oct/2023,0.0477478,0.0,
2023-10-24,0.047279,selic,2023,10,4,Oct/2023,0.0476892,0.0,
2023-10-25,0.047279,selic,2023,10,4,Oct/2023,0.0476306,0.0,
2023-10-26,0.047279,selic,2023,10,4,Oct/2023,0.047571999999999996,0.0,
2023-10-27,0.047279,selic,2023,10,4,Oct/2023,0.047513400000000004,0.0,
2023-10-30,0.047279,selic,2023,10,4,Oct/2023,0.047454800000000005,0.0,
2023-10-31,0.047279,selic,2023,10,4,Oct/2023,0.047396200000000006,0.0,
2023-11-01,0.047279,selic,2023,11,4,Nov/2023,0.0473376,0.0,
2023-11-03,0.045513,selic,2023,11,4,Nov/2023,0.04722013333333334,-3.735273588696897,
2023-11-06,0.045513,selic,2023,11,4,Nov/2023,0.04716126666666667,0.0,
2023-11-07,0.045513,selic,2023,11,4,Nov/2023,0.047102399999999996,0.0,
2023-11-08,0.045513,selic,2023,11,4,Nov/2023,0.04704353333333334,0.0,
2023-11-09,0.045513,selic,2023,11,4,Nov/2023,0.04698466666666667,0.0,
2023-11-10,0.045513,selic,2023,11,4,Nov/2023,0.0469258,0.0,
2023-11-13,0.045513,selic,2023,11,4,Nov/2023,0.04686693333333334,0.0,
2023-11-14,0.045513,selic,2023,11,4,Nov/2023,0.04680806666666667,0.0,
2023-11-16,0.045513,selic,2023,11,4,Nov/2023,0.046749200000000005,0.0,
2023-11-17,0.045513,selic,2023,11,4,Nov/2023,0.04669033333333334,0.0,
2023-11-20,0.045513,selic,2023,11,4,Nov/2023,0.04663146666666666,0.0,
2023-11-21,0.045513,selic,2023,11,4,Nov/2023,0.0465726,0.0,
2023-11-22,0.045513,selic,2023,11,4,Nov/2023,0.046513733333333335,0.0,
2023-11-23,0.045513,selic,2023,11,4,Nov/2023,0.046454866666666664,0.0,
2023-11-24,0.045513,selic,2023,11,4,Nov/2023,0.046396,0.0,
2023-11-27,0.045513,selic,2023,11,4,Nov/2023,0.04633713333333333,0.0,
2023-11-28,0.045513,selic,2023,11,4,Nov/2023,0.04627826666666667,0.0,
2023-11-29,0.045513,selic,2023,11,4,Nov/2023,0.0462194,0.0,
2023-11-30,0.045513,selic,2023,11,4,Nov/2023,0.04616053333333333,0.0,
2023-12-01,0.045513,selic,2023,12,4,Dec/2023,0.04610166666666667,0.0,
2023-12-04,0.045513,selic,2023,12,4,Dec/2023,0.0460428,0.0,
2023-12-05,0.045513,selic,2023,12,4,Dec/2023,0.045983933333333324,0.0,
2023-12-06,0.045513,selic,2023,12,4,Dec/2023,0.04592506666666667,0.0,
2023-12-07,0.045513,selic,2023,12,4,Dec/2023,0.045866199999999996,0.0,
2023-12-08,0.045513,selic,2023,12,4,Dec/2023,0.04580733333333333,0.0,
2023-12-11,0.045513,selic,2023,12,4,Dec/2023,0.04574846666666667,0.0,
2023-12-12,0.045513,selic,2023,12,4,Dec/2023,0.0456896,0.0,
2023-12-13,0.045513,selic,2023,12,4,Dec/2023,0.04563073333333333,0.0,
2023-12-14,0.043739,selic,2023,12,4,Dec/2023,0.045512733333333326,-3.89778744534528,
2023-12-15,0.043739,selic,2023,12,4,Dec/2023,0.04539473333333333,0.0,
2023-12-18,0.043739,selic,2023,12,4,Dec/2023,0.0453356,0.0,
2023-12-19,0.043739,selic,2023,12,4,Dec/2023,0.04527646666666666,0.0,
2023-12-20,0.043739,selic,2023,12,4,Dec/2023,0.04521733333333333,0.0,
2023-12-21,0.043739,selic,2023,12,4,Dec/2023,0.045158199999999996,0.0,
2023-12-22,0.043739,selic,2023,12,4,Dec/2023,0.045099066666666666,0.0,
2023-12-26,0.043739,selic,2023,12,4,Dec/2023,0.04503993333333334,0.0,
2023-12-27,0.043739,selic,2023,12,4,Dec/2023,0.0449808,0.0,
2023-12-28,0.043739,selic,2023,12,4,Dec/2023,0.044921666666666665,0.0,
2023-12-29,0.043739,selic,2023,12,4,Dec/2023,0.04486253333333333,0.0,
2024-01-02,0.043739,selic,2024,1,1,Jan/2024,0.0448034,0.0,
2024-01-03,0.043739,selic,2024,1,1,Jan/2024,0.044744266666666664,0.0,
2024-01-04,0.043739,selic,2024,1,1,Jan/2024,0.04468513333333333,0.0,
2024-01-05,0.043739,selic,2024,1,1,Jan/2024,0.044626000000000006,0.0,
2024-01-08,0.043739,selic,2024,1,1,Jan/2024,0.04456686666666667,0.0,
2024-01-09,0.043739,selic,2024,1,1,Jan/2024,0.044507733333333334,0.0,
2024-01-10,0.043739,selic,2024,1,1,Jan/2024,0.0444486,0.0,
2024-01-11,0.043739,selic,2024,1,1,Jan/2024,0.04438946666666666,0.0,
2024-01-12,0.043739,selic,2024,1,1,Jan/2024,0.04433033333333333,0.0,
2024-01-15,0.043739,selic,2024,1,1,Jan/2024,0.0442712,0.0,
2024-01-16,0.043739,selic,2024,1,1,Jan/2024,0.04421206666666666,0.0,
2024-01-17,0.043739,selic,2024,1,1,Jan/2024,0.04415293333333334,0.0,
2024-01-18,0.043739,selic,2024,1,1,Jan/2024,0.0440938,0.0,
2024-01-19,0.043739,selic,2024,1,1,Jan/2024,0.044034666666666666,0.0,
2024-01-22,0.043739,selic,2024,1,1,Jan/2024,0.04397553333333334,0.0,
2024-01-23,0.043739,selic,2024,1,1,Jan/2024,0.043916399999999994,0.0,
2024-01-24,0.043739,selic,2024,1,1,Jan/2024,0.043857266666666665,0.0,
2024-01-25,0.043739,selic,2024,1,1,Jan/2024,0.043798133333333336,0.0,
2024-01-26,0.043739,selic,2024,1,1,Jan/2024,0.043739,0.0,
2024-01-29,0.043739,selic,2024,1,1,Jan/2024,0.043739,0.0,
2024-01-30,0.043739,selic,2024,1,1,Jan/2024,0.043739,0.0,
2024-01-31,0.043739,selic,2024,1,1,Jan/2024,0.043739,0.0,
2024-02-01,0.041957,selic,2024,2,1,Feb/2024,0.043679600000000006,-4.074167219186531,
2024-02-02,0.041957,selic,2024,2,1,Feb/2024,0.043620200000000005,0.0,
2024-02-05,0.041957,selic,2024,2,1,Feb/2024,0.043560800000000004,0.0,
2024-02-06,0.041957,selic,2024,2,1,Feb/2024,0.043501399999999996,0.0,
2024-02-07,0.041957,selic,2024,2,1,Feb/2024,0.043441999999999995,0.0,
2024-02-08,0.041957,selic,2024,2,1,Feb/2024,0.0433826,0.0,
2024-02-09,0.041957,selic,2024,2,1,Feb/2024,0.0433232,0.0,
2024-02-14,0.041957,selic,2024,2,1,Feb/2024,0.0432638,0.0,
2024-02-15,0.041957,selic,2024,2,1,Feb/2024,0.043204400000000004,0.0,
2024-02-16,0.041957,selic,2024,2,1,Feb/2024,0.043145,0.0,
2024-02-19,0.041957,selic,2024,2,1,Feb/2024,0.04308560000000001,0.0,
2024-02-20,0.041957,selic,2024,2,1,Feb/2024,0.0430262,0.0,
2024-02-21,0.041957,selic,2024,2,1,Feb/2024,0.0429668,0.0,
2024-02-22,0.041957,selic,2024,2,1,Feb/2024,0.0429074,0.0,
2024-02-23,0.041957,selic,2024,2,1,Feb/2024,0.042848,0.0,
2024-02-26,0.041957,selic,2024,2,1,Feb/2024,0.042788599999999996,0.0,
2024-02-27,0.041957,selic,2024,2,1,Feb/2024,0.0427292,0.0,
2024-02-28,0.041957,selic,2024,2,1,Feb/2024,0.0426698,0.0,
2024-02-29,0.041957,selic,2024,2,1,Feb/2024,0.04261040000000001,0.0,
2024-03-01,0.041957,selic,2024,3,1,Mar/2024,0.042551,0.0,
2024-03-04,0.041957,selic,2024,3,1,Mar/2024,0.0424916,0.0,
2024-03-05,0.041957,selic,2024,3,1,Mar/2024,0.0424322,0.0,
2024-03-06,0.041957,selic,2024,3,1,Mar/2024,0.0423728,0.0,
2024-03-07,0.041957,selic,2024,3,1,Mar/2024,0.04231340000000001,0.0,
2024-03-08,0.041957,selic,2024,3,1,Mar/2024,0.042254,0.0,
2024-03-11,0.041957,selic,2024,3,1,Mar/2024,0.0421946,0.0,
2024-03-12,0.041957,selic,2024,3,1,Mar/2024,0.042135200000000005,0.0,
2024-03-13,0.041957,selic,2024,3,1,Mar/2024,0.0420758,0.0,
2024-03-14,0.041957,selic,2024,3,1,Mar/2024,0.042016399999999995,0.0,
2024-03-15,0.041957,selic,2024,3,1,Mar/2024,0.041957,0.0,
2024-03-18,0.041957,selic,2024,3,1,Mar/2024,0.041957,0.0,
2024-03-19,0.041957,selic,2024,3,1,Mar/2024,0.041957,0.0,
2024-03-20,0.041957,selic,2024,3,1,Mar/2024,0.041957,0.0,
2024-03-21,0.040168,selic,2024,3,1,Mar/2024,0.04189736666666667,-4.263889219915629,
2024-03-22,0.040168,selic,2024,3,1,Mar/2024,0.041837733333333335,0.0,
2024-03-25,0.040168,selic,2024,3,1,Mar/2024,0.041778100000000006,0.0,
2024-03-26,0.040168,selic,2024,3,1,Mar/2024,0.04171846666666667,0.0,
2024-03-27,0.040168,selic,2024,3,1,Mar/2024,0.04165883333333333,0.0,
2024-03-28,0.040168,selic,2024,3,1,Mar/2024,0.041599199999999996,0.0,
2024-04-01,0.040168,selic,2024,4,2,Apr/2024,0.041539566666666666,0.0,
2024-04-02,0.040168,selic,2024,4,2,Apr/2024,0.04147993333333333,0.0,
2024-04-03,0.040168,selic,2024,4,2,Apr/2024,0.0414203,0.0,
2024-04-04,0.040168,selic,2024,4,2,Apr/2024,0.04136066666666667,0.0,
2024-04-05,0.040168,selic,2024,4,2,Apr/2024,0.04130103333333334,0.0,
2024-04-08,0.040168,selic,2024,4,2,Apr/2024,0.041241400000000004,0.0,
2024-04-09,0.040168,selic,2024,4,2,Apr/2024,0.04118176666666667,0.0,
2024-04-10,0.040168,selic,2024,4,2,Apr/2024,0.04112213333333334,0.0,
2024-04-11,0.040168,selic,2024,4,2,Apr/2024,0.0410625,0.0,
2024-04-12,0.040168,selic,2024,4,2,Apr/2024,0.041002866666666665,0.0,
2024-04-15,0.040168,selic,2024,4,2,Apr/2024,0.040943233333333336,0.0,
2024-04-16,0.040168,selic,2024,4,2,Apr/2024,0.0408836,0.0,
2024-04-17,0.040168,selic,2024,4,2,Apr/2024,0.04082396666666666,0.0,
2024-04-18,0.040168,selic,2024,4,2,Apr/2024,0.04076433333333333,0.0,
2024-04-19,0.040168,selic,2024,4,2,Apr/2024,0.0407047,0.0,
2024-04-22,0.040168,selic,2024,4,2,Apr/2024,0.040645066666666674,0.0,
2024-04-23,0.040168,selic,2024,4,2,Apr/2024,0.04058543333333334,0.0,
2024-04-24,0.040168,selic,2024,4,2,Apr/2024,0.04052580000000001,0.0,
2024-04-25,0.040168,selic,2024,4,2,Apr/2024,0.04046616666666667,0.0,
2024-04-26,0.040168,selic,2024,4,2,Apr/2024,0.040406533333333335,0.0,
2024-04-29,0.040168,selic,2024,4,2,Apr/2024,0.0403469,0.0,
2024-04-30,0.040168,selic,2024,4,2,Apr/2024,0.04028726666666667,0.0,
2024-05-02,0.040168,selic,2024,5,2,May/2024,0.04022763333333333,0.0,
2024-05-03,0.040168,selic,2024,5,2,May/2024,0.040168,0.0,
2024-05-06,0.040168,selic,2024,5,2,May/2024,0.040168,0.0,
2024-05-07,0.040168,selic,2024,5,2,May/2024,0.040168,0.0,
2024-05-08,0.040168,selic,2024,5,2,May/2024,0.040168,0.0,
2024-05-09,0.03927,selic,2024,5,2,May/2024,0.040138066666666666,-2.2356104361681006,
2024-05-10,0.03927,selic,2024,5,2,May/2024,0.04010813333333334,0.0,
2024-05-13,0.03927,selic,2024,5,2,May/2024,0.0400782,0.0,
2024-05-14,0.03927,selic,2024,5,2,May/2024,0.04004826666666667,0.0,
2024-05-15,0.03927,selic,2024,5,2,May/2024,0.04001833333333334,0.0,
2024-05-16,0.03927,selic,2024,5,2,May/2024,0.0399884,0.0,
2024-05-17,0.03927,selic,2024,5,2,May/2024,0.039958466666666664,0.0,
2024-05-20,0.03927,selic,2024,5,2,May/2024,0.039928533333333335,0.0,
2024-05-21,0.03927,selic,2024,5,2,May/2024,0.0398986,0.0,
2024-05-22,0.03927,selic,2024,5,2,May/2024,0.03986866666666667,0.0,
2024-05-23,0.03927,selic,2024,5,2,May/2024,0.039838733333333334,0.0,
2024-05-24,0.03927,selic,2024,5,2,May/2024,0.0398088,0.0,
2024-05-27,0.03927,selic,2024,5,2,May/2024,0.03977886666666667,0.0,
2024-05-28,0.03927,selic,2024,5,2,May/2024,0.03974893333333333,0.0,
2024-05-29,0.03927,selic,2024,5,2,May/2024,0.039719,0.0,
2024-05-31,0.03927,selic,2024,5,2,May/2024,0.039689066666666675,0.0,
2024-06-03,0.03927,selic,2024,6,2,Jun/2024,0.03965913333333333,0.0,
2024-06-04,0.03927,selic,2024,6,2,Jun/2024,0.0396292,0.0,
2024-06-05,0.03927,selic,2024,6,2,Jun/2024,0.03959926666666667,0.0,
2024-06-06,0.03927,selic,2024,6,2,Jun/2024,0.03956933333333333,0.0,
2024-06-07,0.03927,selic,2024,6,2,Jun/2024,0.0395394,0.0,
2024-06-10,0.03927,selic,2024,6,2,Jun/2024,0.039509466666666666,0.0,
2024-06-11,0.03927,selic,2024,6,2,Jun/2024,0.03947953333333333,0.0,
2024-06-12,0.03927,selic,2024,6,2,Jun/2024,0.0394496,0.0,
2024-06-13,0.03927,selic,2024,6,2,Jun/2024,0.039419666666666665,0.0,
2024-06-14,0.03927,selic,2024,6,2,Jun/2024,0.039389733333333336,0.0,
2024-06-17,0.03927,selic,2024,6,2,Jun/2024,0.03935979999999999,0.0,
2024-06-18,0.03927,selic,2024,6,2,Jun/2024,0.039329866666666664,0.0,
2024-06-19,0.03927,selic,2024,6,2,Jun/2024,0.039299933333333335,0.0,
2024-06-20,0.03927,selic,2024,6,2,Jun/2024,0.03927,0.0,
2024-06-21,0.03927,selic,2024,6,2,Jun/2024,0.03927,0.0,
2024-06-24,0.03927,selic,2024,6,2,Jun/2024,0.03927,0.0,
2024-06-25,0.03927,selic,2024,6,2,Jun/2024,0.03927,0.0,
2024-06-26,0.03927,selic,2024,6,2,Jun/2024,0.03927,0.0,
2024-06-27,0.03927,selic,2024,6,2,Jun/2024,0.03927,0.0,
2024-06-28,0.03927,selic,2024,6,2,Jun/2024,0.03927,0.0,
2024-07-01,0.03927,selic,2024,7,3,Jul/2024,0.03927,0.0,
2024-07-02,0.03927,selic,2024,7,3,Jul/2024,0.03927,0.0,
2024-07-03,0.03927,selic,2024,7,3,Jul/2024,0.03927,0.0,
2024-07-04,0.03927,selic,2024,7,3,Jul/2024,0.03927,0.0,
2024-07-05,0.03927,selic,2024,7,3,Jul/2024,0.03927,0.0,
2024-07-08,0.03927,selic,2024,7,3,Jul/2024,0.03927,0.0,
2024-07-09,0.03927,selic,2024,7,3,Jul/2024,0.03927,0.0,
2024-07-10,0.03927,selic,2024,7,3,Jul/2024,0.03927,0.0,
2024-07-11,0.03927,selic,2024,7,3,Jul/2024,0.03927,0.0,
2024-07-12,0.03927,selic,2024,7,3,Jul/2024,0.03927,0.0,
2024-07-15,0.03927,selic,2024,7,3,Jul/2024,0.03927,0.0,
2024-07-16,0.03927,selic,2024,7,3,Jul/2024,0.03927,0.0,
2024-07-17,0.03927,selic,2024,7,3,Jul/2024,0.03927,0.0,
2024-07-18,0.03927,selic,2024,7,3,Jul/2024,0.03927,0.0,
2024-07-19,0.03927,selic,2024,7,3,Jul/2024,0.03927,0.0,
2024-07-22,0.03927,selic,2024,7,3,Jul/2024,0.03927,0.0,
2024-07-23,0.03927,selic,2024,7,3,Jul/2024,0.03927,0.0,
2024-07-24,0.03927,selic,2024,7,3,Jul/2024,0.03927,0.0,
2024-07-25,0.03927,selic,2024,7,3,Jul/2024,0.03927,0.0,
2024-07-26,0.03927,selic,2024,7,3,Jul/2024,0.03927,0.0,
2024-07-29,0.03927,selic,2024,7,3,Jul/2024,0.03927,0.0,
2024-07-30,0.03927,selic,2024,7,3,Jul/2024,0.03927,0.0,
2024-07-31,0.03927,selic,2024,7,3,Jul/2024,0.03927,0.0,
2024-08-01,0.03927,selic,2024,8,3,Aug/2024,0.03927,0.0,
2024-08-02,0.03927,selic,2024,8,3,Aug/2024,0.03927,0.0,
2024-08-05,0.03927,selic,2024,8,3,Aug/2024,0.03927,0.0,
2024-08-06,0.03927,selic,2024,8,3,Aug/2024,0.03927,0.0,
2024-08-07,0.03927,selic,2024,8,3,Aug/2024,0.03927,0.0,
2024-08-08,0.03927,selic,2024,8,3,Aug/2024,0.03927,0.0,
2024-08-09,0.03927,selic,2024,8,3,Aug/2024,0.03927,0.0,
2024-08-12,0.03927,selic,2024,8,3,Aug/2024,0.03927,0.0,
2024-08-13,0.03927,selic,2024,8,3,Aug/2024,0.03927,0.0,
2024-08-14,0.03927,selic,2024,8,3,Aug/2024,0.03927,0.0,
2024-08-15,0.03927,selic,2024,8,3,Aug/2024,0.03927,0.0,
2024-08-16,0.03927,selic,2024,8,3,Aug/2024,0.03927,0.0,
2024-08-19,0.03927,selic,2024,8,3,Aug/2024,0.03927,0.0,
2024-08-20,0.03927,selic,2024,8,3,Aug/2024,0.03927,0.0,
2024-08-21,0.03927,selic,2024,8,3,Aug/2024,0.03927,0.0,
2024-08-22,0.03927,selic,2024,8,3,Aug/2024,0.03927,0.0,
2024-08-23,0.03927,selic,2024,8,3,Aug/2024,0.03927,0.0,
2024-08-26,0.03927,selic,2024,8,3,Aug/2024,0.03927,0.0,
2024-08-27,0.03927,selic,2024,8,3,Aug/2024,0.03927,0.0,
2024-08-28,0.03927,selic,2024,8,3,Aug/2024,0.03927,0.0,
2024-08-29,0.03927,selic,2024,8,3,Aug/2024,0.03927,0.0,
2024-08-30,0.03927,selic,2024,8,3,Aug/2024,0.03927,0.0,
2024-09-02,0.03927,selic,2024,9,3,Sep/2024,0.03927,0.0,
2024-09-03,0.03927,selic,2024,9,3,Sep/2024,0.03927,0.0,
2024-09-04,0.03927,selic,2024,9,3,Sep/2024,0.03927,0.0,
2024-09-05,0.03927,selic,2024,9,3,Sep/2024,0.03927,0.0,
2024-09-06,0.03927,selic,2024,9,3,Sep/2024,0.03927,0.0,
2024-09-09,0.03927,selic,2024,9,3,Sep/2024,0.03927,0.0,
2024-09-10,0.03927,selic,2024,9,3,Sep/2024,0.03927,0.0,
2024-09-11,0.03927,selic,2024,9,3,Sep/2024,0.03927,0.0,
2024-09-12,0.03927,selic,2024,9,3,Sep/2024,0.03927,0.0,
2024-09-13,0.03927,selic,2024,9,3,Sep/2024,0.03927,0.0,
2024-09-16,0.03927,selic,2024,9,3,Sep/2024,0.03927,0.0,
2024-09-17,0.03927,selic,2024,9,3,Sep/2024,0.03927,0.0,
2024-09-18,0.03927,selic,2024,9,3,Sep/2024,0.03927,0.0,
2024-09-19,0.040168,selic,2024,9,3,Sep/2024,0.039299933333333335,2.286732874968167,
2024-09-20,0.040168,selic,2024,9,3,Sep/2024,0.039329866666666664,0.0,
2024-09-23,0.040168,selic,2024,9,3,Sep/2024,0.03935979999999999,0.0,
2024-09-24,0.040168,selic,2024,9,3,Sep/2024,0.03938973333333333,0.0,
2024-09-25,0.040168,selic,2024,9,3,Sep/2024,0.039419666666666665,0.0,
2024-09-26,0.040168,selic,2024,9,3,Sep/2024,0.0394496,0.0,
2024-09-27,0.040168,selic,2024,9,3,Sep/2024,0.03947953333333334,0.0,
2024-09-30,0.040168,selic,2024,9,3,Sep/2024,0.039509466666666666,0.0,
2024-10-01,0.040168,selic,2024,10,4,Oct/2024,0.0395394,0.0,
2024-10-02,0.040168,selic,2024,10,4,Oct/2024,0.03956933333333333,0.0,
2024-10-03,0.040168,selic,2024,10,4,Oct/2024,0.03959926666666667,0.0,
2024-10-04,0.040168,selic,2024,10,4,Oct/2024,0.0396292,0.0,
2024-10-07,0.040168,selic,2024,10,4,Oct/2024,0.03965913333333333,0.0,
2024-10-08,0.040168,selic,2024,10,4,Oct/2024,0.03968906666666667,0.0,
2024-10-09,0.040168,selic,2024,10,4,Oct/2024,0.039719,0.0,
2024-10-10,0.040168,selic,2024,10,4,Oct/2024,0.03974893333333333,0.0,
2024-10-11,0.040168,selic,2024,10,4,Oct/2024,0.03977886666666667,0.0,
2024-10-14,0.040168,selic,2024,10,4,Oct/2024,0.0398088,0.0,
2024-10-15,0.040168,selic,2024,10,4,Oct/2024,0.039838733333333334,0.0,
2024-10-16,0.040168,selic,2024,10,4,Oct/2024,0.03986866666666667,0.0,
2024-10-17,0.040168,selic,2024,10,4,Oct/2024,0.0398986,0.0,
2024-10-18,0.040168,selic,2024,10,4,Oct/2024,0.039928533333333335,0.0,
2024-10-21,0.040168,selic,2024,10,4,Oct/2024,0.03995846666666667,0.0,
2024-10-22,0.040168,selic,2024,10,4,Oct/2024,0.0399884,0.0,
2024-10-23,0.040168,selic,2024,10,4,Oct/2024,0.040018333333333336,0.0,
2024-10-24,0.040168,selic,2024,10,4,Oct/2024,0.04004826666666667,0.0,
2024-10-25,0.040168,selic,2024,10,4,Oct/2024,0.0400782,0.0,
2024-10-28,0.040168,selic,2024,10,4,Oct/2024,0.04010813333333334,0.0,
2024-10-29,0.040168,selic,2024,10,4,Oct/2024,0.040138066666666666,0.0,
2024-10-30,0.040168,selic,2024,10,4,Oct/2024,0.040168,0.0,
2024-10-31,0.040168,selic,2024,10,4,Oct/2024,0.040168,0.0,
2024-11-01,0.040168,selic,2024,11,4,Nov/2024,0.040168,0.0,
2024-11-04,0.040168,selic,2024,11,4,Nov/2024,0.040168,0.0,
2024-11-05,0.040168,selic,2024,11,4,Nov/2024,0.040168,0.0,
2024-11-06,0.040168,selic,2024,11,4,Nov/2024,0.040168,0.0,
2024-11-07,0.041957,selic,2024,11,4,Nov/2024,0.04022763333333333,4.453794064927297,
2024-11-08,0.041957,selic,2024,11,4,Nov/2024,0.04028726666666667,0.0,
2024-11-11,0.041957,selic,2024,11,4,Nov/2024,0.0403469,0.0,
2024-11-12,0.041957,selic,2024,11,4,Nov/2024,0.040406533333333335,0.0,
2024-11-13,0.041957,selic,2024,11,4,Nov/2024,0.04046616666666667,0.0,
2024-11-14,0.041957,selic,2024,11,4,Nov/2024,0.04052580000000001,0.0,
2024-11-18,0.041957,selic,2024,11,4,Nov/2024,0.04058543333333334,0.0,
2024-11-19,0.041957,selic,2024,11,4,Nov/2024,0.040645066666666674,0.0,
2024-11-21,0.041957,selic,2024,11,4,Nov/2024,0.04070470000000001,0.0,
2024-11-22,0.041957,selic,2024,11,4,Nov/2024,0.04076433333333333,0.0,
2024-11-25,0.041957,selic,2024,11,4,Nov/2024,0.04082396666666666,0.0,
2024-11-26,0.041957,selic,2024,11,4,Nov/2024,0.0408836,0.0,
2024-11-27,0.041957,selic,2024,11,4,Nov/2024,0.040943233333333336,0.0,
2024-11-28,0.041957,selic,2024,11,4,Nov/2024,0.041002866666666665,0.0,
2024-11-29,0.041957,selic,2024,11,4,Nov/2024,0.0410625,0.0,
2024-12-02,0.041957,selic,2024,12,4,Dec/2024,0.04112213333333334,0.0,
2024-12-03,0.041957,selic,2024,12,4,Dec/2024,0.04118176666666667,0.0,
2024-12-04,0.041957,selic,2024,12,4,Dec/2024,0.041241400000000004,0.0,
2024-12-05,0.041957,selic,2024,12,4,Dec/2024,0.04130103333333334,0.0,
2024-12-06,0.041957,selic,2024,12,4,Dec/2024,0.04136066666666667,0.0,
2024-12-09,0.041957,selic,2024,12,4,Dec/2024,0.04142029999999999,0.0,
2024-12-10,0.041957,selic,2024,12,4,Dec/2024,0.04147993333333333,0.0,
2024-12-11,0.041957,selic,2024,12,4,Dec/2024,0.041539566666666666,0.0,
2024-12-12,0.045513,selic,2024,12,4,Dec/2024,0.04171773333333333,8.475343804371139,
2024-12-13,0.045513,selic,2024,12,4,Dec/2024,0.0418959,0.0,
2024-12-16,0.045513,selic,2024,12,4,Dec/2024,0.04207406666666667,0.0,
2024-12-17,0.045513,selic,2024,12,4,Dec/2024,0.04225223333333334,0.0,
2024-12-18,0.045513,selic,2024,12,4,Dec/2024,0.0424304,0.0,
2024-12-19,0.045513,selic,2024,12,4,Dec/2024,0.04260856666666667,0.0,
2024-12-20,0.045513,selic,2024,12,4,Dec/2024,0.04278673333333334,0.0,
2024-12-23,0.045513,selic,2024,12,4,Dec/2024,0.04290526666666667,0.0,
2024-12-24,0.045513,selic,2024,12,4,Dec/2024,0.04302380000000001,0.0,
2024-12-26,0.045513,selic,2024,12,4,Dec/2024,0.04314233333333333,0.0,
2024-12-27,0.045513,selic,2024,12,4,Dec/2024,0.04326086666666666,0.0,
2024-12-30,0.045513,selic,2024,12,4,Dec/2024,0.0433794,0.0,
2024-12-31,0.045513,selic,2024,12,4,Dec/2024,0.04349793333333333,0.0,
2025-01-02,0.045513,selic,2025,1,1,Jan/2025,0.04361646666666666,0.0,
2025-01-03,0.045513,selic,2025,1,1,Jan/2025,0.043734999999999996,0.0,
2025-01-06,0.045513,selic,2025,1,1,Jan/2025,0.04385353333333333,0.0,
2025-01-07,0.045513,selic,2025,1,1,Jan/2025,0.04397206666666667,0.0,
2025-01-08,0.045513,selic,2025,1,1,Jan/2025,0.0440906,0.0,
2025-01-09,0.045513,selic,2025,1,1,Jan/2025,0.04420913333333333,0.0,
2025-01-10,0.045513,selic,2025,1,1,Jan/2025,0.04432766666666667,0.0,
2025-01-13,0.045513,selic,2025,1,1,Jan/2025,0.0444462,0.0,
2025-01-14,0.045513,selic,2025,1,1,Jan/2025,0.04456473333333333,0.0,
2025-01-15,0.045513,selic,2025,1,1,Jan/2025,0.044683266666666666,0.0,
2025-01-16,0.045513,selic,2025,1,1,Jan/2025,0.044801799999999996,0.0,
2025-01-17,0.045513,selic,2025,1,1,Jan/2025,0.04492033333333333,0.0,
2025-01-20,0.045513,selic,2025,1,1,Jan/2025,0.04503886666666666,0.0,
2025-01-21,0.045513,selic,2025,1,1,Jan/2025,0.0451574,0.0,
2025-01-22,0.045513,selic,2025,1,1,Jan/2025,0.04527593333333334,0.0,
2025-01-23,0.045513,selic,2025,1,1,Jan/2025,0.04539446666666667,0.0,
2025-01-24,0.045513,selic,2025,1,1,Jan/2025,0.045513,0.0,
2025-01-27,0.045513,selic,2025,1,1,Jan/2025,0.045513,0.0,
2025-01-28,0.045513,selic,2025,1,1,Jan/2025,0.045513,0.0,
2025-01-29,0.045513,selic,2025,1,1,Jan/2025,0.045513,0.0,
2025-01-30,0.049037,selic,2025,1,1,Jan/2025,0.04563046666666667,7.742842704282293,
2025-01-31,0.049037,selic,2025,1,1,Jan/2025,0.04574793333333334,0.0,
2025-02-03,0.049037,selic,2025,2,1,Feb/2025,0.04586540000000001,0.0,
2025-02-04,0.049037,selic,2025,2,1,Feb/2025,0.045982866666666664,0.0,
2025-02-05,0.049037,selic,2025,2,1,Feb/2025,0.04610033333333333,0.0,
2025-02-06,0.049037,selic,2025,2,1,Feb/2025,0.046217799999999996,0.0,
2025-02-07,0.049037,selic,2025,2,1,Feb/2025,0.046335266666666666,0.0,
2025-02-10,0.049037,selic,2025,2,1,Feb/2025,0.046452733333333336,0.0,
2025-02-11,0.049037,selic,2025,2,1,Feb/2025,0.0465702,0.0,
2025-02-12,0.049037,selic,2025,2,1,Feb/2025,0.04668766666666667,0.0,
2025-02-13,0.049037,selic,2025,2,1,Feb/2025,0.04680513333333334,0.0,
2025-02-14,0.049037,selic,2025,2,1,Feb/2025,0.0469226,0.0,
2025-02-17,0.049037,selic,2025,2,1,Feb/2025,0.04704006666666667,0.0,
2025-02-18,0.049037,selic,2025,2,1,Feb/2025,0.04715753333333333,0.0,
2025-02-19,0.049037,selic,2025,2,1,Feb/2025,0.047275,0.0,
2025-02-20,0.049037,selic,2025,2,1,Feb/2025,0.04739246666666667,0.0,
2025-02-21,0.049037,selic,2025,2,1,Feb/2025,0.04750993333333333,0.0,
2025-02-24,0.049037,selic,2025,2,1,Feb/2025,0.0476274,0.0,
2025-02-25,0.049037,selic,2025,2,1,Feb/2025,0.04774486666666667,0.0,
2025-02-26,0.049037,selic,2025,2,1,Feb/2025,0.04786233333333333,0.0,
2025-02-27,0.049037,selic,2025,2,1,Feb/2025,0.0479798,0.0,
2025-02-28,0.049037,selic,2025,2,1,Feb/2025,0.048097266666666666,0.0,
2025-03-05,0.049037,selic,2025,3,1,Mar/2025,0.048214733333333336,0.0,
2025-03-06,0.049037,selic,2025,3,1,Mar/2025,0.048332200000000006,0.0,
2025-03-07,0.049037,selic,2025,3,1,Mar/2025,0.04844966666666666,0.0,
2025-03-10,0.049037,selic,2025,3,1,Mar/2025,0.04856713333333333,0.0,
2025-03-11,0.049037,selic,2025,3,1,Mar/2025,0.0486846,0.0,
2025-03-12,0.049037,selic,2025,3,1,Mar/2025,0.048802066666666664,0.0,
2025-03-13,0.049037,selic,2025,3,1,Mar/2025,0.048919533333333334,0.0,
2025-03-14,0.049037,selic,2025,3,1,Mar/2025,0.049037,0.0,
2025-03-17,0.049037,selic,2025,3,1,Mar/2025,0.049037,0.0,
2025-03-18,0.049037,selic,2025,3,1,Mar/2025,0.049037,0.0,
2025-03-19,0.049037,selic,2025,3,1,Mar/2025,0.049037,0.0,
2025-03-20,0.052531,selic,2025,3,1,Mar/2025,0.04915346666666666,7.125231967697876,
2025-03-21,0.052531,selic,2025,3,1,Mar/2025,0.04926993333333333,0.0,
2025-03-24,0.052531,selic,2025,3,1,Mar/2025,0.04938639999999999,0.0,
2025-03-25,0.052531,selic,2025,3,1,Mar/2025,0.049502866666666666,0.0,
2025-03-26,0.052531,selic,2025,3,1,Mar/2025,0.04961933333333333,0.0,
2025-03-27,0.052531,selic,2025,3,1,Mar/2025,0.0497358,0.0,
2025-03-28,0.052531,selic,2025,3,1,Mar/2025,0.04985226666666666,0.0,
2025-03-31,0.052531,selic,2025,3,1,Mar/2025,0.04996873333333333,0.0,
2025-04-01,0.052531,selic,2025,4,2,Apr/2025,0.05008519999999999,0.0,
2025-04-02,0.052531,selic,2025,4,2,Apr/2025,0.050201666666666665,0.0,
2025-04-03,0.052531,selic,2025,4,2,Apr/2025,0.05031813333333333,0.0,
2025-04-04,0.052531,selic,2025,4,2,Apr/2025,0.050434599999999996,0.0,
2025-04-07,0.052531,selic,2025,4,2,Apr/2025,0.05055106666666666,0.0,
2025-04-08,0.052531,selic,2025,4,2,Apr/2025,0.05066753333333333,0.0,
2025-04-09,0.052531,selic,2025,4,2,Apr/2025,0.050784,0.0,
2025-04-10,0.052531,selic,2025,4,2,Apr/2025,0.050900466666666665,0.0,
2025-04-11,0.052531,selic,2025,4,2,Apr/2025,0.051016933333333334,0.0,
2025-04-14,0.052531,selic,2025,4,2,Apr/2025,0.051133399999999996,0.0,
2025-04-15,0.052531,selic,2025,4,2,Apr/2025,0.051249866666666664,0.0,
2025-04-16,0.052531,selic,2025,4,2,Apr/2025,0.051366333333333326,0.0,
2025-04-17,0.052531,selic,2025,4,2,Apr/2025,0.0514828,0.0,
2025-04-22,0.052531,selic,2025,4,2,Apr/2025,0.051599266666666664,0.0,
2025-04-23,0.052531,selic,2025,4,2,Apr/2025,0.05171573333333333,0.0,
2025-04-24,0.052531,selic,2025,4,2,Apr/2025,0.051832199999999995,0.0,
2025-04-25,0.052531,selic,2025,4,2,Apr/2025,0.051948666666666664,0.0,
2025-04-28,0.052531,selic,2025,4,2,Apr/2025,0.052065133333333326,0.0,
2025-04-29,0.052531,selic,2025,4,2,Apr/2025,0.0521816,0.0,
2025-04-30,0.052531,selic,2025,4,2,Apr/2025,0.052298066666666664,0.0,
2025-05-02,0.052531,selic,2025,5,2,May/2025,0.05241453333333333,0.0,
2025-05-05,0.052531,selic,2025,5,2,May/2025,0.052531,0.0,
2025-05-06,0.052531,selic,2025,5,2,May/2025,0.052531,0.0,
2025-05-07,0.052531,selic,2025,5,2,May/2025,0.052531,0.0,
2025-05-08,0.054266,selic,2025,5,2,May/2025,0.052588833333333335,3.3028116731073087,
2025-05-09,0.054266,selic,2025,5,2,May/2025,0.05264666666666666,0.0,
2025-05-12,0.054266,selic,2025,5,2,May/2025,0.05270450000000001,0.0,
2025-05-13,0.054266,selic,2025,5,2,May/2025,0.052762333333333335,0.0,
2025-05-14,0.054266,selic,2025,5,2,May/2025,0.05282016666666667,0.0,
2025-05-15,0.054266,selic,2025,5,2,May/2025,0.052878,0.0,
2025-05-16,0.054266,selic,2025,5,2,May/2025,0.052935833333333335,0.0,
2025-05-19,0.054266,selic,2025,5,2,May/2025,0.05299366666666667,0.0,
2025-05-20,0.054266,selic,2025,5,2,May/2025,0.05305150000000001,0.0,
2025-05-21,0.054266,selic,2025,5,2,May/2025,0.053109333333333335,0.0,
2025-05-22,0.054266,selic,2025,5,2,May/2025,0.05316716666666667,0.0,
2025-05-23,0.054266,selic,2025,5,2,May/2025,0.053225,0.0,
2025-05-26,0.054266,selic,2025,5,2,May/2025,0.05328283333333333,0.0,
2025-05-27,0.054266,selic,2025,5,2,May/2025,0.05334066666666667,0.0,
2025-05-28,0.054266,selic,2025,5,2,May/2025,0.0533985,0.0,
2025-05-29,0.054266,selic,2025,5,2,May/2025,0.053456333333333335,0.0,
2025-05-30,0.054266,selic,2025,5,2,May/2025,0.05351416666666666,0.0,
2025-06-02,0.054266,selic,2025,6,2,Jun/2025,0.053572,0.0,
2025-06-03,0.054266,selic,2025,6,2,Jun/2025,0.053629833333333335,0.0,
2025-06-04,0.054266,selic,2025,6,2,Jun/2025,0.05368766666666667,0.0,
2025-06-05,0.054266,selic,2025,6,2,Jun/2025,0.0537455,0.0,
2025-06-06,0.054266,selic,2025,6,2,Jun/2025,0.053803333333333335,0.0,
2025-06-09,0.054266,selic,2025,6,2,Jun/2025,0.05386116666666666,0.0,
2025-06-10,0.054266,selic,2025,6,2,Jun/2025,0.05391900000000001,0.0,
2025-06-11,0.054266,selic,2025,6,2,Jun/2025,0.053976833333333335,0.0,
2025-06-12,0.054266,selic,2025,6,2,Jun/2025,0.054034666666666675,0.0,
2025-06-13,0.054266,selic,2025,6,2,Jun/2025,0.0540925,0.0,
2025-06-16,0.054266,selic,2025,6,2,Jun/2025,0.054150333333333335,0.0,
2025-06-17,0.054266,selic,2025,6,2,Jun/2025,0.054208166666666675,0.0,
2025-06-18,0.054266,selic,2025,6,2,Jun/2025,0.054266,0.0,
2025-06-20,0.055131,selic,2025,6,2,Jun/2025,0.054294833333333334,1.5939999262890137,
2025-06-23,0.055131,selic,2025,6,2,Jun/2025,0.05432366666666667,0.0,
2025-06-24,0.055131,selic,2025,6,2,Jun/2025,0.0543525,0.0,
2025-06-25,0.055131,selic,2025,6,2,Jun/2025,0.05438133333333333,0.0,
2025-06-26,0.055131,selic,2025,6,2,Jun/2025,0.05441016666666667,0.0,
2025-06-27,0.055131,selic,2025,6,2,Jun/2025,0.054439,0.0,
2025-06-30,0.055131,selic,2025,6,2,Jun/2025,0.05446783333333334,0.0,
2025-07-01,0.055131,selic,2025,7,3,Jul/2025,0.054496666666666665,0.0,
2025-07-02,0.055131,selic,2025,7,3,Jul/2025,0.0545255,0.0,
2025-07-03,0.055131,selic,2025,7,3,Jul/2025,0.05455433333333334,0.0,
2025-07-04,0.055131,selic,2025,7,3,Jul/2025,0.05458316666666667,0.0,
2025-07-07,0.055131,selic,2025,7,3,Jul/2025,0.054612,0.0,
2025-07-08,0.055131,selic,2025,7,3,Jul/2025,0.05464083333333333,0.0,
2025-07-09,0.055131,selic,2025,7,3,Jul/2025,0.054669666666666665,0.0,
2025-07-10,0.055131,selic,2025,7,3,Jul/2025,0.0546985,0.0,
2025-07-11,0.055131,selic,2025,7,3,Jul/2025,0.054727333333333336,0.0,
2025-07-14,0.055131,selic,2025,7,3,Jul/2025,0.054756166666666675,0.0,
2025-07-15,0.055131,selic,2025,7,3,Jul/2025,0.05478499999999999,0.0,
2025-07-16,0.055131,selic,2025,7,3,Jul/2025,0.05481383333333333,0.0,
2025-07-17,0.055131,selic,2025,7,3,Jul/2025,0.05484266666666667,0.0,
2025-07-18,0.055131,selic,2025,7,3,Jul/2025,0.0548715,0.0,
2025-07-21,0.055131,selic,2025,7,3,Jul/2025,0.054900333333333336,0.0,
2025-07-22,0.055131,selic,2025,7,3,Jul/2025,0.054929166666666675,0.0,
2025-07-23,0.055131,selic,2025,7,3,Jul/2025,0.05495799999999999,0.0,
2025-07-24,0.055131,selic,2025,7,3,Jul/2025,0.05498683333333333,0.0,
2025-07-25,0.055131,selic,2025,7,3,Jul/2025,0.05501566666666667,0.0,
2025-07-28,0.055131,selic,2025,7,3,Jul/2025,0.0550445,0.0,
2025-07-29,0.055131,selic,2025,7,3,Jul/2025,0.055073333333333335,0.0,
2025-07-30,0.055131,selic,2025,7,3,Jul/2025,0.05510216666666666,0.0,
2025-07-31,0.055131,selic,2025,7,3,Jul/2025,0.055131,0.0,
2025-08-01,0.055131,selic,2025,8,3,Aug/2025,0.055131,0.0,
2025-08-04,0.055131,selic,2025,8,3,Aug/2025,0.055131,0.0,
2025-08-05,0.055131,selic,2025,8,3,Aug/2025,0.055131,0.0,
2025-08-06,0.055131,selic,2025,8,3,Aug/2025,0.055131,0.0,
2025-08-07,0.055131,selic,2025,8,3,Aug/2025,0.055131,0.0,
2025-08-08,0.055131,selic,2025,8,3,Aug/2025,0.055131,0.0,
2025-08-11,0.055131,selic,2025,8,3,Aug/2025,0.055131,0.0,
2025-08-12,0.055131,selic,2025,8,3,Aug/2025,0.055131,0.0,
2025-08-13,0.055131,selic,2025,8,3,Aug/2025,0.055131,0.0,
2025-08-14,0.055131,selic,2025,8,3,Aug/2025,0.055131,0.0,
2025-08-15,0.055131,selic,2025,8,3,Aug/2025,0.055131,0.0,
2025-08-18,0.055131,selic,2025,8,3,Aug/2025,0.055131,0.0,
2025-08-19,0.055131,selic,2025,8,3,Aug/2025,0.055131,0.0,
2025-08-20,0.055131,selic,2025,8,3,Aug/2025,0.055131,0.0,
2025-08-21,0.055131,selic,2025,8,3,Aug/2025,0.055131,0.0,
2025-08-22,0.055131,selic,2025,8,3,Aug/2025,0.055131,0.0,
2025-08-25,0.055131,selic,2025,8,3,Aug/2025,0.055131,0.0,
2025-08-26,0.055131,selic,2025,8,3,Aug/2025,0.055131,0.0,
2025-08-27,0.055131,selic,2025,8,3,Aug/2025,0.055131,0.0,
2025-08-28,0.055131,selic,2025,8,3,Aug/2025,0.055131,0.0,
2025-08-29,0.055131,selic,2025,8,3,Aug/2025,0.055131,0.0,
2025-09-01,0.055131,selic,2025,9,3,Sep/2025,0.055131,0.0,
2025-09-02,0.055131,selic,2025,9,3,Sep/2025,0.055131,0.0,
2025-09-03,0.055131,selic,2025,9,3,Sep/2025,0.055131,0.0,
2025-09-04,0.055131,selic,2025,9,3,Sep/2025,0.055131,0.0,
2025-09-05,0.055131,selic,2025,9,3,Sep/2025,0.055131,0.0,
2025-09-08,0.055131,selic,2025,9,3,Sep/2025,0.055131,0.0,
2025-09-09,0.055131,selic,2025,9,3,Sep/2025,0.055131,0.0,
2025-09-10,0.055131,selic,2025,9,3,Sep/2025,0.055131,0.0,
2025-09-11,0.055131,selic,2025,9,3,Sep/2025,0.055131,0.0,
2025-09-12,0.055131,selic,2025,9,3,Sep/2025,0.055131,0.0,
2025-09-15,0.055131,selic,2025,9,3,Sep/2025,0.055131,0.0,
2025-09-16,0.055131,selic,2025,9,3,Sep/2025,0.055131,0.0,
2025-09-17,0.055131,selic,2025,9,3,Sep/2025,0.055131,0.0,
2025-09-18,0.055131,selic,2025,9,3,Sep/2025,0.055131,0.0,
2025-09-19,0.055131,selic,2025,9,3,Sep/2025,0.055131,0.0,
2025-09-22,0.055131,selic,2025,9,3,Sep/2025,0.055131,0.0,
2025-09-23,0.055131,selic,2025,9,3,Sep/2025,0.055131,0.0,
2025-09-24,0.055131,selic,2025,9,3,Sep/2025,0.055131,0.0,
2025-09-25,0.055131,selic,2025,9,3,Sep/2025,0.055131,0.0,
2025-09-26,0.055131,selic,2025,9,3,Sep/2025,0.055131,0.0,
2025-09-29,0.055131,selic,2025,9,3,Sep/2025,0.055131,0.0,
2025-09-30,0.055131,selic,2025,9,3,Sep/2025,0.055131,0.0,
2025-10-01,0.055131,selic,2025,10,4,Oct/2025,0.055131,0.0,
2025-10-02,0.055131,selic,2025,10,4,Oct/2025,0.055131,0.0,
2025-10-03,0.055131,selic,2025,10,4,Oct/2025,0.055131,0.0,
2025-10-06,0.055131,selic,2025,10,4,Oct/2025,0.055131,0.0,
2025-10-07,0.055131,selic,2025,10,4,Oct/2025,0.055131,0.0,
2025-10-08,0.055131,selic,2025,10,4,Oct/2025,0.055131,0.0,
2025-10-09,0.055131,selic,2025,10,4,Oct/2025,0.055131,0.0,
2025-10-10,0.055131,selic,2025,10,4,Oct/2025,0.055131,0.0,
2025-10-13,0.055131,selic,2025,10,4,Oct/2025,0.055131,0.0,
2025-10-14,0.055131,selic,2025,10,4,Oct/2025,0.055131,0.0,
2025-10-15,0.055131,selic,2025,10,4,Oct/2025,0.055131,0.0,
2025-10-16,0.055131,selic,2025,10,4,Oct/2025,0.055131,0.0,
2025-10-17,0.055131,selic,2025,10,4,Oct/2025,0.055131,0.0,
2025-10-20,0.055131,selic,2025,10,4,Oct/2025,0.055131,0.0,
2025-10-21,0.055131,selic,2025,10,4,Oct/2025,0.055131,0.0,
2025-10-22,0.055131,selic,2025,10,4,Oct/2025,0.055131,0.0,
2025-10-23,0.055131,selic,2025,10,4,Oct/2025,0.055131,0.0,
2025-10-24,0.055131,selic,2025,10,4,Oct/2025,0.055131,0.0,
2025-10-27,0.055131,selic,2025,10,4,Oct/2025,0.055131,0.0,
2025-10-28,0.055131,selic,2025,10,4,Oct/2025,0.055131,0.0,
2025-10-29,0.055131,selic,2025,10,4,Oct/2025,0.055131,0.0,
2025-10-30,0.055131,selic,2025,10,4,Oct/2025,0.055131,0.0,
2025-10-31,0.055131,selic,2025,10,4,Oct/2025,0.055131,0.0,
2025-11-03,0.055131,selic,2025,11,4,Nov/2025,0.055131,0.0,
2025-11-04,0.055131,selic,2025,11,4,Nov/2025,0.055131,0.0,
2025-11-05,0.055131,selic,2025,11,4,Nov/2025,0.055131,0.0,
2025-11-06,0.055131,selic,2025,11,4,Nov/2025,0.055131,0.0,
2025-11-07,0.055131,selic,2025,11,4,Nov/2025,0.055131,0.0,
2025-11-10,0.055131,selic,2025,11,4,Nov/2025,0.055131,0.0,
2025-11-11,0.055131,selic,2025,11,4,Nov/2025,0.055131,0.0,
2025-11-12,0.055131,selic,2025,11,4,Nov/2025,0.055131,0.0,
2025-11-13,0.055131,selic,2025,11,4,Nov/2025,0.055131,0.0,
2025-11-14,0.055131,selic,2025,11,4,Nov/2025,0.055131,0.0,
2025-11-17,0.055131,selic,2025,11,4,Nov/2025,0.055131,0.0,
2025-11-18,0.055131,selic,2025,11,4,Nov/2025,0.055131,0.0,
2025-11-19,0.055131,selic,2025,11,4,Nov/2025,0.055131,0.0,
2025-11-21,0.055131,selic,2025,11,4,Nov/2025,0.055131,0.0,
2025-11-24,0.055131,selic,2025,11,4,Nov/2025,0.055131,0.0,
2025-11-25,0.055131,selic,2025,11,4,Nov/2025,0.055131,0.0,
2025-11-26,0.055131,selic,2025,11,4,Nov/2025,0.055131,0.0,
2025-11-27,0.055131,selic,2025,11,4,Nov/2025,0.055131,0.0,
2025-11-28,0.055131,selic,2025,11,4,Nov/2025,0.055131,0.0,
2025-12-01,0.055131,selic,2025,12,4,Dec/2025,0.055131,0.0,
2025-12-02,0.055131,selic,2025,12,4,Dec/2025,0.055131,0.0,
2025-12-03,0.055131,selic,2025,12,4,Dec/2025,0.055131,0.0,
2025-12-04,0.055131,selic,2025,12,4,Dec/2025,0.055131,0.0,
2025-12-05,0.055131,selic,2025,12,4,Dec/2025,0.055131,0.0,
2025-12-08,0.055131,selic,2025,12,4,Dec/2025,0.055131,0.0,
2025-12-09,0.055131,selic,2025,12,4,Dec/2025,0.055131,0.0,
2025-12-10,0.055131,selic,2025,12,4,Dec/2025,0.055131,0.0,
2025-12-11,0.055131,selic,2025,12,4,Dec/2025,0.055131,0.0,
2025-12-12,0.055131,selic,2025,12,4,Dec/2025,0.055131,0.0,
2025-12-15,0.055131,selic,2025,12,4,Dec/2025,0.055131,0.0,
2025-12-16,0.055131,selic,2025,12,4,Dec/2025,0.055131,0.0,
2025-12-17,0.055131,selic,2025,12,4,Dec/2025,0.055131,0.0,
2025-12-18,0.055131,selic,2025,12,4,Dec/2025,0.055131,0.0,
2025-12-19,0.055131,selic,2025,12,4,Dec/2025,0.055131,0.0,
2025-12-22,0.055131,selic,2025,12,4,Dec/2025,0.055131,0.0,
2025-12-23,0.055131,selic,2025,12,4,Dec/2025,0.055131,0.0,
2025-12-24,0.055131,selic,2025,12,4,Dec/2025,0.055131,0.0,
2025-12-26,0.055131,selic,2025,12,4,Dec/2025,0.055131,0.0,
2025-12-29,0.055131,selic,2025,12,4,Dec/2025,0.055131,0.0,
2025-12-30,0.055131,selic,2025,12,4,Dec/2025,0.055131,0.0,
2025-12-31,0.055131,selic,2025,12,4,Dec/2025,0.055131,0.0,
2026-01-02,0.055131,selic,2026,1,1,Jan/2026,0.055131,0.0,
2026-01-05,0.055131,selic,2026,1,1,Jan/2026,0.055131,0.0,
2026-01-06,0.055131,selic,2026,1,1,Jan/2026,0.055131,0.0,
2026-01-07,0.055131,selic,2026,1,1,Jan/2026,0.055131,0.0,
2026-01-08,0.055131,selic,2026,1,1,Jan/2026,0.055131,0.0,
2026-01-09,0.055131,selic,2026,1,1,Jan/2026,0.055131,0.0,
2026-01-12,0.055131,selic,2026,1,1,Jan/2026,0.055131,0.0,
2026-01-13,0.055131,selic,2026,1,1,Jan/2026,0.055131,0.0,
2026-01-14,0.055131,selic,2026,1,1,Jan/2026,0.055131,0.0,
2026-01-15,0.055131,selic,2026,1,1,Jan/2026,0.055131,0.0,
2026-01-16,0.055131,selic,2026,1,1,Jan/2026,0.055131,0.0,
2026-01-19,0.055131,selic,2026,1,1,Jan/2026,0.055131,0.0,
2026-01-20,0.055131,selic,2026,1,1,Jan/2026,0.055131,0.0,
2026-01-21,0.055131,selic,2026,1,1,Jan/2026,0.055131,0.0,
2026-01-22,0.055131,selic,2026,1,1,Jan/2026,0.055131,0.0,
2026-01-23,0.055131,selic,2026,1,1,Jan/2026,0.055131,0.0,
2026-01-26,0.055131,selic,2026,1,1,Jan/2026,0.055131,0.0,
2026-01-27,0.055131,selic,2026,1,1,Jan/2026,0.055131,0.0,
2026-01-28,0.055131,selic,2026,1,1,Jan/2026,0.055131,0.0,
2026-01-29,0.055131,selic,2026,1,1,Jan/2026,0.055131,0.0,
2026-01-30,0.055131,selic,2026,1,1,Jan/2026,0.055131,0.0,
2026-02-02,0.055131,selic,2026,2,1,Feb/2026,0.055131,0.0,
2026-02-03,0.055131,selic,2026,2,1,Feb/2026,0.055131,0.0,
2026-02-04,0.055131,selic,2026,2,1,Feb/2026,0.055131,0.0,
2026-02-05,0.055131,selic,2026,2,1,Feb/2026,0.055131,0.0,
2026-02-06,0.055131,selic,2026,2,1,Feb/2026,0.055131,0.0,
2026-02-09,0.055131,selic,2026,2,1,Feb/2026,0.055131,0.0,
2026-02-10,0.055131,selic,2026,2,1,Feb/2026,0.055131,0.0,
2026-02-11,0.055131,selic,2026,2,1,Feb/2026,0.055131,0.0,
2026-02-12,0.055131,selic,2026,2,1,Feb/2026,0.055131,0.0,
2026-02-13,0.055131,selic,2026,2,1,Feb/2026,0.055131,0.0,
2026-02-18,0.055131,selic,2026,2,1,Feb/2026,0.055131,0.0,
2026-02-19,0.055131,selic,2026,2,1,Feb/2026,0.055131,0.0,
2026-02-20,0.055131,selic,2026,2,1,Feb/2026,0.055131,0.0,
2026-02-23,0.055131,selic,2026,2,1,Feb/2026,0.055131,0.0,
2026-02-24,0.055131,selic,2026,2,1,Feb/2026,0.055131,0.0,
2026-02-25,0.055131,selic,2026,2,1,Feb/2026,0.055131,0.0,
2026-02-26,0.055131,selic,2026,2,1,Feb/2026,0.055131,0.0,
2026-02-27,0.055131,selic,2026,2,1,Feb/2026,0.055131,0.0,
2026-03-02,0.055131,selic,2026,3,1,Mar/2026,0.055131,0.0,
2026-03-03,0.055131,selic,2026,3,1,Mar/2026,0.055131,0.0,
2026-03-04,0.055131,selic,2026,3,1,Mar/2026,0.055131,0.0,
2026-03-05,0.055131,selic,2026,3,1,Mar/2026,0.055131,0.0,
2026-03-06,0.055131,selic,2026,3,1,Mar/2026,0.055131,0.0,
2026-03-09,0.055131,selic,2026,3,1,Mar/2026,0.055131,0.0,
2026-03-10,0.055131,selic,2026,3,1,Mar/2026,0.055131,0.0,
2026-03-11,0.055131,selic,2026,3,1,Mar/2026,0.055131,0.0,
2026-03-12,0.055131,selic,2026,3,1,Mar/2026,0.055131,0.0,
2026-03-13,0.055131,selic,2026,3,1,Mar/2026,0.055131,0.0,
2026-03-16,0.055131,selic,2026,3,1,Mar/2026,0.055131,0.0,
2026-03-17,0.055131,selic,2026,3,1,Mar/2026,0.055131,0.0,
2026-03-18,0.055131,selic,2026,3,1,Mar/2026,0.055131,0.0,
2026-03-19,0.054266,selic,2026,3,1,Mar/2026,0.05510216666666667,-1.5689902232863484,
2026-03-20,0.054266,selic,2026,3,1,Mar/2026,0.05507333333333333,0.0,
2026-03-23,0.054266,selic,2026,3,1,Mar/2026,0.05504449999999999,0.0,
2026-03-24,0.054266,selic,2026,3,1,Mar/2026,0.05501566666666667,0.0,
2026-03-25,0.054266,selic,2026,3,1,Mar/2026,0.05498683333333333,0.0,
2026-03-26,0.054266,selic,2026,3,1,Mar/2026,0.054958,0.0,
2026-03-27,0.054266,selic,2026,3,1,Mar/2026,0.05492916666666667,0.0,
2026-03-30,0.054266,selic,2026,3,1,Mar/2026,0.05490033333333333,0.0,
2026-03-31,0.054266,selic,2026,3,1,Mar/2026,0.054871500000000004,0.0,
2026-04-01,0.054266,selic,2026,4,2,Apr/2026,0.05484266666666667,0.0,
2026-04-02,0.054266,selic,2026,4,2,Apr/2026,0.05481383333333333,0.0,
2026-04-06,0.054266,selic,2026,4,2,Apr/2026,0.054785,0.0,
2026-04-07,0.054266,selic,2026,4,2,Apr/2026,0.05475616666666667,0.0,
2026-04-08,0.054266,selic,2026,4,2,Apr/2026,0.054727333333333336,0.0,
2026-04-09,0.054266,selic,2026,4,2,Apr/2026,0.054698500000000004,0.0,
2026-04-10,0.054266,selic,2026,4,2,Apr/2026,0.054669666666666665,0.0,
2026-04-13,0.054266,selic,2026,4,2,Apr/2026,0.05464083333333333,0.0,
2026-04-14,0.054266,selic,2026,4,2,Apr/2026,0.054612,0.0,
2026-04-15,0.054266,selic,2026,4,2,Apr/2026,0.05458316666666667,0.0,
2026-04-16,0.054266,selic,2026,4,2,Apr/2026,0.05455433333333334,0.0,
2026-04-17,0.054266,selic,2026,4,2,Apr/2026,0.054525500000000005,0.0,
2026-04-20,0.054266,selic,2026,4,2,Apr/2026,0.054496666666666665,0.0,
2026-04-22,0.054266,selic,2026,4,2,Apr/2026,0.05446783333333333,0.0,
2026-04-23,0.054266,selic,2026,4,2,Apr/2026,0.054439,0.0,
2026-04-24,0.054266,selic,2026,4,2,Apr/2026,0.05441016666666667,0.0,
2026-04-27,0.054266,selic,2026,4,2,Apr/2026,0.05438133333333333,0.0,
2026-04-28,0.054266,selic,2026,4,2,Apr/2026,0.054352500000000005,0.0,
2026-04-29,0.054266,selic,2026,4,2,Apr/2026,0.054323666666666666,0.0,
2026-04-30,0.0534,selic,2026,4,2,Apr/2026,0.05426596666666667,-1.595842700770278,
2026-05-04,0.0534,selic,2026,5,2,May/2026,0.05420826666666667,0.0,
2026-05-05,0.0534,selic,2026,5,2,May/2026,0.0541794,0.0,
2026-05-06,0.0534,selic,2026,5,2,May/2026,0.054150533333333334,0.0,
2026-05-07,0.0534,selic,2026,5,2,May/2026,0.05412166666666667,0.0,
2026-05-08,0.0534,selic,2026,5,2,May/2026,0.0540928,0.0,
2026-05-11,0.0534,selic,2026,5,2,May/2026,0.05406393333333334,0.0,
2026-05-12,0.0534,selic,2026,5,2,May/2026,0.05403506666666667,0.0,
2026-05-13,0.0534,selic,2026,5,2,May/2026,0.054006200000000004,0.0,
2026-05-14,0.0534,selic,2026,5,2,May/2026,0.053977333333333335,0.0,
2026-05-15,0.0534,selic,2026,5,2,May/2026,0.05394846666666667,0.0,
2026-05-18,0.0534,selic,2026,5,2,May/2026,0.0539196,0.0,
2026-05-19,0.0534,selic,2026,5,2,May/2026,0.05389073333333334,0.0,
2026-05-20,0.0534,selic,2026,5,2,May/2026,0.05386186666666667,0.0,
2026-05-21,0.0534,selic,2026,5,2,May/2026,0.053833000000000006,0.0,
2026-05-22,0.0534,selic,2026,5,2,May/2026,0.05380413333333334,0.0,
2026-05-25,0.0534,selic,2026,5,2,May/2026,0.05377526666666667,0.0,
2026-05-26,0.0534,selic,2026,5,2,May/2026,0.0537464,0.0,
2026-05-27,0.0534,selic,2026,5,2,May/2026,0.05371753333333334,0.0,
2026-05-28,0.0534,selic,2026,5,2,May/2026,0.05368866666666667,0.0,
2026-05-29,0.0534,selic,2026,5,2,May/2026,0.05365980000000001,0.0,
2026-06-01,0.0534,selic,2026,6,2,Jun/2026,0.05363093333333334,0.0,
2026-06-02,0.0534,selic,2026,6,2,Jun/2026,0.05360206666666667,0.0,
2026-06-03,0.0534,selic,2026,6,2,Jun/2026,0.0535732,0.0,
2026-06-05,0.0534,selic,2026,6,2,Jun/2026,0.05354433333333334,0.0,
2026-06-08,0.0534,selic,2026,6,2,Jun/2026,0.053515466666666664,0.0,
2026-06-09,0.0534,selic,2026,6,2,Jun/2026,0.05348660000000001,0.0,
2026-06-10,0.0534,selic,2026,6,2,Jun/2026,0.05345773333333334,0.0,
2026-06-11,0.0534,selic,2026,6,2,Jun/2026,0.05342886666666667,0.0,
2026-06-12,0.0534,selic,2026,6,2,Jun/2026,0.0534,0.0,
2026-06-15,0.0534,selic,2026,6,2,Jun/2026,0.0534,0.0,
2026-06-16,0.0534,selic,2026,6,2,Jun/2026,0.0534,0.0,
2026-06-17,0.0534,selic,2026,6,2,Jun/2026,0.0534,0.0,
2026-06-18,0.052531,selic,2026,6,2,Jun/2026,0.05337103333333334,-1.627340823970036,
2026-06-19,0.052531,selic,2026,6,2,Jun/2026,0.05334206666666667,0.0,
2026-06-22,0.052531,selic,2026,6,2,Jun/2026,0.0533131,0.0,
2026-06-23,0.052531,selic,2026,6,2,Jun/2026,0.05328413333333334,0.0,
2026-06-24,0.052531,selic,2026,6,2,Jun/2026,0.053255166666666666,0.0,
2026-06-25,0.052531,selic,2026,6,2,Jun/2026,0.0532262,0.0,
2026-06-26,0.052531,selic,2026,6,2,Jun/2026,0.05319723333333334,0.0,
2026-06-29,0.052531,selic,2026,6,2,Jun/2026,0.053168266666666665,0.0,
2026-06-30,0.052531,selic,2026,6,2,Jun/2026,0.0531393,0.0,
2026-07-01,0.052531,selic,2026,7,3,Jul/2026,0.053110333333333336,0.0,
2026-07-02,0.052531,selic,2026,7,3,Jul/2026,0.053081366666666664,0.0,
2026-07-03,0.052531,selic,2026,7,3,Jul/2026,0.0530524,0.0,
2026-07-06,0.052531,selic,2026,7,3,Jul/2026,0.053023433333333335,0.0,
2026-07-07,0.052531,selic,2026,7,3,Jul/2026,0.05299446666666666,0.0,
2026-07-08,0.052531,selic,2026,7,3,Jul/2026,0.052965500000000006,0.0,
2026-07-09,0.052531,selic,2026,7,3,Jul/2026,0.052936533333333334,0.0,
2026-07-10,0.052531,selic,2026,7,3,Jul/2026,0.05290756666666667,0.0,
2026-07-13,0.052531,selic,2026,7,3,Jul/2026,0.0528786,0.0,
2026-07-14,0.052531,selic,2026,7,3,Jul/2026,0.05284963333333334,0.0,
2026-07-15,0.052531,selic,2026,7,3,Jul/2026,0.05282066666666666,0.0,
2026-07-16,0.052531,selic,2026,7,3,Jul/2026,0.052791700000000004,0.0,
2026-07-17,0.052531,selic,2026,7,3,Jul/2026,0.05276273333333333,0.0,
2026-07-20,0.052531,selic,2026,7,3,Jul/2026,0.05273376666666667,0.0,
2026-07-21,0.052531,selic,2026,7,3,Jul/2026,0.052704799999999996,0.0,
2026-07-22,0.052531,selic,2026,7,3,Jul/2026,0.05267583333333334,0.0,
2026-07-23,0.052531,selic,2026,7,3,Jul/2026,0.05264686666666666,0.0,
2026-07-24,0.052531,selic,2026,7,3,Jul/2026,0.0526179,0.0,
2026-07-27,0.052531,selic,2026,7,3,Jul/2026,0.05258893333333333,0.0,
2026-07-28,0.052531,selic,2026,7,3,Jul/2026,0.052559966666666666,0.0,
2026-07-29,0.052531,selic,2026,7,3,Jul/2026,0.052531,0.0,
2026-07-30,0.052531,selic,2026,7,3,Jul/2026,0.052531,0.0,
2026-07-31,0.052531,selic,2026,7,3,Jul/2026,0.052531,0.0,
2026-08-03,0.052531,selic,2026,8,3,Aug/2026,0.052531,0.0,
2026-08-04,0.052531,selic,2026,8,3,Aug/2026,0.052531,0.0,
2026-08-05,0.052531,selic,2026,8,3,Aug/2026,0.052531,0.0,
2026-08-06,0.05166,selic,2026,8,3,Aug/2026,0.05250196666666666,-1.6580685690354313,
2026-08-07,0.05166,selic,2026,8,3,Aug/2026,0.05247293333333334,0.0,
2026-08-10,0.05166,selic,2026,8,3,Aug/2026,0.0524439,0.0,
2026-08-11,0.05166,selic,2026,8,3,Aug/2026,0.052414866666666664,0.0,
2026-08-12,0.05166,selic,2026,8,3,Aug/2026,0.05238583333333333,0.0,
2026-08-13,0.05166,selic,2026,8,3,Aug/2026,0.0523568,0.0,
2026-08-14,0.05166,selic,2026,8,3,Aug/2026,0.05232776666666667,0.0,
2026-08-17,0.05166,selic,2026,8,3,Aug/2026,0.05229873333333334,0.0,
2026-08-18,0.05166,selic,2026,8,3,Aug/2026,0.052269699999999995,0.0,
2026-08-19,0.05166,selic,2026,8,3,Aug/2026,0.052240666666666664,0.0,
