data,valor,indicador,ano,mes,trimestre,nome_mes,media_movel_30d,variacao_pct,nivel_selic
2020-01-02,0.017089,cdi,2020,1,1,Jan/2020,0.017089,,
2020-01-03,0.017089,cdi,2020,1,1,Jan/2020,0.017089,0.0,
2020-01-06,0.017089,cdi,2020,1,1,Jan/2020,0.017089,0.0,
2020-01-07,0.017089,cdi,2020,1,1,Jan/2020,0.017089,0.0,
2020-01-08,0.017089,cdi,2020,1,1,Jan/2020,0.017089,0.0,
2020-01-09,0.017089,cdi,2020,1,1,Jan/2020,0.017089,0.0,
2020-01-10,0.017089,cdi,2020,1,1,Jan/2020,0.017089,0.0,
2020-01-13,0.017089,cdi,2020,1,1,Jan/2020,0.017089,0.0,
2020-01-14,0.017089,cdi,2020,1,1,Jan/2020,0.017089,0.0,
2020-01-15,0.017089,cdi,2020,1,1,Jan/2020,0.017089,0.0,
2020-01-16,0.017089,cdi,2020,1,1,Jan/2020,0.017089,0.0,
2020-01-17,0.017089,cdi,2020,1,1,Jan/2020,0.017089,0.0,
2020-01-20,0.017089,cdi,2020,1,1,Jan/2020,0.017089,0.0,
2020-01-21,0.017089,cdi,2020,1,1,Jan/2020,0.017089,0.0,
2020-01-22,0.017089,cdi,2020,1,1,Jan/2020,0.017089,0.0,
2020-01-23,0.017089,cdi,2020,1,1,Jan/2020,0.017089,0.0,
2020-01-24,0.017089,cdi,2020,1,1,Jan/2020,0.017089,0.0,
2020-01-27,0.017089,cdi,2020,1,1,Jan/2020,0.017089,0.0,
2020-01-28,0.017089,cdi,2020,1,1,Jan/2020,0.017089,0.0,
2020-01-29,0.017089,cdi,2020,1,1,Jan/2020,0.017089,0.0,
2020-01-30,0.017089,cdi,2020,1,1,Jan/2020,0.017089,0.0,
2020-01-31,0.017089,cdi,2020,1,1,Jan/2020,0.017089,0.0,
2020-02-03,0.017089,cdi,2020,2,1,Feb/2020,0.017089,0.0,
2020-02-04,0.017089,cdi,2020,2,1,Feb/2020,0.017089,0.0,
2020-02-05,0.017089,cdi,2020,2,1,Feb/2020,0.017089,0.0,
2020-02-06,0.016137,cdi,2020,2,1,Feb/2020,0.017052384615384615,-5.570835040084276,
2020-02-07,0.016137,cdi,2020,2,1,Feb/2020,0.01701848148148148,0.0,
2020-02-10,0.016137,cdi,2020,2,1,Feb/2020,0.016987,0.0,
2020-02-11,0.016137,cdi,2020,2,1,Feb/2020,0.016957689655172414,0.0,
2020-02-12,0.016137,cdi,2020,2,1,Feb/2020,0.016930333333333332,0.0,
2020-02-13,0.016137,cdi,2020,2,1,Feb/2020,0.0168986,0.0,
2020-02-14,0.016137,cdi,2020,2,1,Feb/2020,0.016866866666666664,0.0,
2020-02-17,0.016137,cdi,2020,2,1,Feb/2020,0.016835133333333332,0.0,
2020-02-18,0.016137,cdi,2020,2,1,Feb/2020,0.0168034,0.0,
2020-02-19,0.016137,cdi,2020,2,1,Feb/2020,0.016771666666666667,0.0,
2020-02-20,0.016137,cdi,2020,2,1,Feb/2020,0.01673993333333333,0.0,
2020-02-21,0.016137,cdi,2020,2,1,Feb/2020,0.0167082,0.0,
2020-02-26,0.016137,cdi,2020,2,1,Feb/2020,0.016676466666666667,0.0,
2020-02-27,0.016137,cdi,2020,2,1,Feb/2020,0.01664473333333333,0.0,
2020-02-28,0.016137,cdi,2020,2,1,Feb/2020,0.016613,0.0,
2020-03-02,0.016137,cdi,2020,3,1,Mar/2020,0.016581266666666667,0.0,
2020-03-03,0.016137,cdi,2020,3,1,Mar/2020,0.01654953333333333,0.0,
2020-03-04,0.016137,cdi,2020,3,1,Mar/2020,0.0165178,0.0,
2020-03-05,0.016137,cdi,2020,3,1,Mar/2020,0.016486066666666667,0.0,
2020-03-06,0.016137,cdi,2020,3,1,Mar/2020,0.016454333333333335,0.0,
2020-03-09,0.016137,cdi,2020,3,1,Mar/2020,0.0164226,0.0,
2020-03-10,0.016137,cdi,2020,3,1,Mar/2020,0.016390866666666663,0.0,
2020-03-11,0.016137,cdi,2020,3,1,Mar/2020,0.016359133333333335,0.0,
2020-03-12,0.016137,cdi,2020,3,1,Mar/2020,0.0163274,0.0,
2020-03-13,0.016137,cdi,2020,3,1,Mar/2020,0.016295666666666663,0.0,
2020-03-16,0.016137,cdi,2020,3,1,Mar/2020,0.01626393333333333,0.0,
2020-03-17,0.016137,cdi,2020,3,1,Mar/2020,0.0162322,0.0,
2020-03-18,0.016137,cdi,2020,3,1,Mar/2020,0.016200466666666666,0.0,
2020-03-19,0.014227,cdi,2020,3,1,Mar/2020,0.016105066666666664,-11.836152940447409,
2020-03-20,0.014227,cdi,2020,3,1,Mar/2020,0.016009666666666665,0.0,
2020-03-23,0.014227,cdi,2020,3,1,Mar/2020,0.015946,0.0,
2020-03-24,0.014227,cdi,2020,3,1,Mar/2020,0.01588233333333333,0.0,
2020-03-25,0.014227,cdi,2020,3,1,Mar/2020,0.015818666666666665,0.0,
2020-03-26,0.014227,cdi,2020,3,1,Mar/2020,0.015754999999999998,0.0,
2020-03-27,0.014227,cdi,2020,3,1,Mar/2020,0.01569133333333333,0.0,
2020-03-30,0.014227,cdi,2020,3,1,Mar/2020,0.015627666666666665,0.0,
2020-03-31,0.014227,cdi,2020,3,1,Mar/2020,0.015563999999999998,0.0,
2020-04-01,0.014227,cdi,2020,4,2,Apr/2020,0.015500333333333331,0.0,
2020-04-02,0.014227,cdi,2020,4,2,Apr/2020,0.015436666666666666,0.0,
2020-04-03,0.014227,cdi,2020,4,2,Apr/2020,0.015373,0.0,
2020-04-06,0.014227,cdi,2020,4,2,Apr/2020,0.015309333333333333,0.0,
2020-04-07,0.014227,cdi,2020,4,2,Apr/2020,0.015245666666666664,0.0,
2020-04-08,0.014227,cdi,2020,4,2,Apr/2020,0.015182,0.0,
2020-04-09,0.014227,cdi,2020,4,2,Apr/2020,0.015118333333333334,0.0,
2020-04-13,0.014227,cdi,2020,4,2,Apr/2020,0.015054666666666666,0.0,
2020-04-14,0.014227,cdi,2020,4,2,Apr/2020,0.014990999999999999,0.0,
2020-04-15,0.014227,cdi,2020,4,2,Apr/2020,0.014927333333333332,0.0,
2020-04-16,0.014227,cdi,2020,4,2,Apr/2020,0.014863666666666666,0.0,
2020-04-17,0.014227,cdi,2020,4,2,Apr/2020,0.0148,0.0,
2020-04-20,0.014227,cdi,2020,4,2,Apr/2020,0.014736333333333332,0.0,
2020-04-22,0.014227,cdi,2020,4,2,Apr/2020,0.014672666666666667,0.0,
2020-04-23,0.014227,cdi,2020,4,2,Apr/2020,0.014609,0.0,
2020-04-24,0.014227,cdi,2020,4,2,Apr/2020,0.014545333333333332,0.0,
2020-04-27,0.014227,cdi,2020,4,2,Apr/2020,0.014481666666666667,0.0,
2020-04-28,0.014227,cdi,2020,4,2,Apr/2020,0.014418000000000002,0.0,
2020-04-29,0.014227,cdi,2020,4,2,Apr/2020,0.014354333333333334,0.0,
2020-04-30,0.014227,cdi,2020,4,2,Apr/2020,0.014290666666666667,0.0,
2020-05-04,0.014227,cdi,2020,5,2,May/2020,0.014227,0.0,
2020-05-05,0.014227,cdi,2020,5,2,May/2020,0.014227,0.0,
2020-05-06,0.014227,cdi,2020,5,2,May/2020,0.014227,0.0,
2020-05-07,0.011345,cdi,2020,5,2,May/2020,0.014130933333333335,-20.257257327616507,
2020-05-08,0.011345,cdi,2020,5,2,May/2020,0.014034866666666668,0.0,
2020-05-11,0.011345,cdi,2020,5,2,May/2020,0.0139388,0.0,
2020-05-12,0.011345,cdi,2020,5,2,May/2020,0.013842733333333333,0.0,
2020-05-13,0.011345,cdi,2020,5,2,May/2020,0.013746666666666666,0.0,
2020-05-14,0.011345,cdi,2020,5,2,May/2020,0.0136506,0.0,
2020-05-15,0.011345,cdi,2020,5,2,May/2020,0.013554533333333334,0.0,
2020-05-18,0.011345,cdi,2020,5,2,May/2020,0.013458466666666667,0.0,
2020-05-19,0.011345,cdi,2020,5,2,May/2020,0.013362399999999998,0.0,
2020-05-20,0.011345,cdi,2020,5,2,May/2020,0.013266333333333333,0.0,
2020-05-21,0.011345,cdi,2020,5,2,May/2020,0.013170266666666668,0.0,
2020-05-22,0.011345,cdi,2020,5,2,May/2020,0.013074200000000001,0.0,
2020-05-25,0.011345,cdi,2020,5,2,May/2020,0.012978133333333334,0.0,
2020-05-26,0.011345,cdi,2020,5,2,May/2020,0.012882066666666666,0.0,
2020-05-27,0.011345,cdi,2020,5,2,May/2020,0.012785999999999999,0.0,
2020-05-28,0.011345,cdi,2020,5,2,May/2020,0.012689933333333332,0.0,
2020-05-29,0.011345,cdi,2020,5,2,May/2020,0.012593866666666667,0.0,
2020-06-01,0.011345,cdi,2020,6,2,Jun/2020,0.0124978,0.0,
2020-06-02,0.011345,cdi,2020,6,2,Jun/2020,0.012401733333333331,0.0,
2020-06-03,0.011345,cdi,2020,6,2,Jun/2020,0.012305666666666666,0.0,
2020-06-04,0.011345,cdi,2020,6,2,Jun/2020,0.0122096,0.0,
2020-06-05,0.011345,cdi,2020,6,2,Jun/2020,0.012113533333333334,0.0,
2020-06-08,0.011345,cdi,2020,6,2,Jun/2020,0.012017466666666667,0.0,
2020-06-09,0.011345,cdi,2020,6,2,Jun/2020,0.011921399999999999,0.0,
2020-06-10,0.011345,cdi,2020,6,2,Jun/2020,0.011825333333333332,0.0,
2020-06-12,0.011345,cdi,2020,6,2,Jun/2020,0.011729266666666665,0.0,
2020-06-15,0.011345,cdi,2020,6,2,Jun/2020,0.0116332,0.0,
2020-06-16,0.011345,cdi,2020,6,2,Jun/2020,0.011537133333333333,0.0,
2020-06-17,0.011345,cdi,2020,6,2,Jun/2020,0.011441066666666666,0.0,
2020-06-18,0.008442,cdi,2020,6,2,Jun/2020,0.011248233333333331,-25.588364918466276,
2020-06-19,0.008442,cdi,2020,6,2,Jun/2020,0.011151466666666665,0.0,
2020-06-22,0.008442,cdi,2020,6,2,Jun/2020,0.011054699999999999,0.0,
2020-06-23,0.008442,cdi,2020,6,2,Jun/2020,0.010957933333333333,0.0,
2020-06-24,0.008442,cdi,2020,6,2,Jun/2020,0.010861166666666667,0.0,
2020-06-25,0.008442,cdi,2020,6,2,Jun/2020,0.0107644,0.0,
2020-06-26,0.008442,cdi,2020,6,2,Jun/2020,0.010667633333333334,0.0,
2020-06-29,0.008442,cdi,2020,6,2,Jun/2020,0.010570866666666668,0.0,
2020-06-30,0.008442,cdi,2020,6,2,Jun/2020,0.010474100000000002,0.0,
2020-07-01,0.008442,cdi,2020,7,3,Jul/2020,0.010377333333333332,0.0,
2020-07-02,0.008442,cdi,2020,7,3,Jul/2020,0.010280566666666664,0.0,
2020-07-03,0.008442,cdi,2020,7,3,Jul/2020,0.010183799999999998,0.0,
2020-07-06,0.008442,cdi,2020,7,3,Jul/2020,0.010087033333333332,0.0,
2020-07-07,0.008442,cdi,2020,7,3,Jul/2020,0.009990266666666666,0.0,
2020-07-08,0.008442,cdi,2020,7,3,Jul/2020,0.0098935,0.0,
2020-07-09,0.008442,cdi,2020,7,3,Jul/2020,0.009796733333333333,0.0,
2020-07-10,0.008442,cdi,2020,7,3,Jul/2020,0.009699966666666667,0.0,
2020-07-13,0.008442,cdi,2020,7,3,Jul/2020,0.009603200000000001,0.0,
2020-07-14,0.008442,cdi,2020,7,3,Jul/2020,0.009506433333333335,0.0,
2020-07-15,0.008442,cdi,2020,7,3,Jul/2020,0.009409666666666667,0.0,
2020-07-16,0.008442,cdi,2020,7,3,Jul/2020,0.0093129,0.0,
2020-07-17,0.008442,cdi,2020,7,3,Jul/2020,0.009216133333333331,0.0,
2020-07-20,0.008442,cdi,2020,7,3,Jul/2020,0.009119366666666665,0.0,
2020-07-21,0.008442,cdi,2020,7,3,Jul/2020,0.009022599999999999,0.0,
2020-07-22,0.008442,cdi,2020,7,3,Jul/2020,0.008925833333333332,0.0,
2020-07-23,0.008442,cdi,2020,7,3,Jul/2020,0.008829066666666666,0.0,
2020-07-24,0.008442,cdi,2020,7,3,Jul/2020,0.0087323,0.0,
2020-07-27,0.008442,cdi,2020,7,3,Jul/2020,0.008635533333333334,0.0,
2020-07-28,0.008442,cdi,2020,7,3,Jul/2020,0.008538766666666668,0.0,
2020-07-29,0.008442,cdi,2020,7,3,Jul/2020,0.008442,0.0,
2020-07-30,0.008442,cdi,2020,7,3,Jul/2020,0.008442,0.0,
2020-07-31,0.008442,cdi,2020,7,3,Jul/2020,0.008442,0.0,
2020-08-03,0.008442,cdi,2020,8,3,Aug/2020,0.008442,0.0,
2020-08-04,0.008442,cdi,2020,8,3,Aug/2020,0.008442,0.0,
2020-08-05,0.008442,cdi,2020,8,3,Aug/2020,0.008442,0.0,
2020-08-06,0.007469,cdi,2020,8,3,Aug/2020,0.008409566666666667,-11.525704809286896,
2020-08-07,0.007469,cdi,2020,8,3,Aug/2020,0.008377133333333333,0.0,
2020-08-10,0.007469,cdi,2020,8,3,Aug/2020,0.0083447,0.0,
2020-08-11,0.007469,cdi,2020,8,3,Aug/2020,0.008312266666666667,0.0,
2020-08-12,0.007469,cdi,2020,8,3,Aug/2020,0.008279833333333332,0.0,
2020-08-13,0.007469,cdi,2020,8,3,Aug/2020,0.008247399999999998,0.0,
2020-08-14,0.007469,cdi,2020,8,3,Aug/2020,0.008214966666666667,0.0,
2020-08-17,0.007469,cdi,2020,8,3,Aug/2020,0.008182533333333334,0.0,
2020-08-18,0.007469,cdi,2020,8,3,Aug/2020,0.0081501,0.0,
2020-08-19,0.007469,cdi,2020,8,3,Aug/2020,0.008117666666666667,0.0,
2020-08-20,0.007469,cdi,2020,8,3,Aug/2020,0.008085233333333334,0.0,
2020-08-21,0.007469,cdi,2020,8,3,Aug/2020,0.0080528,0.0,
2020-08-24,0.007469,cdi,2020,8,3,Aug/2020,0.008020366666666667,0.0,
2020-08-25,0.007469,cdi,2020,8,3,Aug/2020,0.007987933333333332,0.0,
2020-08-26,0.007469,cdi,2020,8,3,Aug/2020,0.007955499999999999,0.0,
2020-08-27,0.007469,cdi,2020,8,3,Aug/2020,0.007923066666666666,0.0,
2020-08-28,0.007469,cdi,2020,8,3,Aug/2020,0.007890633333333332,0.0,
2020-08-31,0.007469,cdi,2020,8,3,Aug/2020,0.007858200000000001,0.0,
2020-09-01,0.007469,cdi,2020,9,3,Sep/2020,0.007825766666666668,0.0,
2020-09-02,0.007469,cdi,2020,9,3,Sep/2020,0.0077933333333333335,0.0,
2020-09-03,0.007469,cdi,2020,9,3,Sep/2020,0.0077609,0.0,
2020-09-04,0.007469,cdi,2020,9,3,Sep/2020,0.007728466666666666,0.0,
2020-09-08,0.007469,cdi,2020,9,3,Sep/2020,0.007696033333333334,0.0,
2020-09-09,0.007469,cdi,2020,9,3,Sep/2020,0.0076636000000000004,0.0,
2020-09-10,0.007469,cdi,2020,9,3,Sep/2020,0.007631166666666666,0.0,
2020-09-11,0.007469,cdi,2020,9,3,Sep/2020,0.007598733333333333,0.0,
2020-09-14,0.007469,cdi,2020,9,3,Sep/2020,0.0075663,0.0,
2020-09-15,0.007469,cdi,2020,9,3,Sep/2020,0.0075338666666666665,0.0,
2020-09-16,0.007469,cdi,2020,9,3,Sep/2020,0.007501433333333333,0.0,
2020-09-17,0.007469,cdi,2020,9,3,Sep/2020,0.007469,0.0,
2020-09-18,0.007469,cdi,2020,9,3,Sep/2020,0.007469,0.0,
2020-09-21,0.007469,cdi,2020,9,3,Sep/2020,0.007469,0.0,
2020-09-22,0.007469,cdi,2020,9,3,Sep/2020,0.007469,0.0,
2020-09-23,0.007469,cdi,2020,9,3,Sep/2020,0.007469,0.0,
2020-09-24,0.007469,cdi,2020,9,3,Sep/2020,0.007469,0.0,
2020-09-25,0.007469,cdi,2020,9,3,Sep/2020,0.007469,0.0,
2020-09-28,0.007469,cdi,2020,9,3,Sep/2020,0.007469,0.0,
2020-09-29,0.007469,cdi,2020,9,3,Sep/2020,0.007469,0.0,
2020-09-30,0.007469,cdi,2020,9,3,Sep/2020,0.007469,0.0,
2020-10-01,0.007469,cdi,2020,10,4,Oct/2020,0.007469,0.0,
2020-10-02,0.007469,cdi,2020,10,4,Oct/2020,0.007469,0.0,
2020-10-05,0.007469,cdi,2020,10,4,Oct/2020,0.007469,0.0,
2020-10-06,0.007469,cdi,2020,10,4,Oct/2020,0.007469,0.0,
2020-10-07,0.007469,cdi,2020,10,4,Oct/2020,0.007469,0.0,
2020-10-08,0.007469,cdi,2020,10,4,Oct/2020,0.007469,0.0,
2020-10-09,0.007469,cdi,2020,10,4,Oct/2020,0.007469,0.0,
2020-10-13,0.007469,cdi,2020,10,4,Oct/2020,0.007469,0.0,
2020-10-14,0.007469,cdi,2020,10,4,Oct/2020,0.007469,0.0,
2020-10-15,0.007469,cdi,2020,10,4,Oct/2020,0.007469,0.0,
2020-10-16,0.007469,cdi,2020,10,4,Oct/2020,0.007469,0.0,
2020-10-19,0.007469,cdi,2020,10,4,Oct/2020,0.007469,0.0,
2020-10-20,0.007469,cdi,2020,10,4,Oct/2020,0.007469,0.0,
2020-10-21,0.007469,cdi,2020,10,4,Oct/2020,0.007469,0.0,
2020-10-22,0.007469,cdi,2020,10,4,Oct/2020,0.007469,0.0,
2020-10-23,0.007469,cdi,2020,10,4,Oct/2020,0.007469,0.0,
2020-10-26,0.007469,cdi,2020,10,4,Oct/2020,0.007469,0.0,
2020-10-27,0.007469,cdi,2020,10,4,Oct/2020,0.007469,0.0,
2020-10-28,0.007469,cdi,2020,10,4,Oct/2020,0.007469,0.0,
2020-10-29,0.007469,cdi,2020,10,4,Oct/2020,0.007469,0.0,
2020-10-30,0.007469,cdi,2020,10,4,Oct/2020,0.007469,0.0,
2020-11-03,0.007469,cdi,2020,11,4,Nov/2020,0.007469,0.0,
2020-11-04,0.007469,cdi,2020,11,4,Nov/2020,0.007469,0.0,
2020-11-05,0.007469,cdi,2020,11,4,Nov/2020,0.007469,0.0,
2020-11-06,0.007469,cdi,2020,11,4,Nov/2020,0.007469,0.0,
2020-11-09,0.007469,cdi,2020,11,4,Nov/2020,0.007469,0.0,
2020-11-10,0.007469,cdi,2020,11,4,Nov/2020,0.007469,0.0,
2020-11-11,0.007469,cdi,2020,11,4,Nov/2020,0.007469,0.0,
2020-11-12,0.007469,cdi,2020,11,4,Nov/2020,0.007469,0.0,
2020-11-13,0.007469,cdi,2020,11,4,Nov/2020,0.007469,0.0,
2020-11-16,0.007469,cdi,2020,11,4,Nov/2020,0.007469,0.0,
2020-11-17,0.007469,cdi,2020,11,4,Nov/2020,0.007469,0.0,
2020-11-18,0.007469,cdi,2020,11,4,Nov/2020,0.007469,0.0,
2020-11-19,0.007469,cdi,2020,11,4,Nov/2020,0.007469,0.0,
2020-11-20,0.007469,cdi,2020,11,4,Nov/2020,0.007469,0.0,
2020-11-23,0.007469,cdi,2020,11,4,Nov/2020,0.007469,0.0,
2020-11-24,0.007469,cdi,2020,11,4,Nov/2020,0.007469,0.0,
2020-11-25,0.007469,cdi,2020,11,4,Nov/2020,0.007469,0.0,
2020-11-26,0.007469,cdi,2020,11,4,Nov/2020,0.007469,0.0,
2020-11-27,0.007469,cdi,2020,11,4,Nov/2020,0.007469,0.0,
2020-11-30,0.007469,cdi,2020,11,4,Nov/2020,0.007469,0.0,
2020-12-01,0.007469,cdi,2020,12,4,Dec/2020,0.007469,0.0,
2020-12-02,0.007469,cdi,2020,12,4,Dec/2020,0.007469,0.0,
2020-12-03,0.007469,cdi,2020,12,4,Dec/2020,0.007469,0.0,
2020-12-04,0.007469,cdi,2020,12,4,Dec/2020,0.007469,0.0,
2020-12-07,0.007469,cdi,2020,12,4,Dec/2020,0.007469,0.0,
2020-12-08,0.007469,cdi,2020,12,4,Dec/2020,0.007469,0.0,
2020-12-09,0.007469,cdi,2020,12,4,Dec/2020,0.007469,0.0,
2020-12-10,0.007469,cdi,2020,12,4,Dec/2020,0.007469,0.0,
2020-12-11,0.007469,cdi,2020,12,4,Dec/2020,0.007469,0.0,
2020-12-14,0.007469,cdi,2020,12,4,Dec/2020,0.007469,0.0,
2020-12-15,0.007469,cdi,2020,12,4,Dec/2020,0.007469,0.0,
2020-12-16,0.007469,cdi,2020,12,4,Dec/2020,0.007469,0.0,
2020-12-17,0.007469,cdi,2020,12,4,Dec/2020,0.007469,0.0,
2020-12-18,0.007469,cdi,2020,12,4,Dec/2020,0.007469,0.0,
2020-12-21,0.007469,cdi,2020,12,4,Dec/2020,0.007469,0.0,
2020-12-22,0.007469,cdi,2020,12,4,Dec/2020,0.007469,0.0,
2020-12-23,0.007469,cdi,2020,12,4,Dec/2020,0.007469,0.0,
2020-12-24,0.007469,cdi,2020,12,4,Dec/2020,0.007469,0.0,
2020-12-28,0.007469,cdi,2020,12,4,Dec/2020,0.007469,0.0,
2020-12-29,0.007469,cdi,2020,12,4,Dec/2020,0.007469,0.0,
2020-12-30,0.007469,cdi,2020,12,4,Dec/2020,0.007469,0.0,
2020-12-31,0.007469,cdi,2020,12,4,Dec/2020,0.007469,0.0,
2021-01-04,0.007469,cdi,2021,1,1,Jan/2021,0.007469,0.0,
2021-01-05,0.007469,cdi,2021,1,1,Jan/2021,0.007469,0.0,
2021-01-06,0.007469,cdi,2021,1,1,Jan/2021,0.007469,0.0,
2021-01-07,0.007469,cdi,2021,1,1,Jan/2021,0.007469,0.0,
2021-01-08,0.007469,cdi,2021,1,1,Jan/2021,0.007469,0.0,
2021-01-11,0.007469,cdi,2021,1,1,Jan/2021,0.007469,0.0,
2021-01-12,0.007469,cdi,2021,1,1,Jan/2021,0.007469,0.0,
2021-01-13,0.007469,cdi,2021,1,1,Jan/2021,0.007469,0.0,
2021-01-14,0.007469,cdi,2021,1,1,Jan/2021,0.007469,0.0,
2021-01-15,0.007469,cdi,2021,1,1,Jan/2021,0.007469,0.0,
2021-01-18,0.007469,cdi,2021,1,1,Jan/2021,0.007469,0.0,
2021-01-19,0.007469,cdi,2021,1,1,Jan/2021,0.007469,0.0,
2021-01-20,0.007469,cdi,2021,1,1,Jan/2021,0.007469,0.0,
2021-01-21,0.007469,cdi,2021,1,1,Jan/2021,0.007469,0.0,
2021-01-22,0.007469,cdi,2021,1,1,Jan/2021,0.007469,0.0,
2021-01-25,0.007469,cdi,2021,1,1,Jan/2021,0.007469,0.0,
2021-01-26,0.007469,cdi,2021,1,1,Jan/2021,0.007469,0.0,
2021-01-27,0.007469,cdi,2021,1,1,Jan/2021,0.007469,0.0,
2021-01-28,0.007469,cdi,2021,1,1,Jan/2021,0.007469,0.0,
2021-01-29,0.007469,cdi,2021,1,1,Jan/2021,0.007469,0.0,
2021-02-01,0.007469,cdi,2021,2,1,Feb/2021,0.007469,0.0,
2021-02-02,0.007469,cdi,2021,2,1,Feb/2021,0.007469,0.0,
2021-02-03,0.007469,cdi,2021,2,1,Feb/2021,0.007469,0.0,
2021-02-04,0.007469,cdi,2021,2,1,Feb/2021,0.007469,0.0,
2021-02-05,0.007469,cdi,2021,2,1,Feb/2021,0.007469,0.0,
2021-02-08,0.007469,cdi,2021,2,1,Feb/2021,0.007469,0.0,
2021-02-09,0.007469,cdi,2021,2,1,Feb/2021,0.007469,0.0,
2021-02-10,0.007469,cdi,2021,2,1,Feb/2021,0.007469,0.0,
2021-02-11,0.007469,cdi,2021,2,1,Feb/2021,0.007469,0.0,
2021-02-12,0.007469,cdi,2021,2,1,Feb/2021,0.007469,0.0,
2021-02-17,0.007469,cdi,2021,2,1,Feb/2021,0.007469,0.0,
2021-02-18,0.007469,cdi,2021,2,1,Feb/2021,0.007469,0.0,
2021-02-19,0.007469,cdi,2021,2,1,Feb/2021,0.007469,0.0,
2021-02-22,0.007469,cdi,2021,2,1,Feb/2021,0.007469,0.0,
2021-02-23,0.007469,cdi,2021,2,1,Feb/2021,0.007469,0.0,
2021-02-24,0.007469,cdi,2021,2,1,Feb/2021,0.007469,0.0,
2021-02-25,0.007469,cdi,2021,2,1,Feb/2021,0.007469,0.0,
2021-02-26,0.007469,cdi,2021,2,1,Feb/2021,0.007469,0.0,
2021-03-01,0.007469,cdi,2021,3,1,Mar/2021,0.007469,0.0,
2021-03-02,0.007469,cdi,2021,3,1,Mar/2021,0.007469,0.0,
2021-03-03,0.007469,cdi,2021,3,1,Mar/2021,0.007469,0.0,
2021-03-04,0.007469,cdi,2021,3,1,Mar/2021,0.007469,0.0,
2021-03-05,0.007469,cdi,2021,3,1,Mar/2021,0.007469,0.0,
2021-03-08,0.007469,cdi,2021,3,1,Mar/2021,0.007469,0.0,
2021-03-09,0.007469,cdi,2021,3,1,Mar/2021,0.007469,0.0,
2021-03-10,0.007469,cdi,2021,3,1,Mar/2021,0.007469,0.0,
2021-03-11,0.007469,cdi,2021,3,1,Mar/2021,0.007469,0.0,
2021-03-12,0.007469,cdi,2021,3,1,Mar/2021,0.007469,0.0,
2021-03-15,0.007469,cdi,2021,3,1,Mar/2021,0.007469,0.0,
2021-03-16,0.007469,cdi,2021,3,1,Mar/2021,0.007469,0.0,
2021-03-17,0.007469,cdi,2021,3,1,Mar/2021,0.007469,0.0,
2021-03-18,0.010379,cdi,2021,3,1,Mar/2021,0.007566,38.96103896103895,
2021-03-19,0.010379,cdi,2021,3,1,Mar/2021,0.0076630000000000005,0.0,
2021-03-22,0.010379,cdi,2021,3,1,Mar/2021,0.00776,0.0,
2021-03-23,0.010379,cdi,2021,3,1,Mar/2021,0.007857,0.0,
2021-03-24,0.010379,cdi,2021,3,1,Mar/2021,0.007954,0.0,
2021-03-25,0.010379,cdi,2021,3,1,Mar/2021,0.008050999999999999,0.0,
2021-03-26,0.010379,cdi,2021,3,1,Mar/2021,0.008147999999999999,0.0,
2021-03-29,0.010379,cdi,2021,3,1,Mar/2021,0.008244999999999999,0.0,
2021-03-30,0.010379,cdi,2021,3,1,Mar/2021,0.008341999999999999,0.0,
2021-03-31,0.010379,cdi,2021,3,1,Mar/2021,0.008439,0.0,
2021-04-01,0.010379,cdi,2021,4,2,Apr/2021,0.008535999999999998,0.0,
2021-04-05,0.010379,cdi,2021,4,2,Apr/2021,0.008633,0.0,
2021-04-06,0.010379,cdi,2021,4,2,Apr/2021,0.00873,0.0,
2021-04-07,0.010379,cdi,2021,4,2,Apr/2021,0.008827,0.0,
2021-04-08,0.010379,cdi,2021,4,2,Apr/2021,0.008923999999999998,0.0,
2021-04-09,0.010379,cdi,2021,4,2,Apr/2021,0.009021,0.0,
2021-04-12,0.010379,cdi,2021,4,2,Apr/2021,0.009118,0.0,
2021-04-13,0.010379,cdi,2021,4,2,Apr/2021,0.009215,0.0,
2021-04-14,0.010379,cdi,2021,4,2,Apr/2021,0.009311999999999997,0.0,
2021-04-15,0.010379,cdi,2021,4,2,Apr/2021,0.009408999999999999,0.0,
2021-04-16,0.010379,cdi,2021,4,2,Apr/2021,0.009505999999999999,0.0,
2021-04-19,0.010379,cdi,2021,4,2,Apr/2021,0.009603,0.0,
2021-04-20,0.010379,cdi,2021,4,2,Apr/2021,0.009700000000000002,0.0,
2021-04-22,0.010379,cdi,2021,4,2,Apr/2021,0.009797,0.0,
2021-04-23,0.010379,cdi,2021,4,2,Apr/2021,0.009893999999999998,0.0,
2021-04-26,0.010379,cdi,2021,4,2,Apr/2021,0.009991,0.0,
2021-04-27,0.010379,cdi,2021,4,2,Apr/2021,0.010088000000000001,0.0,
2021-04-28,0.010379,cdi,2021,4,2,Apr/2021,0.010185,0.0,
2021-04-29,0.010379,cdi,2021,4,2,Apr/2021,0.010281999999999998,0.0,
2021-04-30,0.010379,cdi,2021,4,2,Apr/2021,0.010379,0.0,
2021-05-03,0.010379,cdi,2021,5,2,May/2021,0.010379,0.0,
2021-05-04,0.010379,cdi,2021,5,2,May/2021,0.010379,0.0,
2021-05-05,0.010379,cdi,2021,5,2,May/2021,0.010379,0.0,
2021-05-06,0.013269,cdi,2021,5,2,May/2021,0.010475333333333333,27.844686385971684,
2021-05-07,0.013269,cdi,2021,5,2,May/2021,0.010571666666666665,0.0,
2021-05-10,0.013269,cdi,2021,5,2,May/2021,0.010668,0.0,
2021-05-11,0.013269,cdi,2021,5,2,May/2021,0.01076433333333333,0.0,
2021-05-12,0.013269,cdi,2021,5,2,May/2021,0.010860666666666666,0.0,
2021-05-13,0.013269,cdi,2021,5,2,May/2021,0.010956999999999998,0.0,
2021-05-14,0.013269,cdi,2021,5,2,May/2021,0.011053333333333333,0.0,
2021-05-17,0.013269,cdi,2021,5,2,May/2021,0.011149666666666665,0.0,
2021-05-18,0.013269,cdi,2021,5,2,May/2021,0.011245999999999999,0.0,
2021-05-19,0.013269,cdi,2021,5,2,May/2021,0.011342333333333334,0.0,
2021-05-20,0.013269,cdi,2021,5,2,May/2021,0.011438666666666665,0.0,
2021-05-21,0.013269,cdi,2021,5,2,May/2021,0.011535,0.0,
2021-05-24,0.013269,cdi,2021,5,2,May/2021,0.011631333333333332,0.0,
2021-05-25,0.013269,cdi,2021,5,2,May/2021,0.011727666666666667,0.0,
2021-05-26,0.013269,cdi,2021,5,2,May/2021,0.011824,0.0,
2021-05-27,0.013269,cdi,2021,5,2,May/2021,0.011920333333333333,0.0,
2021-05-28,0.013269,cdi,2021,5,2,May/2021,0.012016666666666667,0.0,
2021-05-31,0.013269,cdi,2021,5,2,May/2021,0.012113,0.0,
2021-06-01,0.013269,cdi,2021,6,2,Jun/2021,0.012209333333333332,0.0,
2021-06-02,0.013269,cdi,2021,6,2,Jun/2021,0.012305666666666666,0.0,
2021-06-04,0.013269,cdi,2021,6,2,Jun/2021,0.012402,0.0,
2021-06-07,0.013269,cdi,2021,6,2,Jun/2021,0.012498333333333334,0.0,
2021-06-08,0.013269,cdi,2021,6,2,Jun/2021,0.012594666666666667,0.0,
2021-06-09,0.013269,cdi,2021,6,2,Jun/2021,0.012691000000000001,0.0,
2021-06-10,0.013269,cdi,2021,6,2,Jun/2021,0.012787333333333333,0.0,
2021-06-11,0.013269,cdi,2021,6,2,Jun/2021,0.012883666666666665,0.0,
2021-06-14,0.013269,cdi,2021,6,2,Jun/2021,0.012979999999999998,0.0,
2021-06-15,0.013269,cdi,2021,6,2,Jun/2021,0.013076333333333332,0.0,
2021-06-16,0.013269,cdi,2021,6,2,Jun/2021,0.013172666666666666,0.0,
2021-06-17,0.016137,cdi,2021,6,2,Jun/2021,0.013364599999999999,21.614288944155536,
2021-06-18,0.016137,cdi,2021,6,2,Jun/2021,0.0134602,0.0,
2021-06-21,0.016137,cdi,2021,6,2,Jun/2021,0.0135558,0.0,
2021-06-22,0.016137,cdi,2021,6,2,Jun/2021,0.0136514,0.0,
2021-06-23,0.016137,cdi,2021,6,2,Jun/2021,0.013747,0.0,
2021-06-24,0.016137,cdi,2021,6,2,Jun/2021,0.0138426,0.0,
2021-06-25,0.016137,cdi,2021,6,2,Jun/2021,0.0139382,0.0,
2021-06-28,0.016137,cdi,2021,6,2,Jun/2021,0.014033799999999997,0.0,
2021-06-29,0.016137,cdi,2021,6,2,Jun/2021,0.014129399999999999,0.0,
2021-06-30,0.016137,cdi,2021,6,2,Jun/2021,0.014225,0.0,
2021-07-01,0.016137,cdi,2021,7,3,Jul/2021,0.014320599999999998,0.0,
2021-07-02,0.016137,cdi,2021,7,3,Jul/2021,0.014416199999999999,0.0,
2021-07-05,0.016137,cdi,2021,7,3,Jul/2021,0.014511799999999998,0.0,
2021-07-06,0.016137,cdi,2021,7,3,Jul/2021,0.0146074,0.0,
2021-07-07,0.016137,cdi,2021,7,3,Jul/2021,0.014702999999999997,0.0,
2021-07-08,0.016137,cdi,2021,7,3,Jul/2021,0.014798599999999999,0.0,
2021-07-09,0.016137,cdi,2021,7,3,Jul/2021,0.0148942,0.0,
2021-07-12,0.016137,cdi,2021,7,3,Jul/2021,0.0149898,0.0,
2021-07-13,0.016137,cdi,2021,7,3,Jul/2021,0.015085399999999999,0.0,
2021-07-14,0.016137,cdi,2021,7,3,Jul/2021,0.015180999999999998,0.0,
2021-07-15,0.016137,cdi,2021,7,3,Jul/2021,0.0152766,0.0,
2021-07-16,0.016137,cdi,2021,7,3,Jul/2021,0.015372199999999999,0.0,
2021-07-19,0.016137,cdi,2021,7,3,Jul/2021,0.015467799999999999,0.0,
2021-07-20,0.016137,cdi,2021,7,3,Jul/2021,0.015563399999999998,0.0,
2021-07-21,0.016137,cdi,2021,7,3,Jul/2021,0.015659,0.0,
2021-07-22,0.016137,cdi,2021,7,3,Jul/2021,0.0157546,0.0,
2021-07-23,0.016137,cdi,2021,7,3,Jul/2021,0.0158502,0.0,
2021-07-26,0.016137,cdi,2021,7,3,Jul/2021,0.0159458,0.0,
2021-07-27,0.016137,cdi,2021,7,3,Jul/2021,0.016041399999999997,0.0,
2021-07-28,0.016137,cdi,2021,7,3,Jul/2021,0.016137,0.0,
2021-07-29,0.016137,cdi,2021,7,3,Jul/2021,0.016137,0.0,
2021-07-30,0.016137,cdi,2021,7,3,Jul/2021,0.016137,0.0,
2021-08-02,0.016137,cdi,2021,8,3,Aug/2021,0.016137,0.0,
2021-08-03,0.016137,cdi,2021,8,3,Aug/2021,0.016137,0.0,
2021-08-04,0.016137,cdi,2021,8,3,Aug/2021,0.016137,0.0,
2021-08-05,0.01993,cdi,2021,8,3,Aug/2021,0.01626343333333333,23.504988535663387,
2021-08-06,0.01993,cdi,2021,8,3,Aug/2021,0.016389866666666666,0.0,
2021-08-09,0.01993,cdi,2021,8,3,Aug/2021,0.016516299999999998,0.0,
2021-08-10,0.01993,cdi,2021,8,3,Aug/2021,0.016642733333333333,0.0,
2021-08-11,0.01993,cdi,2021,8,3,Aug/2021,0.016769166666666665,0.0,
2021-08-12,0.01993,cdi,2021,8,3,Aug/2021,0.0168956,0.0,
2021-08-13,0.01993,cdi,2021,8,3,Aug/2021,0.017022033333333336,0.0,
2021-08-16,0.01993,cdi,2021,8,3,Aug/2021,0.017148466666666664,0.0,
2021-08-17,0.01993,cdi,2021,8,3,Aug/2021,0.017274899999999996,0.0,
2021-08-18,0.01993,cdi,2021,8,3,Aug/2021,0.01740133333333333,0.0,
2021-08-19,0.01993,cdi,2021,8,3,Aug/2021,0.017527766666666663,0.0,
2021-08-20,0.01993,cdi,2021,8,3,Aug/2021,0.0176542,0.0,
2021-08-23,0.01993,cdi,2021,8,3,Aug/2021,0.017780633333333334,0.0,
2021-08-24,0.01993,cdi,2021,8,3,Aug/2021,0.017907066666666662,0.0,
2021-08-25,0.01993,cdi,2021,8,3,Aug/2021,0.018033499999999997,0.0,
2021-08-26,0.01993,cdi,2021,8,3,Aug/2021,0.018159933333333333,0.0,
2021-08-27,0.01993,cdi,2021,8,3,Aug/2021,0.018286366666666665,0.0,
2021-08-30,0.01993,cdi,2021,8,3,Aug/2021,0.0184128,0.0,
2021-08-31,0.01993,cdi,2021,8,3,Aug/2021,0.018539233333333332,0.0,
2021-09-01,0.01993,cdi,2021,9,3,Sep/2021,0.018665666666666667,0.0,
2021-09-02,0.01993,cdi,2021,9,3,Sep/2021,0.0187921,0.0,
2021-09-03,0.01993,cdi,2021,9,3,Sep/2021,0.01891853333333333,0.0,
2021-09-06,0.01993,cdi,2021,9,3,Sep/2021,0.019044966666666666,0.0,
2021-09-08,0.01993,cdi,2021,9,3,Sep/2021,0.0191714,0.0,
2021-09-09,0.01993,cdi,2021,9,3,Sep/2021,0.019297833333333334,0.0,
2021-09-10,0.01993,cdi,2021,9,3,Sep/2021,0.01942426666666667,0.0,
2021-09-13,0.01993,cdi,2021,9,3,Sep/2021,0.019550699999999997,0.0,
2021-09-14,0.01993,cdi,2021,9,3,Sep/2021,0.019677133333333333,0.0,
2021-09-15,0.01993,cdi,2021,9,3,Sep/2021,0.019803566666666668,0.0,
2021-09-16,0.01993,cdi,2021,9,3,Sep/2021,0.01993,0.0,
2021-09-17,0.01993,cdi,2021,9,3,Sep/2021,0.01993,0.0,
2021-09-20,0.01993,cdi,2021,9,3,Sep/2021,0.01993,0.0,
2021-09-21,0.01993,cdi,2021,9,3,Sep/2021,0.01993,0.0,
2021-09-22,0.01993,cdi,2021,9,3,Sep/2021,0.01993,0.0,
2021-09-23,0.023687,cdi,2021,9,3,Sep/2021,0.020055233333333332,18.85097842448571,
2021-09-24,0.023687,cdi,2021,9,3,Sep/2021,0.020180466666666664,0.0,
2021-09-27,0.023687,cdi,2021,9,3,Sep/2021,0.020305699999999996,0.0,
2021-09-28,0.023687,cdi,2021,9,3,Sep/2021,0.020430933333333335,0.0,
2021-09-29,0.023687,cdi,2021,9,3,Sep/2021,0.020556166666666667,0.0,
2021-09-30,0.023687,cdi,2021,9,3,Sep/2021,0.020681400000000003,0.0,
2021-10-01,0.023687,cdi,2021,10,4,Oct/2021,0.020806633333333335,0.0,
2021-10-04,0.023687,cdi,2021,10,4,Oct/2021,0.02093186666666667,0.0,
2021-10-05,0.023687,cdi,2021,10,4,Oct/2021,0.021057100000000002,0.0,
2021-10-06,0.023687,cdi,2021,10,4,Oct/2021,0.021182333333333334,0.0,
2021-10-07,0.023687,cdi,2021,10,4,Oct/2021,0.021307566666666666,0.0,
2021-10-08,0.023687,cdi,2021,10,4,Oct/2021,0.0214328,0.0,
2021-10-11,0.023687,cdi,2021,10,4,Oct/2021,0.021558033333333334,0.0,
2021-10-13,0.023687,cdi,2021,10,4,Oct/2021,0.021683266666666666,0.0,
2021-10-14,0.023687,cdi,2021,10,4,Oct/2021,0.0218085,0.0,
2021-10-15,0.023687,cdi,2021,10,4,Oct/2021,0.021933733333333334,0.0,
2021-10-18,0.023687,cdi,2021,10,4,Oct/2021,0.02205896666666667,0.0,
2021-10-19,0.023687,cdi,2021,10,4,Oct/2021,0.022184199999999998,0.0,
2021-10-20,0.023687,cdi,2021,10,4,Oct/2021,0.022309433333333333,0.0,
2021-10-21,0.023687,cdi,2021,10,4,Oct/2021,0.022434666666666665,0.0,
2021-10-22,0.023687,cdi,2021,10,4,Oct/2021,0.0225599,0.0,
2021-10-25,0.023687,cdi,2021,10,4,Oct/2021,0.022685133333333333,0.0,
2021-10-26,0.023687,cdi,2021,10,4,Oct/2021,0.02281036666666667,0.0,
2021-10-27,0.023687,cdi,2021,10,4,Oct/2021,0.0229356,0.0,
2021-10-28,0.029256,cdi,2021,10,4,Oct/2021,0.023246466666666667,23.51078650736691,
2021-10-29,0.029256,cdi,2021,10,4,Oct/2021,0.023557333333333333,0.0,
2021-11-01,0.029256,cdi,2021,11,4,Nov/2021,0.0238682,0.0,
2021-11-03,0.029256,cdi,2021,11,4,Nov/2021,0.02417906666666667,0.0,
2021-11-04,0.029256,cdi,2021,11,4,Nov/2021,0.02448993333333333,0.0,
2021-11-05,0.029256,cdi,2021,11,4,Nov/2021,0.024800799999999998,0.0,
2021-11-08,0.029256,cdi,2021,11,4,Nov/2021,0.024986433333333332,0.0,
2021-11-09,0.029256,cdi,2021,11,4,Nov/2021,0.025172066666666666,0.0,
2021-11-10,0.029256,cdi,2021,11,4,Nov/2021,0.0253577,0.0,
2021-11-11,0.029256,cdi,2021,11,4,Nov/2021,0.02554333333333333,0.0,
2021-11-12,0.029256,cdi,2021,11,4,Nov/2021,0.02572896666666667,0.0,
2021-11-16,0.029256,cdi,2021,11,4,Nov/2021,0.0259146,0.0,
2021-11-17,0.029256,cdi,2021,11,4,Nov/2021,0.026100233333333334,0.0,
2021-11-18,0.029256,cdi,2021,11,4,Nov/2021,0.026285866666666664,0.0,
2021-11-19,0.029256,cdi,2021,11,4,Nov/2021,0.0264715,0.0,
2021-11-22,0.029256,cdi,2021,11,4,Nov/2021,0.026657133333333336,0.0,
2021-11-23,0.029256,cdi,2021,11,4,Nov/2021,0.02684276666666667,0.0,
2021-11-24,0.029256,cdi,2021,11,4,Nov/2021,0.0270284,0.0,
2021-11-25,0.029256,cdi,2021,11,4,Nov/2021,0.027214033333333335,0.0,
2021-11-26,0.029256,cdi,2021,11,4,Nov/2021,0.027399666666666666,0.0,
2021-11-29,0.029256,cdi,2021,11,4,Nov/2021,0.027585299999999997,0.0,
2021-11-30,0.029256,cdi,2021,11,4,Nov/2021,0.027770933333333334,0.0,
2021-12-01,0.029256,cdi,2021,12,4,Dec/2021,0.027956566666666665,0.0,
2021-12-02,0.029256,cdi,2021,12,4,Dec/2021,0.028142200000000003,0.0,
2021-12-03,0.029256,cdi,2021,12,4,Dec/2021,0.028327833333333333,0.0,
2021-12-06,0.029256,cdi,2021,12,4,Dec/2021,0.028513466666666668,0.0,
2021-12-07,0.029256,cdi,2021,12,4,Dec/2021,0.028699099999999998,0.0,
2021-12-08,0.029256,cdi,2021,12,4,Dec/2021,0.028884733333333336,0.0,
2021-12-09,0.034749,cdi,2021,12,4,Dec/2021,0.02925346666666667,18.77563576702215,
2021-12-10,0.034749,cdi,2021,12,4,Dec/2021,0.029622199999999998,0.0,
2021-12-13,0.034749,cdi,2021,12,4,Dec/2021,0.0298053,0.0,
2021-12-14,0.034749,cdi,2021,12,4,Dec/2021,0.029988400000000002,0.0,
2021-12-15,0.034749,cdi,2021,12,4,Dec/2021,0.030171500000000004,0.0,
2021-12-16,0.034749,cdi,2021,12,4,Dec/2021,0.0303546,0.0,
2021-12-17,0.034749,cdi,2021,12,4,Dec/2021,0.0305377,0.0,
2021-12-20,0.034749,cdi,2021,12,4,Dec/2021,0.030720800000000003,0.0,
2021-12-21,0.034749,cdi,2021,12,4,Dec/2021,0.030903899999999998,0.0,
2021-12-22,0.034749,cdi,2021,12,4,Dec/2021,0.031087,0.0,
2021-12-23,0.034749,cdi,2021,12,4,Dec/2021,0.0312701,0.0,
2021-12-24,0.034749,cdi,2021,12,4,Dec/2021,0.0314532,0.0,
2021-12-27,0.034749,cdi,2021,12,4,Dec/2021,0.0316363,0.0,
2021-12-28,0.034749,cdi,2021,12,4,Dec/2021,0.031819400000000005,0.0,
2021-12-29,0.034749,cdi,2021,12,4,Dec/2021,0.0320025,0.0,
2021-12-30,0.034749,cdi,2021,12,4,Dec/2021,0.0321856,0.0,
2021-12-31,0.034749,cdi,2021,12,4,Dec/2021,0.0323687,0.0,
2022-01-03,0.034749,cdi,2022,1,1,Jan/2022,0.0325518,0.0,
2022-01-04,0.034749,cdi,2022,1,1,Jan/2022,0.0327349,0.0,
2022-01-05,0.034749,cdi,2022,1,1,Jan/2022,0.032918,0.0,
2022-01-06,0.034749,cdi,2022,1,1,Jan/2022,0.0331011,0.0,
2022-01-07,0.034749,cdi,2022,1,1,Jan/2022,0.0332842,0.0,
2022-01-10,0.034749,cdi,2022,1,1,Jan/2022,0.0334673,0.0,
2022-01-11,0.034749,cdi,2022,1,1,Jan/2022,0.0336504,0.0,
2022-01-12,0.034749,cdi,2022,1,1,Jan/2022,0.0338335,0.0,
2022-01-13,0.034749,cdi,2022,1,1,Jan/2022,0.0340166,0.0,
2022-01-14,0.034749,cdi,2022,1,1,Jan/2022,0.034199700000000006,0.0,
2022-01-17,0.034749,cdi,2022,1,1,Jan/2022,0.034382800000000005,0.0,
2022-01-18,0.034749,cdi,2022,1,1,Jan/2022,0.034565900000000004,0.0,
2022-01-19,0.034749,cdi,2022,1,1,Jan/2022,0.034749,0.0,
2022-01-20,0.034749,cdi,2022,1,1,Jan/2022,0.034749,0.0,
2022-01-21,0.034749,cdi,2022,1,1,Jan/2022,0.034749,0.0,
2022-01-24,0.034749,cdi,2022,1,1,Jan/2022,0.034749,0.0,
2022-01-25,0.034749,cdi,2022,1,1,Jan/2022,0.034749,0.0,
2022-01-26,0.034749,cdi,2022,1,1,Jan/2022,0.034749,0.0,
2022-01-27,0.034749,cdi,2022,1,1,Jan/2022,0.034749,0.0,
2022-01-28,0.034749,cdi,2022,1,1,Jan/2022,0.034749,0.0,
2022-01-31,0.034749,cdi,2022,1,1,Jan/2022,0.034749,0.0,
2022-02-01,0.034749,cdi,2022,2,1,Feb/2022,0.034749,0.0,
2022-02-02,0.034749,cdi,2022,2,1,Feb/2022,0.034749,0.0,
2022-02-03,0.040168,cdi,2022,2,1,Feb/2022,0.034929633333333335,15.594693372471147,
2022-02-04,0.040168,cdi,2022,2,1,Feb/2022,0.035110266666666674,0.0,
2022-02-07,0.040168,cdi,2022,2,1,Feb/2022,0.03529090000000001,0.0,
2022-02-08,0.040168,cdi,2022,2,1,Feb/2022,0.03547153333333333,0.0,
2022-02-09,0.040168,cdi,2022,2,1,Feb/2022,0.03565216666666667,0.0,
2022-02-10,0.040168,cdi,2022,2,1,Feb/2022,0.035832800000000005,0.0,
2022-02-11,0.040168,cdi,2022,2,1,Feb/2022,0.03601343333333333,0.0,
2022-02-14,0.040168,cdi,2022,2,1,Feb/2022,0.03619406666666667,0.0,
2022-02-15,0.040168,cdi,2022,2,1,Feb/2022,0.0363747,0.0,
2022-02-16,0.040168,cdi,2022,2,1,Feb/2022,0.036555333333333336,0.0,
2022-02-17,0.040168,cdi,2022,2,1,Feb/2022,0.03673596666666667,0.0,
2022-02-18,0.040168,cdi,2022,2,1,Feb/2022,0.0369166,0.0,
2022-02-21,0.040168,cdi,2022,2,1,Feb/2022,0.03709723333333334,0.0,
2022-02-22,0.040168,cdi,2022,2,1,Feb/2022,0.03727786666666667,0.0,
2022-02-23,0.040168,cdi,2022,2,1,Feb/2022,0.0374585,0.0,
2022-02-24,0.040168,cdi,2022,2,1,Feb/2022,0.03763913333333334,0.0,
2022-02-25,0.040168,cdi,2022,2,1,Feb/2022,0.03781976666666667,0.0,
2022-03-02,0.040168,cdi,2022,3,1,Mar/2022,0.038000400000000004,0.0,
2022-03-03,0.040168,cdi,2022,3,1,Mar/2022,0.038181033333333336,0.0,
2022-03-04,0.040168,cdi,2022,3,1,Mar/2022,0.03836166666666666,0.0,
2022-03-07,0.040168,cdi,2022,3,1,Mar/2022,0.0385423,0.0,
2022-03-08,0.040168,cdi,2022,3,1,Mar/2022,0.038722933333333334,0.0,
2022-03-09,0.040168,cdi,2022,3,1,Mar/2022,0.038903566666666674,0.0,
2022-03-10,0.040168,cdi,2022,3,1,Mar/2022,0.039084200000000006,0.0,
2022-03-11,0.040168,cdi,2022,3,1,Mar/2022,0.03926483333333334,0.0,
2022-03-14,0.040168,cdi,2022,3,1,Mar/2022,0.03944546666666667,0.0,
2022-03-15,0.040168,cdi,2022,3,1,Mar/2022,0.039626100000000004,0.0,
2022-03-16,0.040168,cdi,2022,3,1,Mar/2022,0.03980673333333333,0.0,
2022-03-17,0.043739,cdi,2022,3,1,Mar/2022,0.0401064,8.89016132244571,
2022-03-18,0.043739,cdi,2022,3,1,Mar/2022,0.04040606666666667,0.0,
2022-03-21,0.043739,cdi,2022,3,1,Mar/2022,0.0405251,0.0,
2022-03-22,0.043739,cdi,2022,3,1,Mar/2022,0.040644133333333325,0.0,
2022-03-23,0.043739,cdi,2022,3,1,Mar/2022,0.04076316666666667,0.0,
2022-03-24,0.043739,cdi,2022,3,1,Mar/2022,0.0408822,0.0,
2022-03-25,0.043739,cdi,2022,3,1,Mar/2022,0.04100123333333334,0.0,
2022-03-28,0.043739,cdi,2022,3,1,Mar/2022,0.04112026666666667,0.0,
2022-03-29,0.043739,cdi,2022,3,1,Mar/2022,0.0412393,0.0,
2022-03-30,0.043739,cdi,2022,3,1,Mar/2022,0.04135833333333334,0.0,
2022-03-31,0.043739,cdi,2022,3,1,Mar/2022,0.04147736666666667,0.0,
2022-04-01,0.043739,cdi,2022,4,2,Apr/2022,0.041596400000000006,0.0,
2022-04-04,0.043739,cdi,2022,4,2,Apr/2022,0.04171543333333334,0.0,
2022-04-05,0.043739,cdi,2022,4,2,Apr/2022,0.041834466666666674,0.0,
2022-04-06,0.043739,cdi,2022,4,2,Apr/2022,0.0419535,0.0,
2022-04-07,0.043739,cdi,2022,4,2,Apr/2022,0.042072533333333335,0.0,
2022-04-08,0.043739,cdi,2022,4,2,Apr/2022,0.042191566666666666,0.0,
2022-04-11,0.043739,cdi,2022,4,2,Apr/2022,0.0423106,0.0,
2022-04-12,0.043739,cdi,2022,4,2,Apr/2022,0.042429633333333334,0.0,
2022-04-13,0.043739,cdi,2022,4,2,Apr/2022,0.04254866666666667,0.0,
2022-04-14,0.043739,cdi,2022,4,2,Apr/2022,0.0426677,0.0,
2022-04-18,0.043739,cdi,2022,4,2,Apr/2022,0.04278673333333334,0.0,
2022-04-19,0.043739,cdi,2022,4,2,Apr/2022,0.04290576666666667,0.0,
2022-04-20,0.043739,cdi,2022,4,2,Apr/2022,0.0430248,0.0,
2022-04-22,0.043739,cdi,2022,4,2,Apr/2022,0.04314383333333333,0.0,
2022-04-25,0.043739,cdi,2022,4,2,Apr/2022,0.04326286666666666,0.0,
2022-04-26,0.043739,cdi,2022,4,2,Apr/2022,0.043381899999999994,0.0,
2022-04-27,0.043739,cdi,2022,4,2,Apr/2022,0.04350093333333334,0.0,
2022-04-28,0.043739,cdi,2022,4,2,Apr/2022,0.04361996666666667,0.0,
2022-04-29,0.043739,cdi,2022,4,2,Apr/2022,0.043739,0.0,
2022-05-02,0.043739,cdi,2022,5,2,May/2022,0.043739,0.0,
2022-05-03,0.043739,cdi,2022,5,2,May/2022,0.043739,0.0,
2022-05-04,0.043739,cdi,2022,5,2,May/2022,0.043739,0.0,
2022-05-05,0.047279,cdi,2022,5,2,May/2022,0.04385700000000001,8.093463499394126,
2022-05-06,0.047279,cdi,2022,5,2,May/2022,0.04397499999999999,0.0,
2022-05-09,0.047279,cdi,2022,5,2,May/2022,0.044093,0.0,
2022-05-10,0.047279,cdi,2022,5,2,May/2022,0.044211,0.0,
2022-05-11,0.047279,cdi,2022,5,2,May/2022,0.044329,0.0,
2022-05-12,0.047279,cdi,2022,5,2,May/2022,0.044447,0.0,
2022-05-13,0.047279,cdi,2022,5,2,May/2022,0.044565,0.0,
2022-05-16,0.047279,cdi,2022,5,2,May/2022,0.04468300000000001,0.0,
2022-05-17,0.047279,cdi,2022,5,2,May/2022,0.044800999999999994,0.0,
2022-05-18,0.047279,cdi,2022,5,2,May/2022,0.044919,0.0,
2022-05-19,0.047279,cdi,2022,5,2,May/2022,0.045037,0.0,
2022-05-20,0.047279,cdi,2022,5,2,May/2022,0.045154999999999994,0.0,
2022-05-23,0.047279,cdi,2022,5,2,May/2022,0.045273,0.0,
2022-05-24,0.047279,cdi,2022,5,2,May/2022,0.045391,0.0,
2022-05-25,0.047279,cdi,2022,5,2,May/2022,0.045509,0.0,
2022-05-26,0.047279,cdi,2022,5,2,May/2022,0.045627,0.0,
2022-05-27,0.047279,cdi,2022,5,2,May/2022,0.045745,0.0,
2022-05-30,0.047279,cdi,2022,5,2,May/2022,0.045863,0.0,
2022-05-31,0.047279,cdi,2022,5,2,May/2022,0.045981,0.0,
2022-06-01,0.047279,cdi,2022,6,2,Jun/2022,0.046099,0.0,
2022-06-02,0.047279,cdi,2022,6,2,Jun/2022,0.046217,0.0,
2022-06-03,0.047279,cdi,2022,6,2,Jun/2022,0.046335,0.0,
2022-06-06,0.047279,cdi,2022,6,2,Jun/2022,0.046453,0.0,
2022-06-07,0.047279,cdi,2022,6,2,Jun/2022,0.04657100000000001,0.0,
2022-06-08,0.047279,cdi,2022,6,2,Jun/2022,0.046689,0.0,
2022-06-09,0.047279,cdi,2022,6,2,Jun/2022,0.046807,0.0,
2022-06-10,0.047279,cdi,2022,6,2,Jun/2022,0.046925,0.0,
2022-06-13,0.047279,cdi,2022,6,2,Jun/2022,0.047042999999999995,0.0,
2022-06-14,0.047279,cdi,2022,6,2,Jun/2022,0.047161,0.0,
2022-06-15,0.047279,cdi,2022,6,2,Jun/2022,0.047279,0.0,
2022-06-17,0.049037,cdi,2022,6,2,Jun/2022,0.0473376,3.7183527570380015,
2022-06-20,0.049037,cdi,2022,6,2,Jun/2022,0.0473962,0.0,
2022-06-21,0.049037,cdi,2022,6,2,Jun/2022,0.047454800000000005,0.0,
2022-06-22,0.049037,cdi,2022,6,2,Jun/2022,0.047513400000000004,0.0,
2022-06-23,0.049037,cdi,2022,6,2,Jun/2022,0.047571999999999996,0.0,
2022-06-24,0.049037,cdi,2022,6,2,Jun/2022,0.0476306,0.0,
2022-06-27,0.049037,cdi,2022,6,2,Jun/2022,0.0476892,0.0,
2022-06-28,0.049037,cdi,2022,6,2,Jun/2022,0.0477478,0.0,
2022-06-29,0.049037,cdi,2022,6,2,Jun/2022,0.047806400000000006,0.0,
2022-06-30,0.049037,cdi,2022,6,2,Jun/2022,0.047865000000000005,0.0,
2022-07-01,0.049037,cdi,2022,7,3,Jul/2022,0.0479236,0.0,
2022-07-04,0.049037,cdi,2022,7,3,Jul/2022,0.0479822,0.0,
2022-07-05,0.049037,cdi,2022,7,3,Jul/2022,0.0480408,0.0,
2022-07-06,0.049037,cdi,2022,7,3,Jul/2022,0.0480994,0.0,
2022-07-07,0.049037,cdi,2022,7,3,Jul/2022,0.048158000000000006,0.0,
2022-07-08,0.049037,cdi,2022,7,3,Jul/2022,0.048216600000000005,0.0,
2022-07-11,0.049037,cdi,2022,7,3,Jul/2022,0.0482752,0.0,
2022-07-12,0.049037,cdi,2022,7,3,Jul/2022,0.0483338,0.0,
2022-07-13,0.049037,cdi,2022,7,3,Jul/2022,0.0483924,0.0,
2022-07-14,0.049037,cdi,2022,7,3,Jul/2022,0.048451,0.0,
2022-07-15,0.049037,cdi,2022,7,3,Jul/2022,0.0485096,0.0,
2022-07-18,0.049037,cdi,2022,7,3,Jul/2022,0.0485682,0.0,
2022-07-19,0.049037,cdi,2022,7,3,Jul/2022,0.0486268,0.0,
2022-07-20,0.049037,cdi,2022,7,3,Jul/2022,0.0486854,0.0,
2022-07-21,0.049037,cdi,2022,7,3,Jul/2022,0.048744,0.0,
2022-07-22,0.049037,cdi,2022,7,3,Jul/2022,0.0488026,0.0,
2022-07-25,0.049037,cdi,2022,7,3,Jul/2022,0.0488612,0.0,
2022-07-26,0.049037,cdi,2022,7,3,Jul/2022,0.0489198,0.0,
2022-07-27,0.049037,cdi,2022,7,3,Jul/2022,0.0489784,0.0,
2022-07-28,0.049037,cdi,2022,7,3,Jul/2022,0.049037,0.0,
2022-07-29,0.049037,cdi,2022,7,3,Jul/2022,0.049037,0.0,
2022-08-01,0.049037,cdi,2022,8,3,Aug/2022,0.049037,0.0,
2022-08-02,0.049037,cdi,2022,8,3,Aug/2022,0.049037,0.0,
2022-08-03,0.049037,cdi,2022,8,3,Aug/2022,0.049037,0.0,
2022-08-04,0.050788,cdi,2022,8,3,Aug/2022,0.04909536666666667,3.5707730897077683,
2022-08-05,0.050788,cdi,2022,8,3,Aug/2022,0.049153733333333324,0.0,
2022-08-08,0.050788,cdi,2022,8,3,Aug/2022,0.049212099999999995,0.0,
2022-08-09,0.050788,cdi,2022,8,3,Aug/2022,0.049270466666666665,0.0,
2022-08-10,0.050788,cdi,2022,8,3,Aug/2022,0.04932883333333333,0.0,
2022-08-11,0.050788,cdi,2022,8,3,Aug/2022,0.04938719999999999,0.0,
2022-08-12,0.050788,cdi,2022,8,3,Aug/2022,0.04944556666666666,0.0,
2022-08-15,0.050788,cdi,2022,8,3,Aug/2022,0.04950393333333333,0.0,
2022-08-16,0.050788,cdi,2022,8,3,Aug/2022,0.0495623,0.0,
2022-08-17,0.050788,cdi,2022,8,3,Aug/2022,0.04962066666666666,0.0,
2022-08-18,0.050788,cdi,2022,8,3,Aug/2022,0.04967903333333333,0.0,
2022-08-19,0.050788,cdi,2022,8,3,Aug/2022,0.0497374,0.0,
2022-08-22,0.050788,cdi,2022,8,3,Aug/2022,0.04979576666666666,0.0,
2022-08-23,0.050788,cdi,2022,8,3,Aug/2022,0.04985413333333333,0.0,
2022-08-24,0.050788,cdi,2022,8,3,Aug/2022,0.0499125,0.0,
2022-08-25,0.050788,cdi,2022,8,3,Aug/2022,0.04997086666666666,0.0,
2022-08-26,0.050788,cdi,2022,8,3,Aug/2022,0.05002923333333333,0.0,
2022-08-29,0.050788,cdi,2022,8,3,Aug/2022,0.050087599999999996,0.0,
2022-08-30,0.050788,cdi,2022,8,3,Aug/2022,0.050145966666666666,0.0,
2022-08-31,0.050788,cdi,2022,8,3,Aug/2022,0.05020433333333333,0.0,
2022-09-01,0.050788,cdi,2022,9,3,Sep/2022,0.050262699999999993,0.0,
2022-09-02,0.050788,cdi,2022,9,3,Sep/2022,0.050321066666666664,0.0,
2022-09-05,0.050788,cdi,2022,9,3,Sep/2022,0.05037943333333333,0.0,
2022-09-06,0.050788,cdi,2022,9,3,Sep/2022,0.0504378,0.0,
2022-09-08,0.050788,cdi,2022,9,3,Sep/2022,0.05049616666666667,0.0,
2022-09-09,0.050788,cdi,2022,9,3,Sep/2022,0.05055453333333333,0.0,
2022-09-12,0.050788,cdi,2022,9,3,Sep/2022,0.050612899999999995,0.0,
2022-09-13,0.050788,cdi,2022,9,3,Sep/2022,0.050671266666666666,0.0,
2022-09-14,0.050788,cdi,2022,9,3,Sep/2022,0.05072963333333333,0.0,
2022-09-15,0.050788,cdi,2022,9,3,Sep/2022,0.050788,0.0,
2022-09-16,0.050788,cdi,2022,9,3,Sep/2022,0.050788,0.0,
2022-09-19,0.050788,cdi,2022,9,3,Sep/2022,0.050788,0.0,
2022-09-20,0.050788,cdi,2022,9,3,Sep/2022,0.050788,0.0,
2022-09-21,0.050788,cdi,2022,9,3,Sep/2022,0.050788,0.0,
2022-09-22,0.050788,cdi,2022,9,3,Sep/2022,0.050788,0.0,
2022-09-23,0.050788,cdi,2022,9,3,Sep/2022,0.050788,0.0,
2022-09-26,0.050788,cdi,2022,9,3,Sep/2022,0.050788,0.0,
2022-09-27,0.050788,cdi,2022,9,3,Sep/2022,0.050788,0.0,
2022-09-28,0.050788,cdi,2022,9,3,Sep/2022,0.050788,0.0,
2022-09-29,0.050788,cdi,2022,9,3,Sep/2022,0.050788,0.0,
2022-09-30,0.050788,cdi,2022,9,3,Sep/2022,0.050788,0.0,
2022-10-03,0.050788,cdi,2022,10,4,Oct/2022,0.050788,0.0,
2022-10-04,0.050788,cdi,2022,10,4,Oct/2022,0.050788,0.0,
2022-10-05,0.050788,cdi,2022,10,4,Oct/2022,0.050788,0.0,
2022-10-06,0.050788,cdi,2022,10,4,Oct/2022,0.050788,0.0,
2022-10-07,0.050788,cdi,2022,10,4,Oct/2022,0.050788,0.0,
2022-10-10,0.050788,cdi,2022,10,4,Oct/2022,0.050788,0.0,
2022-10-11,0.050788,cdi,2022,10,4,Oct/2022,0.050788,0.0,
2022-10-13,0.050788,cdi,2022,10,4,Oct/2022,0.050788,0.0,
2022-10-14,0.050788,cdi,2022,10,4,Oct/2022,0.050788,0.0,
2022-10-17,0.050788,cdi,2022,10,4,Oct/2022,0.050788,0.0,
2022-10-18,0.050788,cdi,2022,10,4,Oct/2022,0.050788,0.0,
2022-10-19,0.050788,cdi,2022,10,4,Oct/2022,0.050788,0.0,
2022-10-20,0.050788,cdi,2022,10,4,Oct/2022,0.050788,0.0,
2022-10-21,0.050788,cdi,2022,10,4,Oct/2022,0.050788,0.0,
2022-10-24,0.050788,cdi,2022,10,4,Oct/2022,0.050788,0.0,
2022-10-25,0.050788,cdi,2022,10,4,Oct/2022,0.050788,0.0,
2022-10-26,0.050788,cdi,2022,10,4,Oct/2022,0.050788,0.0,
2022-10-27,0.050788,cdi,2022,10,4,Oct/2022,0.050788,0.0,
2022-10-28,0.050788,cdi,2022,10,4,Oct/2022,0.050788,0.0,
2022-10-31,0.050788,cdi,2022,10,4,Oct/2022,0.050788,0.0,
2022-11-01,0.050788,cdi,2022,11,4,Nov/2022,0.050788,0.0,
2022-11-03,0.050788,cdi,2022,11,4,Nov/2022,0.050788,0.0,
2022-11-04,0.050788,cdi,2022,11,4,Nov/2022,0.050788,0.0,
2022-11-07,0.050788,cdi,2022,11,4,Nov/2022,0.050788,0.0,
2022-11-08,0.050788,cdi,2022,11,4,Nov/2022,0.050788,0.0,
2022-11-09,0.050788,cdi,2022,11,4,Nov/2022,0.050788,0.0,
2022-11-10,0.050788,cdi,2022,11,4,Nov/2022,0.050788,0.0,
2022-11-11,0.050788,cdi,2022,11,4,Nov/2022,0.050788,0.0,
2022-11-14,0.050788,cdi,2022,11,4,Nov/2022,0.050788,0.0,
2022-11-16,0.050788,cdi,2022,11,4,Nov/2022,0.050788,0.0,
2022-11-17,0.050788,cdi,2022,11,4,Nov/2022,0.050788,0.0,
2022-11-18,0.050788,cdi,2022,11,4,Nov/2022,0.050788,0.0,
2022-11-21,0.050788,cdi,2022,11,4,Nov/2022,0.050788,0.0,
2022-11-22,0.050788,cdi,2022,11,4,Nov/2022,0.050788,0.0,
2022-11-23,0.050788,cdi,2022,11,4,Nov/2022,0.050788,0.0,
2022-11-24,0.050788,cdi,2022,11,4,Nov/2022,0.050788,0.0,
2022-11-25,0.050788,cdi,2022,11,4,Nov/2022,0.050788,0.0,
2022-11-28,0.050788,cdi,2022,11,4,Nov/2022,0.050788,0.0,
2022-11-29,0.050788,cdi,2022,11,4,Nov/2022,0.050788,0.0,
2022-11-30,0.050788,cdi,2022,11,4,Nov/2022,0.050788,0.0,
2022-12-01,0.050788,cdi,2022,12,4,Dec/2022,0.050788,0.0,
2022-12-02,0.050788,cdi,2022,12,4,Dec/2022,0.050788,0.0,
2022-12-05,0.050788,cdi,2022,12,4,Dec/2022,0.050788,0.0,
2022-12-06,0.050788,cdi,2022,12,4,Dec/2022,0.050788,0.0,
2022-12-07,0.050788,cdi,2022,12,4,Dec/2022,0.050788,0.0,
2022-12-08,0.050788,cdi,2022,12,4,Dec/2022,0.050788,0.0,
2022-12-09,0.050788,cdi,2022,12,4,Dec/2022,0.050788,0.0,
2022-12-12,0.050788,cdi,2022,12,4,Dec/2022,0.050788,0.0,
2022-12-13,0.050788,cdi,2022,12,4,Dec/2022,0.050788,0.0,
2022-12-14,0.050788,cdi,2022,12,4,Dec/2022,0.050788,0.0,
2022-12-15,0.050788,cdi,2022,12,4,Dec/2022,0.050788,0.0,
2022-12-16,0.050788,cdi,2022,12,4,Dec/2022,0.050788,0.0,
2022-12-19,0.050788,cdi,2022,12,4,Dec/2022,0.050788,0.0,
2022-12-20,0.050788,cdi,2022,12,4,Dec/2022,0.050788,0.0,
2022-12-21,0.050788,cdi,2022,12,4,Dec/2022,0.050788,0.0,
2022-12-22,0.050788,cdi,2022,12,4,Dec/2022,0.050788,0.0,
2022-12-23,0.050788,cdi,2022,12,4,Dec/2022,0.050788,0.0,
2022-12-26,0.050788,cdi,2022,12,4,Dec/2022,0.050788,0.0,
2022-12-27,0.050788,cdi,2022,12,4,Dec/2022,0.050788,0.0,
2022-12-28,0.050788,cdi,2022,12,4,Dec/2022,0.050788,0.0,
2022-12-29,0.050788,cdi,2022,12,4,Dec/2022,0.050788,0.0,
2022-12-30,0.050788,cdi,2022,12,4,Dec/2022,0.050788,0.0,
2023-01-02,0.050788,cdi,2023,1,1,Jan/2023,0.050788,0.0,
2023-01-03,0.050788,cdi,2023,1,1,Jan/2023,0.050788,0.0,
2023-01-04,0.050788,cdi,2023,1,1,Jan/2023,0.050788,0.0,
2023-01-05,0.050788,cdi,2023,1,1,Jan/2023,0.050788,0.0,
2023-01-06,0.050788,cdi,2023,1,1,Jan/2023,0.050788,0.0,
2023-01-09,0.050788,cdi,2023,1,1,Jan/2023,0.050788,0.0,
2023-01-10,0.050788,cdi,2023,1,1,Jan/2023,0.050788,0.0,
2023-01-11,0.050788,cdi,2023,1,1,Jan/2023,0.050788,0.0,
2023-01-12,0.050788,cdi,2023,1,1,Jan/2023,0.050788,0.0,
2023-01-13,0.050788,cdi,2023,1,1,Jan/2023,0.050788,0.0,
2023-01-16,0.050788,cdi,2023,1,1,Jan/2023,0.050788,0.0,
2023-01-17,0.050788,cdi,2023,1,1,Jan/2023,0.050788,0.0,
2023-01-18,0.050788,cdi,2023,1,1,Jan/2023,0.050788,0.0,
2023-01-19,0.050788,cdi,2023,1,1,Jan/2023,0.050788,0.0,
2023-01-20,0.050788,cdi,2023,1,1,Jan/2023,0.050788,0.0,
2023-01-23,0.050788,cdi,2023,1,1,Jan/2023,0.050788,0.0,
2023-01-24,0.050788,cdi,2023,1,1,Jan/2023,0.050788,0.0,
2023-01-25,0.050788,cdi,2023,1,1,Jan/2023,0.050788,0.0,
2023-01-26,0.050788,cdi,2023,1,1,Jan/2023,0.050788,0.0,
2023-01-27,0.050788,cdi,2023,1,1,Jan/2023,0.050788,0.0,
2023-01-30,0.050788,cdi,2023,1,1,Jan/2023,0.050788,0.0,
2023-01-31,0.050788,cdi,2023,1,1,Jan/2023,0.050788,0.0,
2023-02-01,0.050788,cdi,2023,2,1,Feb/2023,0.050788,0.0,
2023-02-02,0.050788,cdi,2023,2,1,Feb/2023,0.050788,0.0,
2023-02-03,0.050788,cdi,2023,2,1,Feb/2023,0.050788,0.0,
2023-02-06,0.050788,cdi,2023,2,1,Feb/2023,0.050788,0.0,
2023-02-07,0.050788,cdi,2023,2,1,Feb/2023,0.050788,0.0,
2023-02-08,0.050788,cdi,2023,2,1,Feb/2023,0.050788,0.0,
2023-02-09,0.050788,cdi,2023,2,1,Feb/2023,0.050788,0.0,
2023-02-10,0.050788,cdi,2023,2,1,Feb/2023,0.050788,0.0,
2023-02-13,0.050788,cdi,2023,2,1,Feb/2023,0.050788,0.0,
2023-02-14,0.050788,cdi,2023,2,1,Feb/2023,0.050788,0.0,
2023-02-15,0.050788,cdi,2023,2,1,Feb/2023,0.050788,0.0,
2023-02-16,0.050788,cdi,2023,2,1,Feb/2023,0.050788,0.0,
2023-02-17,0.050788,cdi,2023,2,1,Feb/2023,0.050788,0.0,
2023-02-22,0.050788,cdi,2023,2,1,Feb/2023,0.050788,0.0,
2023-02-23,0.050788,cdi,2023,2,1,Feb/2023,0.050788,0.0,
2023-02-24,0.050788,cdi,2023,2,1,Feb/2023,0.050788,0.0,
2023-02-27,0.050788,cdi,2023,2,1,Feb/2023,0.050788,0.0,
2023-02-28,0.050788,cdi,2023,2,1,Feb/2023,0.050788,0.0,
2023-03-01,0.050788,cdi,2023,3,1,Mar/2023,0.050788,0.0,
2023-03-02,0.050788,cdi,2023,3,1,Mar/2023,0.050788,0.0,
2023-03-03,0.050788,cdi,2023,3,1,Mar/2023,0.050788,0.0,
2023-03-06,0.050788,cdi,2023,3,1,Mar/2023,0.050788,0.0,
2023-03-07,0.050788,cdi,2023,3,1,Mar/2023,0.050788,0.0,
2023-03-08,0.050788,cdi,2023,3,1,Mar/2023,0.050788,0.0,
2023-03-09,0.050788,cdi,2023,3,1,Mar/2023,0.050788,0.0,
2023-03-10,0.050788,cdi,2023,3,1,Mar/2023,0.050788,0.0,
2023-03-13,0.050788,cdi,2023,3,1,Mar/2023,0.050788,0.0,
2023-03-14,0.050788,cdi,2023,3,1,Mar/2023,0.050788,0.0,
2023-03-15,0.050788,cdi,2023,3,1,Mar/2023,0.050788,0.0,
2023-03-16,0.050788,cdi,2023,3,1,Mar/2023,0.050788,0.0,
2023-03-17,0.050788,cdi,2023,3,1,Mar/2023,0.050788,0.0,
2023-03-20,0.050788,cdi,2023,3,1,Mar/2023,0.050788,0.0,
2023-03-21,0.050788,cdi,2023,3,1,Mar/2023,0.050788,0.0,
2023-03-22,0.050788,cdi,2023,3,1,Mar/2023,0.050788,0.0,
2023-03-23,0.050788,cdi,2023,3,1,Mar/2023,0.050788,0.0,
2023-03-24,0.050788,cdi,2023,3,1,Mar/2023,0.050788,0.0,
2023-03-27,0.050788,cdi,2023,3,1,Mar/2023,0.050788,0.0,
2023-03-28,0.050788,cdi,2023,3,1,Mar/2023,0.050788,0.0,
2023-03-29,0.050788,cdi,2023,3,1,Mar/2023,0.050788,0.0,
2023-03-30,0.050788,cdi,2023,3,1,Mar/2023,0.050788,0.0,
2023-03-31,0.050788,cdi,2023,3,1,Mar/2023,0.050788,0.0,
2023-04-03,0.050788,cdi,2023,4,2,Apr/2023,0.050788,0.0,
2023-04-04,0.050788,cdi,2023,4,2,Apr/2023,0.050788,0.0,
2023-04-05,0.050788,cdi,2023,4,2,Apr/2023,0.050788,0.0,
2023-04-06,0.050788,cdi,2023,4,2,Apr/2023,0.050788,0.0,
2023-04-10,0.050788,cdi,2023,4,2,Apr/2023,0.050788,0.0,
2023-04-11,0.050788,cdi,2023,4,2,Apr/2023,0.050788,0.0,
2023-04-12,0.050788,cdi,2023,4,2,Apr/2023,0.050788,0.0,
2023-04-13,0.050788,cdi,2023,4,2,Apr/2023,0.050788,0.0,
2023-04-14,0.050788,cdi,2023,4,2,Apr/2023,0.050788,0.0,
2023-04-17,0.050788,cdi,2023,4,2,Apr/2023,0.050788,0.0,
2023-04-18,0.050788,cdi,2023,4,2,Apr/2023,0.050788,0.0,
2023-04-19,0.050788,cdi,2023,4,2,Apr/2023,0.050788,0.0,
2023-04-20,0.050788,cdi,2023,4,2,Apr/2023,0.050788,0.0,
2023-04-24,0.050788,cdi,2023,4,2,Apr/2023,0.050788,0.0,
2023-04-25,0.050788,cdi,2023,4,2,Apr/2023,0.050788,0.0,
2023-04-26,0.050788,cdi,2023,4,2,Apr/2023,0.050788,0.0,
2023-04-27,0.050788,cdi,2023,4,2,Apr/2023,0.050788,0.0,
2023-04-28,0.050788,cdi,2023,4,2,Apr/2023,0.050788,0.0,
2023-05-02,0.050788,cdi,2023,5,2,May/2023,0.050788,0.0,
2023-05-03,0.050788,cdi,2023,5,2,May/2023,0.050788,0.0,
2023-05-04,0.050788,cdi,2023,5,2,May/2023,0.050788,0.0,
2023-05-05,0.050788,cdi,2023,5,2,May/2023,0.050788,0.0,
2023-05-08,0.050788,cdi,2023,5,2,May/2023,0.050788,0.0,
2023-05-09,0.050788,cdi,2023,5,2,May/2023,0.050788,0.0,
2023-05-10,0.050788,cdi,2023,5,2,May/2023,0.050788,0.0,
2023-05-11,0.050788,cdi,2023,5,2,May/2023,0.050788,0.0,
2023-05-12,0.050788,cdi,2023,5,2,May/2023,0.050788,0.0,
2023-05-15,0.050788,cdi,2023,5,2,May/2023,0.050788,0.0,
2023-05-16,0.050788,cdi,2023,5,2,May/2023,0.050788,0.0,
2023-05-17,0.050788,cdi,2023,5,2,May/2023,0.050788,0.0,
2023-05-18,0.050788,cdi,2023,5,2,May/2023,0.050788,0.0,
2023-05-19,0.050788,cdi,2023,5,2,May/2023,0.050788,0.0,
2023-05-22,0.050788,cdi,2023,5,2,May/2023,0.050788,0.0,
2023-05-23,0.050788,cdi,2023,5,2,May/2023,0.050788,0.0,
2023-05-24,0.050788,cdi,2023,5,2,May/2023,0.050788,0.0,
2023-05-25,0.050788,cdi,2023,5,2,May/2023,0.050788,0.0,
2023-05-26,0.050788,cdi,2023,5,2,May/2023,0.050788,0.0,
2023-05-29,0.050788,cdi,2023,5,2,May/2023,0.050788,0.0,
2023-05-30,0.050788,cdi,2023,5,2,May/2023,0.050788,0.0,
2023-05-31,0.050788,cdi,2023,5,2,May/2023,0.050788,0.0,
2023-06-01,0.050788,cdi,2023,6,2,Jun/2023,0.050788,0.0,
2023-06-02,0.050788,cdi,2023,6,2,Jun/2023,0.050788,0.0,
2023-06-05,0.050788,cdi,2023,6,2,Jun/2023,0.050788,0.0,
2023-06-06,0.050788,cdi,2023,6,2,Jun/2023,0.050788,0.0,
2023-06-07,0.050788,cdi,2023,6,2,Jun/2023,0.050788,0.0,
2023-06-09,0.050788,cdi,2023,6,2,Jun/2023,0.050788,0.0,
2023-06-12,0.050788,cdi,2023,6,2,Jun/2023,0.050788,0.0,
2023-06-13,0.050788,cdi,2023,6,2,Jun/2023,0.050788,0.0,
2023-06-14,0.050788,cdi,2023,6,2,Jun/2023,0.050788,0.0,
2023-06-15,0.050788,cdi,2023,6,2,Jun/2023,0.050788,0.0,
2023-06-16,0.050788,cdi,2023,6,2,Jun/2023,0.050788,0.0,
2023-06-19,0.050788,cdi,2023,6,2,Jun/2023,0.050788,0.0,
2023-06-20,0.050788,cdi,2023,6,2,Jun/2023,0.050788,0.0,
2023-06-21,0.050788,cdi,2023,6,2,Jun/2023,0.050788,0.0,
2023-06-22,0.050788,cdi,2023,6,2,Jun/2023,0.050788,0.0,
2023-06-23,0.050788,cdi,2023,6,2,Jun/2023,0.050788,0.0,
2023-06-26,0.050788,cdi,2023,6,2,Jun/2023,0.050788,0.0,
2023-06-27,0.050788,cdi,2023,6,2,Jun/2023,0.050788,0.0,
2023-06-28,0.050788,cdi,2023,6,2,Jun/2023,0.050788,0.0,
2023-06-29,0.050788,cdi,2023,6,2,Jun/2023,0.050788,0.0,
2023-06-30,0.050788,cdi,2023,6,2,Jun/2023,0.050788,0.0,
2023-07-03,0.050788,cdi,2023,7,3,Jul/2023,0.050788,0.0,
2023-07-04,0.050788,cdi,2023,7,3,Jul/2023,0.050788,0.0,
2023-07-05,0.050788,cdi,2023,7,3,Jul/2023,0.050788,0.0,
2023-07-06,0.050788,cdi,2023,7,3,Jul/2023,0.050788,0.0,
2023-07-07,0.050788,cdi,2023,7,3,Jul/2023,0.050788,0.0,
2023-07-10,0.050788,cdi,2023,7,3,Jul/2023,0.050788,0.0,
2023-07-11,0.050788,cdi,2023,7,3,Jul/2023,0.050788,0.0,
2023-07-12,0.050788,cdi,2023,7,3,Jul/2023,0.050788,0.0,
2023-07-13,0.050788,cdi,2023,7,3,Jul/2023,0.050788,0.0,
2023-07-14,0.050788,cdi,2023,7,3,Jul/2023,0.050788,0.0,
2023-07-17,0.050788,cdi,2023,7,3,Jul/2023,0.050788,0.0,
2023-07-18,0.050788,cdi,2023,7,3,Jul/2023,0.050788,0.0,
2023-07-19,0.050788,cdi,2023,7,3,Jul/2023,0.050788,0.0,
2023-07-20,0.050788,cdi,2023,7,3,Jul/2023,0.050788,0.0,
2023-07-21,0.050788,cdi,2023,7,3,Jul/2023,0.050788,0.0,
2023-07-24,0.050788,cdi,2023,7,3,Jul/2023,0.050788,0.0,
2023-07-25,0.050788,cdi,2023,7,3,Jul/2023,0.050788,0.0,
2023-07-26,0.050788,cdi,2023,7,3,Jul/2023,0.050788,0.0,
2023-07-27,0.050788,cdi,2023,7,3,Jul/2023,0.050788,0.0,
2023-07-28,0.050788,cdi,2023,7,3,Jul/2023,0.050788,0.0,
2023-07-31,0.050788,cdi,2023,7,3,Jul/2023,0.050788,0.0,
2023-08-01,0.050788,cdi,2023,8,3,Aug/2023,0.050788,0.0,
2023-08-02,0.050788,cdi,2023,8,3,Aug/2023,0.050788,0.0,
2023-08-03,0.049037,cdi,2023,8,3,Aug/2023,0.050729633333333336,-3.447664802709305,
2023-08-04,0.049037,cdi,2023,8,3,Aug/2023,0.050671266666666666,0.0,
2023-08-07,0.049037,cdi,2023,8,3,Aug/2023,0.050612899999999995,0.0,
2023-08-08,0.049037,cdi,2023,8,3,Aug/2023,0.05055453333333333,0.0,
2023-08-09,0.049037,cdi,2023,8,3,Aug/2023,0.05049616666666666,0.0,
2023-08-10,0.049037,cdi,2023,8,3,Aug/2023,0.0504378,0.0,
2023-08-11,0.049037,cdi,2023,8,3,Aug/2023,0.05037943333333333,0.0,
2023-08-14,0.049037,cdi,2023,8,3,Aug/2023,0.050321066666666664,0.0,
2023-08-15,0.049037,cdi,2023,8,3,Aug/2023,0.0502627,0.0,
2023-08-16,0.049037,cdi,2023,8,3,Aug/2023,0.05020433333333333,0.0,
2023-08-17,0.049037,cdi,2023,8,3,Aug/2023,0.050145966666666666,0.0,
2023-08-18,0.049037,cdi,2023,8,3,Aug/2023,0.050087599999999996,0.0,
2023-08-21,0.049037,cdi,2023,8,3,Aug/2023,0.050029233333333326,0.0,
2023-08-22,0.049037,cdi,2023,8,3,Aug/2023,0.04997086666666666,0.0,
2023-08-23,0.049037,cdi,2023,8,3,Aug/2023,0.0499125,0.0,
2023-08-24,0.049037,cdi,2023,8,3,Aug/2023,0.04985413333333333,0.0,
2023-08-25,0.049037,cdi,2023,8,3,Aug/2023,0.049795766666666665,0.0,
2023-08-28,0.049037,cdi,2023,8,3,Aug/2023,0.0497374,0.0,
2023-08-29,0.049037,cdi,2023,8,3,Aug/2023,0.04967903333333333,0.0,
2023-08-30,0.049037,cdi,2023,8,3,Aug/2023,0.04962066666666666,0.0,
2023-08-31,0.049037,cdi,2023,8,3,Aug/2023,0.04956229999999999,0.0,
2023-09-01,0.049037,cdi,2023,9,3,Sep/2023,0.04950393333333333,0.0,
2023-09-04,0.049037,cdi,2023,9,3,Sep/2023,0.04944556666666666,0.0,
2023-09-05,0.049037,cdi,2023,9,3,Sep/2023,0.04938719999999999,0.0,
2023-09-06,0.049037,cdi,2023,9,3,Sep/2023,0.049328833333333336,0.0,
2023-09-08,0.049037,cdi,2023,9,3,Sep/2023,0.049270466666666665,0.0,
2023-09-11,0.049037,cdi,2023,9,3,Sep/2023,0.049212099999999995,0.0,
2023-09-12,0.049037,cdi,2023,9,3,Sep/2023,0.049153733333333324,0.0,
2023-09-13,0.049037,cdi,2023,9,3,Sep/2023,0.04909536666666666,0.0,
2023-09-14,0.049037,cdi,2023,9,3,Sep/2023,0.049037,0.0,
2023-09-15,0.049037,cdi,2023,9,3,Sep/2023,0.049037,0.0,
2023-09-18,0.049037,cdi,2023,9,3,Sep/2023,0.049037,0.0,
2023-09-19,0.049037,cdi,2023,9,3,Sep/2023,0.049037,0.0,
2023-09-20,0.049037,cdi,2023,9,3,Sep/2023,0.049037,0.0,
2023-09-21,0.047279,cdi,2023,9,3,Sep/2023,0.0489784,-3.5850480249607353,
2023-09-22,0.047279,cdi,2023,9,3,Sep/2023,0.0489198,0.0,
2023-09-25,0.047279,cdi,2023,9,3,Sep/2023,0.0488612,0.0,
2023-09-26,0.047279,cdi,2023,9,3,Sep/2023,0.0488026,0.0,
2023-09-27,0.047279,cdi,2023,9,3,Sep/2023,0.048744,0.0,
2023-09-28,0.047279,cdi,2023,9,3,Sep/2023,0.0486854,0.0,
2023-09-29,0.047279,cdi,2023,9,3,Sep/2023,0.0486268,0.0,
2023-10-02,0.047279,cdi,2023,10,4,Oct/2023,0.0485682,0.0,
2023-10-03,0.047279,cdi,2023,10,4,Oct/2023,0.0485096,0.0,
2023-10-04,0.047279,cdi,2023,10,4,Oct/2023,0.048451,0.0,
2023-10-05,0.047279,cdi,2023,10,4,Oct/2023,0.0483924,0.0,
2023-10-06,0.047279,cdi,2023,10,4,Oct/2023,0.048333799999999996,0.0,
2023-10-09,0.047279,cdi,2023,10,4,Oct/2023,0.0482752,0.0,
2023-10-10,0.047279,cdi,2023,10,4,Oct/2023,0.048216600000000005,0.0,
2023-10-11,0.047279,cdi,2023,10,4,Oct/2023,0.048158000000000006,0.0,
2023-10-13,0.047279,cdi,2023,10,4,Oct/2023,0.0480994,0.0,
2023-10-16,0.047279,cdi,2023,10,4,Oct/2023,0.0480408,0.0,
2023-10-17,0.047279,cdi,2023,10,4,Oct/2023,0.0479822,0.0,
2023-10-18,0.047279,cdi,2023,10,4,Oct/2023,0.0479236,0.0,
2023-10-19,0.047279,cdi,2023,10,4,Oct/2023,0.047865000000000005,0.0,
2023-10-20,0.047279,cdi,2023,10,4,Oct/2023,0.047806400000000006,0.0,
2023-10-23,0.047279,cdi,2023,10,4,Oct/2023,0.0477478,0.0,
2023-10-24,0.047279,cdi,2023,10,4,Oct/2023,0.0476892,0.0,
2023-10-25,0.047279,cdi,2023,10,4,Oct/2023,0.0476306,0.0,
2023-10-26,0.047279,cdi,2023,10,4,Oct/2023,0.047571999999999996,0.0,
2023-10-27,0.047279,cdi,2023,10,4,Oct/2023,0.047513400000000004,0.0,
2023-10-30,0.047279,cdi,2023,10,4,Oct/2023,0.047454800000000005,0.0,
2023-10-31,0.047279,cdi,2023,10,4,Oct/2023,0.047396200000000006,0.0,
2023-11-01,0.047279,cdi,2023,11,4,Nov/2023,0.0473376,0.0,
2023-11-03,0.045513,cdi,2023,11,4,Nov/2023,0.04722013333333334,-3.735273588696897,
2023-11-06,0.045513,cdi,2023,11,4,Nov/2023,0.04716126666666667,0.0,
2023-11-07,0.045513,cdi,2023,11,4,Nov/2023,0.047102399999999996,0.0,
2023-11-08,0.045513,cdi,2023,11,4,Nov/2023,0.04704353333333334,0.0,
2023-11-09,0.045513,cdi,2023,11,4,Nov/2023,0.04698466666666667,0.0,
2023-11-10,0.045513,cdi,2023,11,4,Nov/2023,0.0469258,0.0,
2023-11-13,0.045513,cdi,2023,11,4,Nov/2023,0.04686693333333334,0.0,
2023-11-14,0.045513,cdi,2023,11,4,Nov/2023,0.04680806666666667,0.0,
2023-11-16,0.045513,cdi,2023,11,4,Nov/2023,0.046749200000000005,0.0,
2023-11-17,0.045513,cdi,2023,11,4,Nov/2023,0.04669033333333334,0.0,
2023-11-20,0.045513,cdi,2023,11,4,Nov/2023,0.04663146666666666,0.0,
2023-11-21,0.045513,cdi,2023,11,4,Nov/2023,0.0465726,0.0,
2023-11-22,0.045513,cdi,2023,11,4,Nov/2023,0.046513733333333335,0.0,
2023-11-23,0.045513,cdi,2023,11,4,Nov/2023,0.046454866666666664,0.0,
2023-11-24,0.045513,cdi,2023,11,4,Nov/2023,0.046396,0.0,
2023-11-27,0.045513,cdi,2023,11,4,Nov/2023,0.04633713333333333,0.0,
2023-11-28,0.045513,cdi,2023,11,4,Nov/2023,0.04627826666666667,0.0,
2023-11-29,0.045513,cdi,2023,11,4,Nov/2023,0.0462194,0.0,
2023-11-30,0.045513,cdi,2023,11,4,Nov/2023,0.04616053333333333,0.0,
2023-12-01,0.045513,cdi,2023,12,4,Dec/2023,0.04610166666666667,0.0,
2023-12-04,0.045513,cdi,2023,12,4,Dec/2023,0.0460428,0.0,
2023-12-05,0.045513,cdi,2023,12,4,Dec/2023,0.045983933333333324,0.0,
2023-12-06,0.045513,cdi,2023,12,4,Dec/2023,0.04592506666666667,0.0,
2023-12-07,0.045513,cdi,2023,12,4,Dec/2023,0.045866199999999996,0.0,
2023-12-08,0.045513,cdi,2023,12,4,Dec/2023,0.04580733333333333,0.0,
2023-12-11,0.045513,cdi,2023,12,4,Dec/2023,0.04574846666666667,0.0,
2023-12-12,0.045513,cdi,2023,12,4,Dec/2023,0.0456896,0.0,
2023-12-13,0.045513,cdi,2023,12,4,Dec/2023,0.04563073333333333,0.0,
2023-12-14,0.043739,cdi,2023,12,4,Dec/2023,0.045512733333333326,-3.89778744534528,
2023-12-15,0.043739,cdi,2023,12,4,Dec/2023,0.04539473333333333,0.0,
2023-12-18,0.043739,cdi,2023,12,4,Dec/2023,0.0453356,0.0,
2023-12-19,0.043739,cdi,2023,12,4,Dec/2023,0.04527646666666666,0.0,
2023-12-20,0.043739,cdi,2023,12,4,Dec/2023,0.04521733333333333,0.0,
2023-12-21,0.043739,cdi,2023,12,4,Dec/2023,0.045158199999999996,0.0,
2023-12-22,0.043739,cdi,2023,12,4,Dec/2023,0.045099066666666666,0.0,
2023-12-26,0.043739,cdi,2023,12,4,Dec/2023,0.04503993333333334,0.0,
2023-12-27,0.043739,cdi,2023,12,4,Dec/2023,0.0449808,0.0,
2023-12-28,0.043739,cdi,2023,12,4,Dec/2023,0.044921666666666665,0.0,
2023-12-29,0.043739,cdi,2023,12,4,Dec/2023,0.04486253333333333,0.0,
2024-01-02,0.043739,cdi,2024,1,1,Jan/2024,0.0448034,0.0,
2024-01-03,0.043739,cdi,2024,1,1,Jan/2024,0.044744266666666664,0.0,
2024-01-04,0.043739,cdi,2024,1,1,Jan/2024,0.04468513333333333,0.0,
2024-01-05,0.043739,cdi,2024,1,1,Jan/2024,0.044626000000000006,0.0,
2024-01-08,0.043739,cdi,2024,1,1,Jan/2024,0.04456686666666667,0.0,
2024-01-09,0.043739,cdi,2024,1,1,Jan/2024,0.044507733333333334,0.0,
2024-01-10,0.043739,cdi,2024,1,1,Jan/2024,0.0444486,0.0,
2024-01-11,0.043739,cdi,2024,1,1,Jan/2024,0.04438946666666666,0.0,
2024-01-12,0.043739,cdi,2024,1,1,Jan/2024,0.04433033333333333,0.0,
2024-01-15,0.043739,cdi,2024,1,1,Jan/2024,0.0442712,0.0,
2024-01-16,0.043739,cdi,2024,1,1,Jan/2024,0.04421206666666666,0.0,
2024-01-17,0.043739,cdi,2024,1,1,Jan/2024,0.04415293333333334,0.0,
2024-01-18,0.043739,cdi,2024,1,1,Jan/2024,0.0440938,0.0,
2024-01-19,0.043739,cdi,2024,1,1,Jan/2024,0.044034666666666666,0.0,
2024-01-22,0.043739,cdi,2024,1,1,Jan/2024,0.04397553333333334,0.0,
2024-01-23,0.043739,cdi,2024,1,1,Jan/2024,0.043916399999999994,0.0,
2024-01-24,0.043739,cdi,2024,1,1,Jan/2024,0.043857266666666665,0.0,
2024-01-25,0.043739,cdi,2024,1,1,Jan/2024,0.043798133333333336,0.0,
2024-01-26,0.043739,cdi,2024,1,1,Jan/2024,0.043739,0.0,
2024-01-29,0.043739,cdi,2024,1,1,Jan/2024,0.043739,0.0,
2024-01-30,0.043739,cdi,2024,1,1,Jan/2024,0.043739,0.0,
2024-01-31,0.043739,cdi,2024,1,1,Jan/2024,0.043739,0.0,
2024-02-01,0.041957,cdi,2024,2,1,Feb/2024,0.043679600000000006,-4.074167219186531,
2024-02-02,0.041957,cdi,2024,2,1,Feb/2024,0.043620200000000005,0.0,
2024-02-05,0.041957,cdi,2024,2,1,Feb/2024,0.043560800000000004,0.0,
2024-02-06,0.041957,cdi,2024,2,1,Feb/2024,0.043501399999999996,0.0,
2024-02-07,0.041957,cdi,2024,2,1,Feb/2024,0.043441999999999995,0.0,
2024-02-08,0.041957,cdi,2024,2,1,Feb/2024,0.0433826,0.0,
2024-02-09,0.041957,cdi,2024,2,1,Feb/2024,0.0433232,0.0,
2024-02-14,0.041957,cdi,2024,2,1,Feb/2024,0.0432638,0.0,
2024-02-15,0.041957,cdi,2024,2,1,Feb/2024,0.043204400000000004,0.0,
2024-02-16,0.041957,cdi,2024,2,1,Feb/2024,0.043145,0.0,
2024-02-19,0.041957,cdi,2024,2,1,Feb/2024,0.04308560000000001,0.0,
2024-02-20,0.041957,cdi,2024,2,1,Feb/2024,0.0430262,0.0,
2024-02-21,0.041957,cdi,2024,2,1,Feb/2024,0.0429668,0.0,
2024-02-22,0.041957,cdi,2024,2,1,Feb/2024,0.0429074,0.0,
2024-02-23,0.041957,cdi,2024,2,1,Feb/2024,0.042848,0.0,
2024-02-26,0.041957,cdi,2024,2,1,Feb/2024,0.042788599999999996,0.0,
2024-02-27,0.041957,cdi,2024,2,1,Feb/2024,0.0427292,0.0,
2024-02-28,0.041957,cdi,2024,2,1,Feb/2024,0.0426698,0.0,
2024-02-29,0.041957,cdi,2024,2,1,Feb/2024,0.04261040000000001,0.0,
2024-03-01,0.041957,cdi,2024,3,1,Mar/2024,0.042551,0.0,
2024-03-04,0.041957,cdi,2024,3,1,Mar/2024,0.0424916,0.0,
2024-03-05,0.041957,cdi,2024,3,1,Mar/2024,0.0424322,0.0,
2024-03-06,0.041957,cdi,2024,3,1,Mar/2024,0.0423728,0.0,
2024-03-07,0.041957,cdi,2024,3,1,Mar/2024,0.04231340000000001,0.0,
2024-03-08,0.041957,cdi,2024,3,1,Mar/2024,0.042254,0.0,
2024-03-11,0.041957,cdi,2024,3,1,Mar/2024,0.0421946,0.0,
2024-03-12,0.041957,cdi,2024,3,1,Mar/2024,0.042135200000000005,0.0,
2024-03-13,0.041957,cdi,2024,3,1,Mar/2024,0.0420758,0.0,
2024-03-14,0.041957,cdi,2024,3,1,Mar/2024,0.042016399999999995,0.0,
2024-03-15,0.041957,cdi,2024,3,1,Mar/2024,0.041957,0.0,
2024-03-18,0.041957,cdi,2024,3,1,Mar/2024,0.041957,0.0,
2024-03-19,0.041957,cdi,2024,3,1,Mar/2024,0.041957,0.0,
2024-03-20,0.041957,cdi,2024,3,1,Mar/2024,0.041957,0.0,
2024-03-21,0.040168,cdi,2024,3,1,Mar/2024,0.04189736666666667,-4.263889219915629,
2024-03-22,0.040168,cdi,2024,3,1,Mar/2024,0.041837733333333335,0.0,
2024-03-25,0.040168,cdi,2024,3,1,Mar/2024,0.041778100000000006,0.0,
2024-03-26,0.040168,cdi,2024,3,1,Mar/2024,0.04171846666666667,0.0,
2024-03-27,0.040168,cdi,2024,3,1,Mar/2024,0.04165883333333333,0.0,
2024-03-28,0.040168,cdi,2024,3,1,Mar/2024,0.041599199999999996,0.0,
2024-04-01,0.040168,cdi,2024,4,2,Apr/2024,0.041539566666666666,0.0,
2024-04-02,0.040168,cdi,2024,4,2,Apr/2024,0.04147993333333333,0.0,
2024-04-03,0.040168,cdi,2024,4,2,Apr/2024,0.0414203,0.0,
2024-04-04,0.040168,cdi,2024,4,2,Apr/2024,0.04136066666666667,0.0,
2024-04-05,0.040168,cdi,2024,4,2,Apr/2024,0.04130103333333334,0.0,
2024-04-08,0.040168,cdi,2024,4,2,Apr/2024,0.041241400000000004,0.0,
2024-04-09,0.040168,cdi,2024,4,2,Apr/2024,0.04118176666666667,0.0,
2024-04-10,0.040168,cdi,2024,4,2,Apr/2024,0.04112213333333334,0.0,
2024-04-11,0.040168,cdi,2024,4,2,Apr/2024,0.0410625,0.0,
2024-04-12,0.040168,cdi,2024,4,2,Apr/2024,0.041002866666666665,0.0,
2024-04-15,0.040168,cdi,2024,4,2,Apr/2024,0.040943233333333336,0.0,
2024-04-16,0.040168,cdi,2024,4,2,Apr/2024,0.0408836,0.0,
2024-04-17,0.040168,cdi,2024,4,2,Apr/2024,0.04082396666666666,0.0,
2024-04-18,0.040168,cdi,2024,4,2,Apr/2024,0.04076433333333333,0.0,
2024-04-19,0.040168,cdi,2024,4,2,Apr/2024,0.0407047,0.0,
2024-04-22,0.040168,cdi,2024,4,2,Apr/2024,0.040645066666666674,0.0,
2024-04-23,0.040168,cdi,2024,4,2,Apr/2024,0.04058543333333334,0.0,
2024-04-24,0.040168,cdi,2024,4,2,Apr/2024,0.04052580000000001,0.0,
2024-04-25,0.040168,cdi,2024,4,2,Apr/2024,0.04046616666666667,0.0,
2024-04-26,0.040168,cdi,2024,4,2,Apr/2024,0.040406533333333335,0.0,
2024-04-29,0.040168,cdi,2024,4,2,Apr/2024,0.0403469,0.0,
2024-04-30,0.040168,cdi,2024,4,2,Apr/2024,0.04028726666666667,0.0,
2024-05-02,0.040168,cdi,2024,5,2,May/2024,0.04022763333333333,0.0,
2024-05-03,0.040168,cdi,2024,5,2,May/2024,0.040168,0.0,
2024-05-06,0.040168,cdi,2024,5,2,May/2024,0.040168,0.0,
2024-05-07,0.040168,cdi,2024,5,2,May/2024,0.040168,0.0,
2024-05-08,0.040168,cdi,2024,5,2,May/2024,0.040168,0.0,
2024-05-09,0.03927,cdi,2024,5,2,May/2024,0.040138066666666666,-2.2356104361681006,
2024-05-10,0.03927,cdi,2024,5,2,May/2024,0.04010813333333334,0.0,
2024-05-13,0.03927,cdi,2024,5,2,May/2024,0.0400782,0.0,
2024-05-14,0.03927,cdi,2024,5,2,May/2024,0.04004826666666667,0.0,
2024-05-15,0.03927,cdi,2024,5,2,May/2024,0.04001833333333334,0.0,
2024-05-16,0.03927,cdi,2024,5,2,May/2024,0.0399884,0.0,
2024-05-17,0.03927,cdi,2024,5,2,May/2024,0.039958466666666664,0.0,
2024-05-20,0.03927,cdi,2024,5,2,May/2024,0.039928533333333335,0.0,
2024-05-21,0.03927,cdi,2024,5,2,May/2024,0.0398986,0.0,
2024-05-22,0.03927,cdi,2024,5,2,May/2024,0.03986866666666667,0.0,
2024-05-23,0.03927,cdi,2024,5,2,May/2024,0.039838733333333334,0.0,
2024-05-24,0.03927,cdi,2024,5,2,May/2024,0.0398088,0.0,
2024-05-27,0.03927,cdi,2024,5,2,May/2024,0.03977886666666667,0.0,
2024-05-28,0.03927,cdi,2024,5,2,May/2024,0.03974893333333333,0.0,
2024-05-29,0.03927,cdi,2024,5,2,May/2024,0.039719,0.0,
2024-05-31,0.03927,cdi,2024,5,2,May/2024,0.039689066666666675,0.0,
2024-06-03,0.03927,cdi,2024,6,2,Jun/2024,0.03965913333333333,0.0,
2024-06-04,0.03927,cdi,2024,6,2,Jun/2024,0.0396292,0.0,
2024-06-05,0.03927,cdi,2024,6,2,Jun/2024,0.03959926666666667,0.0,
2024-06-06,0.03927,cdi,2024,6,2,Jun/2024,0.03956933333333333,0.0,
2024-06-07,0.03927,cdi,2024,6,2,Jun/2024,0.0395394,0.0,
2024-06-10,0.03927,cdi,2024,6,2,Jun/2024,0.039509466666666666,0.0,
2024-06-11,0.03927,cdi,2024,6,2,Jun/2024,0.03947953333333333,0.0,
2024-06-12,0.03927,cdi,2024,6,2,Jun/2024,0.0394496,0.0,
2024-06-13,0.03927,cdi,2024,6,2,Jun/2024,0.039419666666666665,0.0,
2024-06-14,0.03927,cdi,2024,6,2,Jun/2024,0.039389733333333336,0.0,
2024-06-17,0.03927,cdi,2024,6,2,Jun/2024,0.03935979999999999,0.0,
2024-06-18,0.03927,cdi,2024,6,2,Jun/2024,0.039329866666666664,0.0,
2024-06-19,0.03927,cdi,2024,6,2,Jun/2024,0.039299933333333335,0.0,
2024-06-20,0.03927,cdi,2024,6,2,Jun/2024,0.03927,0.0,
2024-06-21,0.03927,cdi,2024,6,2,Jun/2024,0.03927,0.0,
2024-06-24,0.03927,cdi,2024,6,2,Jun/2024,0.03927,0.0,
2024-06-25,0.03927,cdi,2024,6,2,Jun/2024,0.03927,0.0,
2024-06-26,0.03927,cdi,2024,6,2,Jun/2024,0.03927,0.0,
2024-06-27,0.03927,cdi,2024,6,2,Jun/2024,0.03927,0.0,
2024-06-28,0.03927,cdi,2024,6,2,Jun/2024,0.03927,0.0,
2024-07-01,0.03927,cdi,2024,7,3,Jul/2024,0.03927,0.0,
2024-07-02,0.03927,cdi,2024,7,3,Jul/2024,0.03927,0.0,
2024-07-03,0.03927,cdi,2024,7,3,Jul/2024,0.03927,0.0,
2024-07-04,0.03927,cdi,2024,7,3,Jul/2024,0.03927,0.0,
2024-07-05,0.03927,cdi,2024,7,3,Jul/2024,0.03927,0.0,
2024-07-08,0.03927,cdi,2024,7,3,Jul/2024,0.03927,0.0,
2024-07-09,0.03927,cdi,2024,7,3,Jul/2024,0.03927,0.0,
2024-07-10,0.03927,cdi,2024,7,3,Jul/2024,0.03927,0.0,
2024-07-11,0.03927,cdi,2024,7,3,Jul/2024,0.03927,0.0,
2024-07-12,0.03927,cdi,2024,7,3,Jul/2024,0.03927,0.0,
2024-07-15,0.03927,cdi,2024,7,3,Jul/2024,0.03927,0.0,
2024-07-16,0.03927,cdi,2024,7,3,Jul/2024,0.03927,0.0,
2024-07-17,0.03927,cdi,2024,7,3,Jul/2024,0.03927,0.0,
2024-07-18,0.03927,cdi,2024,7,3,Jul/2024,0.03927,0.0,
2024-07-19,0.03927,cdi,2024,7,3,Jul/2024,0.03927,0.0,
2024-07-22,0.03927,cdi,2024,7,3,Jul/2024,0.03927,0.0,
2024-07-23,0.03927,cdi,2024,7,3,Jul/2024,0.03927,0.0,
2024-07-24,0.03927,cdi,2024,7,3,Jul/2024,0.03927,0.0,
2024-07-25,0.03927,cdi,2024,7,3,Jul/2024,0.03927,0.0,
2024-07-26,0.03927,cdi,2024,7,3,Jul/2024,0.03927,0.0,
2024-07-29,0.03927,cdi,2024,7,3,Jul/2024,0.03927,0.0,
2024-07-30,0.03927,cdi,2024,7,3,Jul/2024,0.03927,0.0,
2024-07-31,0.03927,cdi,2024,7,3,Jul/2024,0.03927,0.0,
2024-08-01,0.03927,cdi,2024,8,3,Aug/2024,0.03927,0.0,
2024-08-02,0.03927,cdi,2024,8,3,Aug/2024,0.03927,0.0,
2024-08-05,0.03927,cdi,2024,8,3,Aug/2024,0.03927,0.0,
2024-08-06,0.03927,cdi,2024,8,3,Aug/2024,0.03927,0.0,
2024-08-07,0.03927,cdi,2024,8,3,Aug/2024,0.03927,0.0,
2024-08-08,0.03927,cdi,2024,8,3,Aug/2024,0.03927,0.0,
2024-08-09,0.03927,cdi,2024,8,3,Aug/2024,0.03927,0.0,
2024-08-12,0.03927,cdi,2024,8,3,Aug/2024,0.03927,0.0,
2024-08-13,0.03927,cdi,2024,8,3,Aug/2024,0.03927,0.0,
2024-08-14,0.03927,cdi,2024,8,3,Aug/2024,0.03927,0.0,
2024-08-15,0.03927,cdi,2024,8,3,Aug/2024,0.03927,0.0,
2024-08-16,0.03927,cdi,2024,8,3,Aug/2024,0.03927,0.0,
2024-08-19,0.03927,cdi,2024,8,3,Aug/2024,0.03927,0.0,
2024-08-20,0.03927,cdi,2024,8,3,Aug/2024,0.03927,0.0,
2024-08-21,0.03927,cdi,2024,8,3,Aug/2024,0.03927,0.0,
2024-08-22,0.03927,cdi,2024,8,3,Aug/2024,0.03927,0.0,
2024-08-23,0.03927,cdi,2024,8,3,Aug/2024,0.03927,0.0,
2024-08-26,0.03927,cdi,2024,8,3,Aug/2024,0.03927,0.0,
2024-08-27,0.03927,cdi,2024,8,3,Aug/2024,0.03927,0.0,
2024-08-28,0.03927,cdi,2024,8,3,Aug/2024,0.03927,0.0,
2024-08-29,0.03927,cdi,2024,8,3,Aug/2024,0.03927,0.0,
2024-08-30,0.03927,cdi,2024,8,3,Aug/2024,0.03927,0.0,
2024-09-02,0.03927,cdi,2024,9,3,Sep/2024,0.03927,0.0,
2024-09-03,0.03927,cdi,2024,9,3,Sep/2024,0.03927,0.0,
2024-09-04,0.03927,cdi,2024,9,3,Sep/2024,0.03927,0.0,
2024-09-05,0.03927,cdi,2024,9,3,Sep/2024,0.03927,0.0,
2024-09-06,0.03927,cdi,2024,9,3,Sep/2024,0.03927,0.0,
2024-09-09,0.03927,cdi,2024,9,3,Sep/2024,0.03927,0.0,
2024-09-10,0.03927,cdi,2024,9,3,Sep/2024,0.03927,0.0,
2024-09-11,0.03927,cdi,2024,9,3,Sep/2024,0.03927,0.0,
2024-09-12,0.03927,cdi,2024,9,3,Sep/2024,0.03927,0.0,
2024-09-13,0.03927,cdi,2024,9,3,Sep/2024,0.03927,0.0,
2024-09-16,0.03927,cdi,2024,9,3,Sep/2024,0.03927,0.0,
2024-09-17,0.03927,cdi,2024,9,3,Sep/2024,0.03927,0.0,
2024-09-18,0.03927,cdi,2024,9,3,Sep/2024,0.03927,0.0,
2024-09-19,0.040168,cdi,2024,9,3,Sep/2024,0.039299933333333335,2.286732874968167,
2024-09-20,0.040168,cdi,2024,9,3,Sep/2024,0.039329866666666664,0.0,
2024-09-23,0.040168,cdi,2024,9,3,Sep/2024,0.03935979999999999,0.0,
2024-09-24,0.040168,cdi,2024,9,3,Sep/2024,0.03938973333333333,0.0,
2024-09-25,0.040168,cdi,2024,9,3,Sep/2024,0.039419666666666665,0.0,
2024-09-26,0.040168,cdi,2024,9,3,Sep/2024,0.0394496,0.0,
2024-09-27,0.040168,cdi,2024,9,3,Sep/2024,0.03947953333333334,0.0,
2024-09-30,0.040168,cdi,2024,9,3,Sep/2024,0.039509466666666666,0.0,
2024-10-01,0.040168,cdi,2024,10,4,Oct/2024,0.0395394,0.0,
2024-10-02,0.040168,cdi,2024,10,4,Oct/2024,0.03956933333333333,0.0,
2024-10-03,0.040168,cdi,2024,10,4,Oct/2024,0.03959926666666667,0.0,
2024-10-04,0.040168,cdi,2024,10,4,Oct/2024,0.0396292,0.0,
2024-10-07,0.040168,cdi,2024,10,4,Oct/2024,0.03965913333333333,0.0,
2024-10-08,0.040168,cdi,2024,10,4,Oct/2024,0.03968906666666667,0.0,
2024-10-09,0.040168,cdi,2024,10,4,Oct/2024,0.039719,0.0,
2024-10-10,0.040168,cdi,2024,10,4,Oct/2024,0.03974893333333333,0.0,
2024-10-11,0.040168,cdi,2024,10,4,Oct/2024,0.03977886666666667,0.0,
2024-10-14,0.040168,cdi,2024,10,4,Oct/2024,0.0398088,0.0,
2024-10-15,0.040168,cdi,2024,10,4,Oct/2024,0.039838733333333334,0.0,
2024-10-16,0.040168,cdi,2024,10,4,Oct/2024,0.03986866666666667,0.0,
2024-10-17,0.040168,cdi,2024,10,4,Oct/2024,0.0398986,0.0,
2024-10-18,0.040168,cdi,2024,10,4,Oct/2024,0.039928533333333335,0.0,
2024-10-21,0.040168,cdi,2024,10,4,Oct/2024,0.03995846666666667,0.0,
2024-10-22,0.040168,cdi,2024,10,4,Oct/2024,0.0399884,0.0,
2024-10-23,0.040168,cdi,2024,10,4,Oct/2024,0.040018333333333336,0.0,
2024-10-24,0.040168,cdi,2024,10,4,Oct/2024,0.04004826666666667,0.0,
2024-10-25,0.040168,cdi,2024,10,4,Oct/2024,0.0400782,0.0,
2024-10-28,0.040168,cdi,2024,10,4,Oct/2024,0.04010813333333334,0.0,
2024-10-29,0.040168,cdi,2024,10,4,Oct/2024,0.040138066666666666,0.0,
2024-10-30,0.040168,cdi,2024,10,4,Oct/2024,0.040168,0.0,
2024-10-31,0.040168,cdi,2024,10,4,Oct/2024,0.040168,0.0,
2024-11-01,0.040168,cdi,2024,11,4,Nov/2024,0.040168,0.0,
2024-11-04,0.040168,cdi,2024,11,4,Nov/2024,0.040168,0.0,
2024-11-05,0.040168,cdi,2024,11,4,Nov/2024,0.040168,0.0,
2024-11-06,0.040168,cdi,2024,11,4,Nov/2024,0.040168,0.0,
2024-11-07,0.041957,cdi,2024,11,4,Nov/2024,0.04022763333333333,4.453794064927297,
2024-11-08,0.041957,cdi,2024,11,4,Nov/2024,0.04028726666666667,0.0,
2024-11-11,0.041957,cdi,2024,11,4,Nov/2024,0.0403469,0.0,
2024-11-12,0.041957,cdi,2024,11,4,Nov/2024,0.040406533333333335,0.0,
2024-11-13,0.041957,cdi,2024,11,4,Nov/2024,0.04046616666666667,0.0,
2024-11-14,0.041957,cdi,2024,11,4,Nov/2024,0.04052580000000001,0.0,
2024-11-18,0.041957,cdi,2024,11,4,Nov/2024,0.04058543333333334,0.0,
2024-11-19,0.041957,cdi,2024,11,4,Nov/2024,0.040645066666666674,0.0,
2024-11-21,0.041957,cdi,2024,11,4,Nov/2024,0.04070470000000001,0.0,
2024-11-22,0.041957,cdi,2024,11,4,Nov/2024,0.04076433333333333,0.0,
2024-11-25,0.041957,cdi,2024,11,4,Nov/2024,0.04082396666666666,0.0,
2024-11-26,0.041957,cdi,2024,11,4,Nov/2024,0.0408836,0.0,
2024-11-27,0.041957,cdi,2024,11,4,Nov/2024,0.040943233333333336,0.0,
2024-11-28,0.041957,cdi,2024,11,4,Nov/2024,0.041002866666666665,0.0,
2024-11-29,0.041957,cdi,2024,11,4,Nov/2024,0.0410625,0.0,
2024-12-02,0.041957,cdi,2024,12,4,Dec/2024,0.04112213333333334,0.0,
2024-12-03,0.041957,cdi,2024,12,4,Dec/2024,0.04118176666666667,0.0,
2024-12-04,0.041957,cdi,2024,12,4,Dec/2024,0.041241400000000004,0.0,
2024-12-05,0.041957,cdi,2024,12,4,Dec/2024,0.04130103333333334,0.0,
2024-12-06,0.041957,cdi,2024,12,4,Dec/2024,0.04136066666666667,0.0,
2024-12-09,0.041957,cdi,2024,12,4,Dec/2024,0.04142029999999999,0.0,
2024-12-10,0.041957,cdi,2024,12,4,Dec/2024,0.04147993333333333,0.0,
2024-12-11,0.041957,cdi,2024,12,4,Dec/2024,0.041539566666666666,0.0,
2024-12-12,0.045513,cdi,2024,12,4,Dec/2024,0.04171773333333333,8.475343804371139,
2024-12-13,0.045513,cdi,2024,12,4,Dec/2024,0.0418959,0.0,
2024-12-16,0.045513,cdi,2024,12,4,Dec/2024,0.04207406666666667,0.0,
2024-12-17,0.045513,cdi,2024,12,4,Dec/2024,0.04225223333333334,0.0,
2024-12-18,0.045513,cdi,2024,12,4,Dec/2024,0.0424304,0.0,
2024-12-19,0.045513,cdi,2024,12,4,Dec/2024,0.04260856666666667,0.0,
2024-12-20,0.045513,cdi,2024,12,4,Dec/2024,0.04278673333333334,0.0,
2024-12-23,0.045513,cdi,2024,12,4,Dec/2024,0.04290526666666667,0.0,
2024-12-24,0.045513,cdi,2024,12,4,Dec/2024,0.04302380000000001,0.0,
2024-12-26,0.045513,cdi,2024,12,4,Dec/2024,0.04314233333333333,0.0,
2024-12-27,0.045513,cdi,2024,12,4,Dec/2024,0.04326086666666666,0.0,
2024-12-30,0.045513,cdi,2024,12,4,Dec/2024,0.0433794,0.0,
2024-12-31,0.045513,cdi,2024,12,4,Dec/2024,0.04349793333333333,0.0,
2025-01-02,0.045513,cdi,2025,1,1,Jan/2025,0.04361646666666666,0.0,
2025-01-03,0.045513,cdi,2025,1,1,Jan/2025,0.043734999999999996,0.0,
2025-01-06,0.045513,cdi,2025,1,1,Jan/2025,0.04385353333333333,0.0,
2025-01-07,0.045513,cdi,2025,1,1,Jan/2025,0.04397206666666667,0.0,
2025-01-08,0.045513,cdi,2025,1,1,Jan/2025,0.0440906,0.0,
2025-01-09,0.045513,cdi,2025,1,1,Jan/2025,0.04420913333333333,0.0,
2025-01-10,0.045513,cdi,2025,1,1,Jan/2025,0.04432766666666667,0.0,
2025-01-13,0.045513,cdi,2025,1,1,Jan/2025,0.0444462,0.0,
2025-01-14,0.045513,cdi,2025,1,1,Jan/2025,0.04456473333333333,0.0,
2025-01-15,0.045513,cdi,2025,1,1,Jan/2025,0.044683266666666666,0.0,
2025-01-16,0.045513,cdi,2025,1,1,Jan/2025,0.044801799999999996,0.0,
2025-01-17,0.045513,cdi,2025,1,1,Jan/2025,0.04492033333333333,0.0,
2025-01-20,0.045513,cdi,2025,1,1,Jan/2025,0.04503886666666666,0.0,
2025-01-21,0.045513,cdi,2025,1,1,Jan/2025,0.0451574,0.0,
2025-01-22,0.045513,cdi,2025,1,1,Jan/2025,0.04527593333333334,0.0,
2025-01-23,0.045513,cdi,2025,1,1,Jan/2025,0.04539446666666667,0.0,
2025-01-24,0.045513,cdi,2025,1,1,Jan/2025,0.045513,0.0,
2025-01-27,0.045513,cdi,2025,1,1,Jan/2025,0.045513,0.0,
2025-01-28,0.045513,cdi,2025,1,1,Jan/2025,0.045513,0.0,
2025-01-29,0.045513,cdi,2025,1,1,Jan/2025,0.045513,0.0,
2025-01-30,0.049037,cdi,2025,1,1,Jan/2025,0.04563046666666667,7.742842704282293,
2025-01-31,0.049037,cdi,2025,1,1,Jan/2025,0.04574793333333334,0.0,
2025-02-03,0.049037,cdi,2025,2,1,Feb/2025,0.04586540000000001,0.0,
2025-02-04,0.049037,cdi,2025,2,1,Feb/2025,0.045982866666666664,0.0,
2025-02-05,0.049037,cdi,2025,2,1,Feb/2025,0.04610033333333333,0.0,
2025-02-06,0.049037,cdi,2025,2,1,Feb/2025,0.046217799999999996,0.0,
2025-02-07,0.049037,cdi,2025,2,1,Feb/2025,0.046335266666666666,0.0,
2025-02-10,0.049037,cdi,2025,2,1,Feb/2025,0.046452733333333336,0.0,
2025-02-11,0.049037,cdi,2025,2,1,Feb/2025,0.0465702,0.0,
2025-02-12,0.049037,cdi,2025,2,1,Feb/2025,0.04668766666666667,0.0,
2025-02-13,0.049037,cdi,2025,2,1,Feb/2025,0.04680513333333334,0.0,
2025-02-14,0.049037,cdi,2025,2,1,Feb/2025,0.0469226,0.0,
2025-02-17,0.049037,cdi,2025,2,1,Feb/2025,0.04704006666666667,0.0,
2025-02-18,0.049037,cdi,2025,2,1,Feb/2025,0.04715753333333333,0.0,
2025-02-19,0.049037,cdi,2025,2,1,Feb/2025,0.047275,0.0,
2025-02-20,0.049037,cdi,2025,2,1,Feb/2025,0.04739246666666667,0.0,
2025-02-21,0.049037,cdi,2025,2,1,Feb/2025,0.04750993333333333,0.0,
2025-02-24,0.049037,cdi,2025,2,1,Feb/2025,0.0476274,0.0,
2025-02-25,0.049037,cdi,2025,2,1,Feb/2025,0.04774486666666667,0.0,
2025-02-26,0.049037,cdi,2025,2,1,Feb/2025,0.04786233333333333,0.0,
2025-02-27,0.049037,cdi,2025,2,1,Feb/2025,0.0479798,0.0,
2025-02-28,0.049037,cdi,2025,2,1,Feb/2025,0.048097266666666666,0.0,
2025-03-05,0.049037,cdi,2025,3,1,Mar/2025,0.048214733333333336,0.0,
2025-03-06,0.049037,cdi,2025,3,1,Mar/2025,0.048332200000000006,0.0,
2025-03-07,0.049037,cdi,2025,3,1,Mar/2025,0.04844966666666666,0.0,
2025-03-10,0.049037,cdi,2025,3,1,Mar/2025,0.04856713333333333,0.0,
2025-03-11,0.049037,cdi,2025,3,1,Mar/2025,0.0486846,0.0,
2025-03-12,0.049037,cdi,2025,3,1,Mar/2025,0.048802066666666664,0.0,
2025-03-13,0.049037,cdi,2025,3,1,Mar/2025,0.048919533333333334,0.0,
2025-03-14,0.049037,cdi,2025,3,1,Mar/2025,0.049037,0.0,
2025-03-17,0.049037,cdi,2025,3,1,Mar/2025,0.049037,0.0,
2025-03-18,0.049037,cdi,2025,3,1,Mar/2025,0.049037,0.0,
2025-03-19,0.049037,cdi,2025,3,1,Mar/2025,0.049037,0.0,
2025-03-20,0.052531,cdi,2025,3,1,Mar/2025,0.04915346666666666,7.125231967697876,
2025-03-21,0.052531,cdi,2025,3,1,Mar/2025,0.04926993333333333,0.0,
2025-03-24,0.052531,cdi,2025,3,1,Mar/2025,0.04938639999999999,0.0,
2025-03-25,0.052531,cdi,2025,3,1,Mar/2025,0.049502866666666666,0.0,
2025-03-26,0.052531,cdi,2025,3,1,Mar/2025,0.04961933333333333,0.0,
2025-03-27,0.052531,cdi,2025,3,1,Mar/2025,0.0497358,0.0,
2025-03-28,0.052531,cdi,2025,3,1,Mar/2025,0.04985226666666666,0.0,
2025-03-31,0.052531,cdi,2025,3,1,Mar/2025,0.04996873333333333,0.0,
2025-04-01,0.052531,cdi,2025,4,2,Apr/2025,0.05008519999999999,0.0,
2025-04-02,0.052531,cdi,2025,4,2,Apr/2025,0.050201666666666665,0.0,
2025-04-03,0.052531,cdi,2025,4,2,Apr/2025,0.05031813333333333,0.0,
2025-04-04,0.052531,cdi,2025,4,2,Apr/2025,0.050434599999999996,0.0,
2025-04-07,0.052531,cdi,2025,4,2,Apr/2025,0.05055106666666666,0.0,
2025-04-08,0.052531,cdi,2025,4,2,Apr/2025,0.05066753333333333,0.0,
2025-04-09,0.052531,cdi,2025,4,2,Apr/2025,0.050784,0.0,
2025-04-10,0.052531,cdi,2025,4,2,Apr/2025,0.050900466666666665,0.0,
2025-04-11,0.052531,cdi,2025,4,2,Apr/2025,0.051016933333333334,0.0,
2025-04-14,0.052531,cdi,2025,4,2,Apr/2025,0.051133399999999996,0.0,
2025-04-15,0.052531,cdi,2025,4,2,Apr/2025,0.051249866666666664,0.0,
2025-04-16,0.052531,cdi,2025,4,2,Apr/2025,0.051366333333333326,0.0,
2025-04-17,0.052531,cdi,2025,4,2,Apr/2025,0.0514828,0.0,
2025-04-22,0.052531,cdi,2025,4,2,Apr/2025,0.051599266666666664,0.0,
2025-04-23,0.052531,cdi,2025,4,2,Apr/2025,0.05171573333333333,0.0,
2025-04-24,0.052531,cdi,2025,4,2,Apr/2025,0.051832199999999995,0.0,
2025-04-25,0.052531,cdi,2025,4,2,Apr/2025,0.051948666666666664,0.0,
2025-04-28,0.052531,cdi,2025,4,2,Apr/2025,0.052065133333333326,0.0,
2025-04-29,0.052531,cdi,2025,4,2,Apr/2025,0.0521816,0.0,
2025-04-30,0.052531,cdi,2025,4,2,Apr/2025,0.052298066666666664,0.0,
2025-05-02,0.052531,cdi,2025,5,2,May/2025,0.05241453333333333,0.0,
2025-05-05,0.052531,cdi,2025,5,2,May/2025,0.052531,0.0,
2025-05-06,0.052531,cdi,2025,5,2,May/2025,0.052531,0.0,
2025-05-07,0.052531,cdi,2025,5,2,May/2025,0.052531,0.0,
2025-05-08,0.054266,cdi,2025,5,2,May/2025,0.052588833333333335,3.3028116731073087,
2025-05-09,0.054266,cdi,2025,5,2,May/2025,0.05264666666666666,0.0,
2025-05-12,0.054266,cdi,2025,5,2,May/2025,0.05270450000000001,0.0,
2025-05-13,0.054266,cdi,2025,5,2,May/2025,0.052762333333333335,0.0,
2025-05-14,0.054266,cdi,2025,5,2,May/2025,0.05282016666666667,0.0,
2025-05-15,0.054266,cdi,2025,5,2,May/2025,0.052878,0.0,
2025-05-16,0.054266,cdi,2025,5,2,May/2025,0.052935833333333335,0.0,
2025-05-19,0.054266,cdi,2025,5,2,May/2025,0.05299366666666667,0.0,
2025-05-20,0.054266,cdi,2025,5,2,May/2025,0.05305150000000001,0.0,
2025-05-21,0.054266,cdi,2025,5,2,May/2025,0.053109333333333335,0.0,
2025-05-22,0.054266,cdi,2025,5,2,May/2025,0.05316716666666667,0.0,
2025-05-23,0.054266,cdi,2025,5,2,May/2025,0.053225,0.0,
2025-05-26,0.054266,cdi,2025,5,2,May/2025,0.05328283333333333,0.0,
2025-05-27,0.054266,cdi,2025,5,2,May/2025,0.05334066666666667,0.0,
2025-05-28,0.054266,cdi,2025,5,2,May/2025,0.0533985,0.0,
2025-05-29,0.054266,cdi,2025,5,2,May/2025,0.053456333333333335,0.0,
2025-05-30,0.054266,cdi,2025,5,2,May/2025,0.05351416666666666,0.0,
2025-06-02,0.054266,cdi,2025,6,2,Jun/2025,0.053572,0.0,
2025-06-03,0.054266,cdi,2025,6,2,Jun/2025,0.053629833333333335,0.0,
2025-06-04,0.054266,cdi,2025,6,2,Jun/2025,0.05368766666666667,0.0,
2025-06-05,0.054266,cdi,2025,6,2,Jun/2025,0.0537455,0.0,
2025-06-06,0.054266,cdi,2025,6,2,Jun/2025,0.053803333333333335,0.0,
2025-06-09,0.054266,cdi,2025,6,2,Jun/2025,0.05386116666666666,0.0,
2025-06-10,0.054266,cdi,2025,6,2,Jun/2025,0.05391900000000001,0.0,
2025-06-11,0.054266,cdi,2025,6,2,Jun/2025,0.053976833333333335,0.0,
2025-06-12,0.054266,cdi,2025,6,2,Jun/2025,0.054034666666666675,0.0,
2025-06-13,0.054266,cdi,2025,6,2,Jun/2025,0.0540925,0.0,
2025-06-16,0.054266,cdi,2025,6,2,Jun/2025,0.054150333333333335,0.0,
2025-06-17,0.054266,cdi,2025,6,2,Jun/2025,0.054208166666666675,0.0,
2025-06-18,0.054266,cdi,2025,6,2,Jun/2025,0.054266,0.0,
2025-06-20,0.055131,cdi,2025,6,2,Jun/2025,0.054294833333333334,1.5939999262890137,
2025-06-23,0.055131,cdi,2025,6,2,Jun/2025,0.05432366666666667,0.0,
2025-06-24,0.055131,cdi,2025,6,2,Jun/2025,0.0543525,0.0,
2025-06-25,0.055131,cdi,2025,6,2,Jun/2025,0.05438133333333333,0.0,
2025-06-26,0.055131,cdi,2025,6,2,Jun/2025,0.05441016666666667,0.0,
2025-06-27,0.055131,cdi,2025,6,2,Jun/2025,0.054439,0.0,
2025-06-30,0.055131,cdi,2025,6,2,Jun/2025,0.05446783333333334,0.0,
2025-07-01,0.055131,cdi,2025,7,3,Jul/2025,0.054496666666666665,0.0,
2025-07-02,0.055131,cdi,2025,7,3,Jul/2025,0.0545255,0.0,
2025-07-03,0.055131,cdi,2025,7,3,Jul/2025,0.05455433333333334,0.0,
2025-07-04,0.055131,cdi,2025,7,3,Jul/2025,0.05458316666666667,0.0,
2025-07-07,0.055131,cdi,2025,7,3,Jul/2025,0.054612,0.0,
2025-07-08,0.055131,cdi,2025,7,3,Jul/2025,0.05464083333333333,0.0,
2025-07-09,0.055131,cdi,2025,7,3,Jul/2025,0.054669666666666665,0.0,
2025-07-10,0.055131,cdi,2025,7,3,Jul/2025,0.0546985,0.0,
2025-07-11,0.055131,cdi,2025,7,3,Jul/2025,0.054727333333333336,0.0,
2025-07-14,0.055131,cdi,2025,7,3,Jul/2025,0.054756166666666675,0.0,
2025-07-15,0.055131,cdi,2025,7,3,Jul/2025,0.05478499999999999,0.0,
2025-07-16,0.055131,cdi,2025,7,3,Jul/2025,0.05481383333333333,0.0,
2025-07-17,0.055131,cdi,2025,7,3,Jul/2025,0.05484266666666667,0.0,
2025-07-18,0.055131,cdi,2025,7,3,Jul/2025,0.0548715,0.0,
2025-07-21,0.055131,cdi,2025,7,3,Jul/2025,0.054900333333333336,0.0,
2025-07-22,0.055131,cdi,2025,7,3,Jul/2025,0.054929166666666675,0.0,
2025-07-23,0.055131,cdi,2025,7,3,Jul/2025,0.05495799999999999,0.0,
2025-07-24,0.055131,cdi,2025,7,3,Jul/2025,0.05498683333333333,0.0,
2025-07-25,0.055131,cdi,2025,7,3,Jul/2025,0.05501566666666667,0.0,
2025-07-28,0.055131,cdi,2025,7,3,Jul/2025,0.0550445,0.0,
2025-07-29,0.055131,cdi,2025,7,3,Jul/2025,0.055073333333333335,0.0,
2025-07-30,0.055131,cdi,2025,7,3,Jul/2025,0.05510216666666666,0.0,
2025-07-31,0.055131,cdi,2025,7,3,Jul/2025,0.055131,0.0,
2025-08-01,0.055131,cdi,2025,8,3,Aug/2025,0.055131,0.0,
2025-08-04,0.055131,cdi,2025,8,3,Aug/2025,0.055131,0.0,
2025-08-05,0.055131,cdi,2025,8,3,Aug/2025,0.055131,0.0,
2025-08-06,0.055131,cdi,2025,8,3,Aug/2025,0.055131,0.0,
2025-08-07,0.055131,cdi,2025,8,3,Aug/2025,0.055131,0.0,
2025-08-08,0.055131,cdi,2025,8,3,Aug/2025,0.055131,0.0,
2025-08-11,0.055131,cdi,2025,8,3,Aug/2025,0.055131,0.0,
2025-08-12,0.055131,cdi,2025,8,3,Aug/2025,0.055131,0.0,
2025-08-13,0.055131,cdi,2025,8,3,Aug/2025,0.055131,0.0,
2025-08-14,0.055131,cdi,2025,8,3,Aug/2025,0.055131,0.0,
2025-08-15,0.055131,cdi,2025,8,3,Aug/2025,0.055131,0.0,
2025-08-18,0.055131,cdi,2025,8,3,Aug/2025,0.055131,0.0,
2025-08-19,0.055131,cdi,2025,8,3,Aug/2025,0.055131,0.0,
2025-08-20,0.055131,cdi,2025,8,3,Aug/2025,0.055131,0.0,
2025-08-21,0.055131,cdi,2025,8,3,Aug/2025,0.055131,0.0,
2025-08-22,0.055131,cdi,2025,8,3,Aug/2025,0.055131,0.0,
2025-08-25,0.055131,cdi,2025,8,3,Aug/2025,0.055131,0.0,
2025-08-26,0.055131,cdi,2025,8,3,Aug/2025,0.055131,0.0,
2025-08-27,0.055131,cdi,2025,8,3,Aug/2025,0.055131,0.0,
2025-08-28,0.055131,cdi,2025,8,3,Aug/2025,0.055131,0.0,
2025-08-29,0.055131,cdi,2025,8,3,Aug/2025,0.055131,0.0,
2025-09-01,0.055131,cdi,2025,9,3,Sep/2025,0.055131,0.0,
2025-09-02,0.055131,cdi,2025,9,3,Sep/2025,0.055131,0.0,
2025-09-03,0.055131,cdi,2025,9,3,Sep/2025,0.055131,0.0,
2025-09-04,0.055131,cdi,2025,9,3,Sep/2025,0.055131,0.0,
2025-09-05,0.055131,cdi,2025,9,3,Sep/2025,0.055131,0.0,
2025-09-08,0.055131,cdi,2025,9,3,Sep/2025,0.055131,0.0,
2025-09-09,0.055131,cdi,2025,9,3,Sep/2025,0.055131,0.0,
2025-09-10,0.055131,cdi,2025,9,3,Sep/2025,0.055131,0.0,
2025-09-11,0.055131,cdi,2025,9,3,Sep/2025,0.055131,0.0,
2025-09-12,0.055131,cdi,2025,9,3,Sep/2025,0.055131,0.0,
2025-09-15,0.055131,cdi,2025,9,3,Sep/2025,0.055131,0.0,
2025-09-16,0.055131,cdi,2025,9,3,Sep/2025,0.055131,0.0,
2025-09-17,0.055131,cdi,2025,9,3,Sep/2025,0.055131,0.0,
2025-09-18,0.055131,cdi,2025,9,3,Sep/2025,0.055131,0.0,
2025-09-19,0.055131,cdi,2025,9,3,Sep/2025,0.055131,0.0,
2025-09-22,0.055131,cdi,2025,9,3,Sep/2025,0.055131,0.0,
2025-09-23,0.055131,cdi,2025,9,3,Sep/2025,0.055131,0.0,
2025-09-24,0.055131,cdi,2025,9,3,Sep/2025,0.055131,0.0,
2025-09-25,0.055131,cdi,2025,9,3,Sep/2025,0.055131,0.0,
2025-09-26,0.055131,cdi,2025,9,3,Sep/2025,0.055131,0.0,
2025-09-29,0.055131,cdi,2025,9,3,Sep/2025,0.055131,0.0,
2025-09-30,0.055131,cdi,2025,9,3,Sep/2025,0.055131,0.0,
2025-10-01,0.055131,cdi,2025,10,4,Oct/2025,0.055131,0.0,
2025-10-02,0.055131,cdi,2025,10,4,Oct/2025,0.055131,0.0,
2025-10-03,0.055131,cdi,2025,10,4,Oct/2025,0.055131,0.0,
2025-10-06,0.055131,cdi,2025,10,4,Oct/2025,0.055131,0.0,
2025-10-07,0.055131,cdi,2025,10,4,Oct/2025,0.055131,0.0,
2025-10-08,0.055131,cdi,2025,10,4,Oct/2025,0.055131,0.0,
2025-10-09,0.055131,cdi,2025,10,4,Oct/2025,0.055131,0.0,
2025-10-10,0.055131,cdi,2025,10,4,Oct/2025,0.055131,0.0,
2025-10-13,0.055131,cdi,2025,10,4,Oct/2025,0.055131,0.0,
2025-10-14,0.055131,cdi,2025,10,4,Oct/2025,0.055131,0.0,
2025-10-15,0.055131,cdi,2025,10,4,Oct/2025,0.055131,0.0,
2025-10-16,0.055131,cdi,2025,10,4,Oct/2025,0.055131,0.0,
2025-10-17,0.055131,cdi,2025,10,4,Oct/2025,0.055131,0.0,
2025-10-20,0.055131,cdi,2025,10,4,Oct/2025,0.055131,0.0,
2025-10-21,0.055131,cdi,2025,10,4,Oct/2025,0.055131,0.0,
2025-10-22,0.055131,cdi,2025,10,4,Oct/2025,0.055131,0.0,
2025-10-23,0.055131,cdi,2025,10,4,Oct/2025,0.055131,0.0,
2025-10-24,0.055131,cdi,2025,10,4,Oct/2025,0.055131,0.0,
2025-10-27,0.055131,cdi,2025,10,4,Oct/2025,0.055131,0.0,
2025-10-28,0.055131,cdi,2025,10,4,Oct/2025,0.055131,0.0,
2025-10-29,0.055131,cdi,2025,10,4,Oct/2025,0.055131,0.0,
2025-10-30,0.055131,cdi,2025,10,4,Oct/2025,0.055131,0.0,
2025-10-31,0.055131,cdi,2025,10,4,Oct/2025,0.055131,0.0,
2025-11-03,0.055131,cdi,2025,11,4,Nov/2025,0.055131,0.0,
2025-11-04,0.055131,cdi,2025,11,4,Nov/2025,0.055131,0.0,
2025-11-05,0.055131,cdi,2025,11,4,Nov/2025,0.055131,0.0,
2025-11-06,0.055131,cdi,2025,11,4,Nov/2025,0.055131,0.0,
2025-11-07,0.055131,cdi,2025,11,4,Nov/2025,0.055131,0.0,
2025-11-10,0.055131,cdi,2025,11,4,Nov/2025,0.055131,0.0,
2025-11-11,0.055131,cdi,2025,11,4,Nov/2025,0.055131,0.0,
2025-11-12,0.055131,cdi,2025,11,4,Nov/2025,0.055131,0.0,
2025-11-13,0.055131,cdi,2025,11,4,Nov/2025,0.055131,0.0,
2025-11-14,0.055131,cdi,2025,11,4,Nov/2025,0.055131,0.0,
2025-11-17,0.055131,cdi,2025,11,4,Nov/2025,0.055131,0.0,
2025-11-18,0.055131,cdi,2025,11,4,Nov/2025,0.055131,0.0,
2025-11-19,0.055131,cdi,2025,11,4,Nov/2025,0.055131,0.0,
2025-11-21,0.055131,cdi,2025,11,4,Nov/2025,0.055131,0.0,
2025-11-24,0.055131,cdi,2025,11,4,Nov/2025,0.055131,0.0,
2025-11-25,0.055131,cdi,2025,11,4,Nov/2025,0.055131,0.0,
2025-11-26,0.055131,cdi,2025,11,4,Nov/2025,0.055131,0.0,
2025-11-27,0.055131,cdi,2025,11,4,Nov/2025,0.055131,0.0,
2025-11-28,0.055131,cdi,2025,11,4,Nov/2025,0.055131,0.0,
2025-12-01,0.055131,cdi,2025,12,4,Dec/2025,0.055131,0.0,
2025-12-02,0.055131,cdi,2025,12,4,Dec/2025,0.055131,0.0,
2025-12-03,0.055131,cdi,2025,12,4,Dec/2025,0.055131,0.0,
2025-12-04,0.055131,cdi,2025,12,4,Dec/2025,0.055131,0.0,
2025-12-05,0.055131,cdi,2025,12,4,Dec/2025,0.055131,0.0,
2025-12-08,0.055131,cdi,2025,12,4,Dec/2025,0.055131,0.0,
2025-12-09,0.055131,cdi,2025,12,4,Dec/2025,0.055131,0.0,
2025-12-10,0.055131,cdi,2025,12,4,Dec/2025,0.055131,0.0,
2025-12-11,0.055131,cdi,2025,12,4,Dec/2025,0.055131,0.0,
2025-12-12,0.055131,cdi,2025,12,4,Dec/2025,0.055131,0.0,
2025-12-15,0.055131,cdi,2025,12,4,Dec/2025,0.055131,0.0,
2025-12-16,0.055131,cdi,2025,12,4,Dec/2025,0.055131,0.0,
2025-12-17,0.055131,cdi,2025,12,4,Dec/2025,0.055131,0.0,
2025-12-18,0.055131,cdi,2025,12,4,Dec/2025,0.055131,0.0,
2025-12-19,0.055131,cdi,2025,12,4,Dec/2025,0.055131,0.0,
2025-12-22,0.055131,cdi,2025,12,4,Dec/2025,0.055131,0.0,
2025-12-23,0.055131,cdi,2025,12,4,Dec/2025,0.055131,0.0,
2025-12-24,0.055131,cdi,2025,12,4,Dec/2025,0.055131,0.0,
2025-12-26,0.055131,cdi,2025,12,4,Dec/2025,0.055131,0.0,
2025-12-29,0.055131,cdi,2025,12,4,Dec/2025,0.055131,0.0,
2025-12-30,0.055131,cdi,2025,12,4,Dec/2025,0.055131,0.0,
2025-12-31,0.055131,cdi,2025,12,4,Dec/2025,0.055131,0.0,
2026-01-02,0.055131,cdi,2026,1,1,Jan/2026,0.055131,0.0,
2026-01-05,0.055131,cdi,2026,1,1,Jan/2026,0.055131,0.0,
2026-01-06,0.055131,cdi,2026,1,1,Jan/2026,0.055131,0.0,
2026-01-07,0.055131,cdi,2026,1,1,Jan/2026,0.055131,0.0,
2026-01-08,0.055131,cdi,2026,1,1,Jan/2026,0.055131,0.0,
2026-01-09,0.055131,cdi,2026,1,1,Jan/2026,0.055131,0.0,
2026-01-12,0.055131,cdi,2026,1,1,Jan/2026,0.055131,0.0,
2026-01-13,0.055131,cdi,2026,1,1,Jan/2026,0.055131,0.0,
2026-01-14,0.055131,cdi,2026,1,1,Jan/2026,0.055131,0.0,
2026-01-15,0.055131,cdi,2026,1,1,Jan/2026,0.055131,0.0,
2026-01-16,0.055131,cdi,2026,1,1,Jan/2026,0.055131,0.0,
2026-01-19,0.055131,cdi,2026,1,1,Jan/2026,0.055131,0.0,
2026-01-20,0.055131,cdi,2026,1,1,Jan/2026,0.055131,0.0,
2026-01-21,0.055131,cdi,2026,1,1,Jan/2026,0.055131,0.0,
2026-01-22,0.055131,cdi,2026,1,1,Jan/2026,0.055131,0.0,
2026-01-23,0.055131,cdi,2026,1,1,Jan/2026,0.055131,0.0,
2026-01-26,0.055131,cdi,2026,1,1,Jan/2026,0.055131,0.0,
2026-01-27,0.055131,cdi,2026,1,1,Jan/2026,0.055131,0.0,
2026-01-28,0.055131,cdi,2026,1,1,Jan/2026,0.055131,0.0,
2026-01-29,0.055131,cdi,2026,1,1,Jan/2026,0.055131,0.0,
2026-01-30,0.055131,cdi,2026,1,1,Jan/2026,0.055131,0.0,
2026-02-02,0.055131,cdi,2026,2,1,Feb/2026,0.055131,0.0,
2026-02-03,0.055131,cdi,2026,2,1,Feb/2026,0.055131,0.0,
2026-02-04,0.055131,cdi,2026,2,1,Feb/2026,0.055131,0.0,
2026-02-05,0.055131,cdi,2026,2,1,Feb/2026,0.055131,0.0,
2026-02-06,0.055131,cdi,2026,2,1,Feb/2026,0.055131,0.0,
2026-02-09,0.055131,cdi,2026,2,1,Feb/2026,0.055131,0.0,
2026-02-10,0.055131,cdi,2026,2,1,Feb/2026,0.055131,0.0,
2026-02-11,0.055131,cdi,2026,2,1,Feb/2026,0.055131,0.0,
2026-02-12,0.055131,cdi,2026,2,1,Feb/2026,0.055131,0.0,
2026-02-13,0.055131,cdi,2026,2,1,Feb/2026,0.055131,0.0,
2026-02-18,0.055131,cdi,2026,2,1,Feb/2026,0.055131,0.0,
2026-02-19,0.055131,cdi,2026,2,1,Feb/2026,0.055131,0.0,
2026-02-20,0.055131,cdi,2026,2,1,Feb/2026,0.055131,0.0,
2026-02-23,0.055131,cdi,2026,2,1,Feb/2026,0.055131,0.0,
2026-02-24,0.055131,cdi,2026,2,1,Feb/2026,0.055131,0.0,
2026-02-25,0.055131,cdi,2026,2,1,Feb/2026,0.055131,0.0,
2026-02-26,0.055131,cdi,2026,2,1,Feb/2026,0.055131,0.0,
2026-02-27,0.055131,cdi,2026,2,1,Feb/2026,0.055131,0.0,
2026-03-02,0.055131,cdi,2026,3,1,Mar/2026,0.055131,0.0,
2026-03-03,0.055131,cdi,2026,3,1,Mar/2026,0.055131,0.0,
2026-03-04,0.055131,cdi,2026,3,1,Mar/2026,0.055131,0.0,
2026-03-05,0.055131,cdi,2026,3,1,Mar/2026,0.055131,0.0,
2026-03-06,0.055131,cdi,2026,3,1,Mar/2026,0.055131,0.0,
2026-03-09,0.055131,cdi,2026,3,1,Mar/2026,0.055131,0.0,
2026-03-10,0.055131,cdi,2026,3,1,Mar/2026,0.055131,0.0,
2026-03-11,0.055131,cdi,2026,3,1,Mar/2026,0.055131,0.0,
2026-03-12,0.055131,cdi,2026,3,1,Mar/2026,0.055131,0.0,
2026-03-13,0.055131,cdi,2026,3,1,Mar/2026,0.055131,0.0,
2026-03-16,0.055131,cdi,2026,3,1,Mar/2026,0.055131,0.0,
2026-03-17,0.055131,cdi,2026,3,1,Mar/2026,0.055131,0.0,
2026-03-18,0.055131,cdi,2026,3,1,Mar/2026,0.055131,0.0,
2026-03-19,0.054266,cdi,2026,3,1,Mar/2026,0.05510216666666667,-1.5689902232863484,
2026-03-20,0.054266,cdi,2026,3,1,Mar/2026,0.05507333333333333,0.0,
2026-03-23,0.054266,cdi,2026,3,1,Mar/2026,0.05504449999999999,0.0,
2026-03-24,0.054266,cdi,2026,3,1,Mar/2026,0.05501566666666667,0.0,
2026-03-25,0.054266,cdi,2026,3,1,Mar/2026,0.05498683333333333,0.0,
2026-03-26,0.054266,cdi,2026,3,1,Mar/2026,0.054958,0.0,
2026-03-27,0.054266,cdi,2026,3,1,Mar/2026,0.05492916666666667,0.0,
2026-03-30,0.054266,cdi,2026,3,1,Mar/2026,0.05490033333333333,0.0,
2026-03-31,0.054266,cdi,2026,3,1,Mar/2026,0.054871500000000004,0.0,
2026-04-01,0.054266,cdi,2026,4,2,Apr/2026,0.05484266666666667,0.0,
2026-04-02,0.054266,cdi,2026,4,2,Apr/2026,0.05481383333333333,0.0,
2026-04-06,0.054266,cdi,2026,4,2,Apr/2026,0.054785,0.0,
2026-04-07,0.054266,cdi,2026,4,2,Apr/2026,0.05475616666666667,0.0,
2026-04-08,0.054266,cdi,2026,4,2,Apr/2026,0.054727333333333336,0.0,
2026-04-09,0.054266,cdi,2026,4,2,Apr/2026,0.054698500000000004,0.0,
2026-04-10,0.054266,cdi,2026,4,2,Apr/2026,0.054669666666666665,0.0,
2026-04-13,0.054266,cdi,2026,4,2,Apr/2026,0.05464083333333333,0.0,
2026-04-14,0.054266,cdi,2026,4,2,Apr/2026,0.054612,0.0,
2026-04-15,0.054266,cdi,2026,4,2,Apr/2026,0.05458316666666667,0.0,
2026-04-16,0.054266,cdi,2026,4,2,Apr/2026,0.05455433333333334,0.0,
2026-04-17,0.054266,cdi,2026,4,2,Apr/2026,0.054525500000000005,0.0,
2026-04-20,0.054266,cdi,2026,4,2,Apr/2026,0.054496666666666665,0.0,
2026-04-22,0.054266,cdi,2026,4,2,Apr/2026,0.05446783333333333,0.0,
2026-04-23,0.054266,cdi,2026,4,2,Apr/2026,0.054439,0.0,
2026-04-24,0.054266,cdi,2026,4,2,Apr/2026,0.05441016666666667,0.0,
2026-04-27,0.054266,cdi,2026,4,2,Apr/2026,0.05438133333333333,0.0,
2026-04-28,0.054266,cdi,2026,4,2,Apr/2026,0.054352500000000005,0.0,
2026-04-29,0.054266,cdi,2026,4,2,Apr/2026,0.054323666666666666,0.0,
2026-04-30,0.0534,cdi,2026,4,2,Apr/2026,0.05426596666666667,-1.595842700770278,
2026-05-04,0.0534,cdi,2026,5,2,May/2026,0.05420826666666667,0.0,
2026-05-05,0.0534,cdi,2026,5,2,May/2026,0.0541794,0.0,
2026-05-06,0.0534,cdi,2026,5,2,May/2026,0.054150533333333334,0.0,
2026-05-07,0.0534,cdi,2026,5,2,May/2026,0.05412166666666667,0.0,
2026-05-08,0.0534,cdi,2026,5,2,May/2026,0.0540928,0.0,
2026-05-11,0.0534,cdi,2026,5,2,May/2026,0.05406393333333334,0.0,
2026-05-12,0.0534,cdi,2026,5,2,May/2026,0.05403506666666667,0.0,
2026-05-13,0.0534,cdi,2026,5,2,May/2026,0.054006200000000004,0.0,
2026-05-14,0.0534,cdi,2026,5,2,May/2026,0.053977333333333335,0.0,
2026-05-15,0.0534,cdi,2026,5,2,May/2026,0.05394846666666667,0.0,
2026-05-18,0.0534,cdi,2026,5,2,May/2026,0.0539196,0.0,
2026-05-19,0.0534,cdi,2026,5,2,May/2026,0.05389073333333334,0.0,
2026-05-20,0.0534,cdi,2026,5,2,May/2026,0.05386186666666667,0.0,
2026-05-21,0.0534,cdi,2026,5,2,May/2026,0.053833000000000006,0.0,
2026-05-22,0.0534,cdi,2026,5,2,May/2026,0.05380413333333334,0.0,
2026-05-25,0.0534,cdi,2026,5,2,May/2026,0.05377526666666667,0.0,
2026-05-26,0.0534,cdi,2026,5,2,May/2026,0.0537464,0.0,
2026-05-27,0.0534,cdi,2026,5,2,May/2026,0.05371753333333334,0.0,
2026-05-28,0.0534,cdi,2026,5,2,May/2026,0.05368866666666667,0.0,
2026-05-29,0.0534,cdi,2026,5,2,May/2026,0.05365980000000001,0.0,
2026-06-01,0.0534,cdi,2026,6,2,Jun/2026,0.05363093333333334,0.0,
2026-06-02,0.0534,cdi,2026,6,2,Jun/2026,0.05360206666666667,0.0,
2026-06-03,0.0534,cdi,2026,6,2,Jun/2026,0.0535732,0.0,
2026-06-05,0.0534,cdi,2026,6,2,Jun/2026,0.05354433333333334,0.0,
2026-06-08,0.0534,cdi,2026,6,2,Jun/2026,0.053515466666666664,0.0,
2026-06-09,0.0534,cdi,2026,6,2,Jun/2026,0.05348660000000001,0.0,
2026-06-10,0.0534,cdi,2026,6,2,Jun/2026,0.05345773333333334,0.0,
2026-06-11,0.0534,cdi,2026,6,2,Jun/2026,0.05342886666666667,0.0,
2026-06-12,0.0534,cdi,2026,6,2,Jun/2026,0.0534,0.0,
2026-06-15,0.0534,cdi,2026,6,2,Jun/2026,0.0534,0.0,
2026-06-16,0.0534,cdi,2026,6,2,Jun/2026,0.0534,0.0,
2026-06-17,0.0534,cdi,2026,6,2,Jun/2026,0.0534,0.0,
2026-06-18,0.052531,cdi,2026,6,2,Jun/2026,0.05337103333333334,-1.627340823970036,
2026-06-19,0.052531,cdi,2026,6,2,Jun/2026,0.05334206666666667,0.0,
2026-06-22,0.052531,cdi,2026,6,2,Jun/2026,0.0533131,0.0,
2026-06-23,0.052531,cdi,2026,6,2,Jun/2026,0.05328413333333334,0.0,
2026-06-24,0.052531,cdi,2026,6,2,Jun/2026,0.053255166666666666,0.0,
2026-06-25,0.052531,cdi,2026,6,2,Jun/2026,0.0532262,0.0,
2026-06-26,0.052531,cdi,2026,6,2,Jun/2026,0.05319723333333334,0.0,
2026-06-29,0.052531,cdi,2026,6,2,Jun/2026,0.053168266666666665,0.0,
2026-06-30,0.052531,cdi,2026,6,2,Jun/2026,0.0531393,0.0,
2026-07-01,0.052531,cdi,2026,7,3,Jul/2026,0.053110333333333336,0.0,
2026-07-02,0.052531,cdi,2026,7,3,Jul/2026,0.053081366666666664,0.0,
2026-07-03,0.052531,cdi,2026,7,3,Jul/2026,0.0530524,0.0,
2026-07-06,0.052531,cdi,2026,7,3,Jul/2026,0.053023433333333335,0.0,
2026-07-07,0.052531,cdi,2026,7,3,Jul/2026,0.05299446666666666,0.0,
2026-07-08,0.052531,cdi,2026,7,3,Jul/2026,0.052965500000000006,0.0,
2026-07-09,0.052531,cdi,2026,7,3,Jul/2026,0.052936533333333334,0.0,
2026-07-10,0.052531,cdi,2026,7,3,Jul/2026,0.05290756666666667,0.0,
2026-07-13,0.052531,cdi,2026,7,3,Jul/2026,0.0528786,0.0,
2026-07-14,0.052531,cdi,2026,7,3,Jul/2026,0.05284963333333334,0.0,
2026-07-15,0.052531,cdi,2026,7,3,Jul/2026,0.05282066666666666,0.0,
2026-07-16,0.052531,cdi,2026,7,3,Jul/2026,0.052791700000000004,0.0,
2026-07-17,0.052531,cdi,2026,7,3,Jul/2026,0.05276273333333333,0.0,
2026-07-20,0.052531,cdi,2026,7,3,Jul/2026,0.05273376666666667,0.0,
2026-07-21,0.052531,cdi,2026,7,3,Jul/2026,0.052704799999999996,0.0,
2026-07-22,0.052531,cdi,2026,7,3,Jul/2026,0.05267583333333334,0.0,
2026-07-23,0.052531,cdi,2026,7,3,Jul/2026,0.05264686666666666,0.0,
2026-07-24,0.052531,cdi,2026,7,3,Jul/2026,0.0526179,0.0,
2026-07-27,0.052531,cdi,2026,7,3,Jul/2026,0.05258893333333333,0.0,
2026-07-28,0.052531,cdi,2026,7,3,Jul/2026,0.052559966666666666,0.0,
2026-07-29,0.052531,cdi,2026,7,3,Jul/2026,0.052531,0.0,
2026-07-30,0.052531,cdi,2026,7,3,Jul/2026,0.052531,0.0,
2026-07-31,0.052531,cdi,2026,7,3,Jul/2026,0.052531,0.0,
2026-08-03,0.052531,cdi,2026,8,3,Aug/2026,0.052531,0.0,
2026-08-04,0.052531,cdi,2026,8,3,Aug/2026,0.052531,0.0,
2026-08-05,0.052531,cdi,2026,8,3,Aug/2026,0.052531,0.0,
2026-08-06,0.05166,cdi,2026,8,3,Aug/2026,0.05250196666666666,-1.6580685690354313,
2026-08-07,0.05166,cdi,2026,8,3,Aug/2026,0.05247293333333334,0.0,
2026-08-10,0.05166,cdi,2026,8,3,Aug/2026,0.0524439,0.0,
2026-08-11,0.05166,cdi,2026,8,3,Aug/2026,0.052414866666666664,0.0,
2026-08-12,0.05166,cdi,2026,8,3,Aug/2026,0.05238583333333333,0.0,
2026-08-13,0.05166,cdi,2026,8,3,Aug/2026,0.0523568,0.0,
2026-08-14,0.05166,cdi,2026,8,3,Aug/2026,0.05232776666666667,0.0,
2026-08-17,0.05166,cdi,2026,8,3,Aug/2026,0.05229873333333334,0.0,
2026-08-18,0.05166,cdi,2026,8,3,Aug/2026,0.052269699999999995,0.0,
2026-08-19,0.05166,cdi,2026,8,3,Aug/2026,0.052240666666666664,0.0,
2026-08-20,0.05166,cdi,2026,8,3,Aug/2026,0.052211633333333334,0.0,
2026-08-21,0.05166,cdi,2026,8,3,Aug/2026,0.052182599999999996,0.0,
2026-08-24,0.05166,cdi,2026,8,3,Aug/2026,0.05215356666666667,0.0,
2026-08-25,0.05166,cdi,2026,8,3,Aug/2026,0.052124533333333334,0.0,
2026-08-26,0.05166,cdi,2026,8,3,Aug/2026,0.052095499999999996,0.0,
2026-08-27,0.05166,cdi,2026,8,3,Aug/2026,0.052066466666666665,0.0,
2026-08-28,0.05166,cdi,2026,8,3,Aug/2026,0.052037433333333334,0.0,
2026-08-31,0.05166,cdi,2026,8,3,Aug/2026,0.052008399999999996,0.0,
2026-09-01,0.05166,cdi,2026,9,3,Sep/2026,0.05197936666666667,0.0,
2026-09-02,0.05166,cdi,2026,9,3,Sep/2026,0.05195033333333333,0.0,
2026-09-03,0.05166,cdi,2026,9,3,Sep/2026,0.0519213,0.0,
2026-09-04,0.05166,cdi,2026,9,3,Sep/2026,0.051892266666666666,0.0,
2026-09-08,0.05166,cdi,2026,9,3,Sep/2026,0.051863233333333335,0.0,
2026-09-09,0.05166,cdi,2026,9,3,Sep/2026,0.051834200000000004,0.0,
2026-09-10,0.05166,cdi,2026,9,3,Sep/2026,0.051805166666666666,0.0,
2026-09-11,0.05166,cdi,2026,9,3,Sep/2026,0.05177613333333333,0.0,
2026-09-14,0.05166,cdi,2026,9,3,Sep/2026,0.0517471,0.0,
2026-09-15,0.05166,cdi,2026,9,3,Sep/2026,0.051718066666666666,0.0,
2026-09-16,0.05166,cdi,2026,9,3,Sep/2026,0.05168903333333333,0.0,
2026-09-17,0.050788,cdi,2026,9,3,Sep/2026,0.05163093333333333,-1.6879597367402188,
2026-09-18,0.050788,cdi,2026,9,3,Sep/2026,0.05160186666666666,0.0,
2026-09-21,0.050788,cdi,2026,9,3,Sep/2026,0.051572799999999995,0.0,
2026-09-22,0.050788,cdi,2026,9,3,Sep/2026,0.05154373333333333,0.0,
2026-09-23,0.050788,cdi,2026,9,3,Sep/2026,0.05151466666666667,0.0,
2020-01-01,0.21,ipca,2020,1,1,Jan/2020,0.21,,
2020-02-01,0.25,ipca,2020,2,1,Feb/2020,0.22999999999999998,19.047619047619047,
2020-03-01,0.07,ipca,2020,3,1,Mar/2020,0.17666666666666667,-72.0,
2020-04-01,-0.31,ipca,2020,4,2,Apr/2020,0.05499999999999999,-542.8571428571428,
2020-05-01,-0.38,ipca,2020,5,2,May/2020,-0.03200000000000001,22.580645161290324,
2020-06-01,0.26,ipca,2020,6,2,Jun/2020,0.016666666666666663,-168.42105263157893,
2020-07-01,0.36,ipca,2020,7,3,Jul/2020,0.06571428571428571,38.46153846153846,
2020-08-01,0.24,ipca,2020,8,3,Aug/2020,0.0875,-33.333333333333336,
2020-09-01,0.64,ipca,2020,9,3,Sep/2020,0.14888888888888888,166.66666666666669,
2020-10-01,0.86,ipca,2020,10,4,Oct/2020,0.22000000000000003,34.375,
2020-11-01,0.89,ipca,2020,11,4,Nov/2020,0.2809090909090909,3.488372093023262,
2020-12-01,1.35,ipca,2020,12,4,Dec/2020,0.36999999999999994,51.685393258426984,
2021-01-01,0.25,ipca,2021,1,1,Jan/2021,0.36076923076923073,-81.4814814814815,
2021-02-01,0.86,ipca,2021,2,1,Feb/2021,0.3964285714285714,244.0,
2021-03-01,0.93,ipca,2021,3,1,Mar/2021,0.43200000000000005,8.139534883720945,
2021-04-01,0.31,ipca,2021,4,2,Apr/2021,0.424375,-66.66666666666667,
2021-05-01,0.83,ipca,2021,5,2,May/2021,0.44823529411764707,167.74193548387095,
2021-06-01,0.53,ipca,2021,6,2,Jun/2021,0.4527777777777778,-36.14457831325301,
2021-07-01,0.96,ipca,2021,7,3,Jul/2021,0.4794736842105263,81.1320754716981,
2021-08-01,0.87,ipca,2021,8,3,Aug/2021,0.499,-9.375,
2021-09-01,1.16,ipca,2021,9,3,Sep/2021,0.5304761904761905,33.33333333333333,
2021-10-01,1.25,ipca,2021,10,4,Oct/2021,0.5631818181818182,7.758620689655182,
2021-11-01,0.95,ipca,2021,11,4,Nov/2021,0.58,-24.0,
2021-12-01,0.73,ipca,2021,12,4,Dec/2021,0.58625,-23.1578947368421,
2022-01-01,0.54,ipca,2022,1,1,Jan/2022,0.5844,-26.027397260273965,
2022-02-01,1.01,ipca,2022,2,1,Feb/2022,0.6007692307692307,87.03703703703702,
2022-03-01,1.62,ipca,2022,3,1,Mar/2022,0.6385185185185185,60.3960396039604,
2022-04-01,1.06,ipca,2022,4,2,Apr/2022,0.6535714285714286,-34.5679012345679,
2022-05-01,0.47,ipca,2022,5,2,May/2022,0.6472413793103449,-55.660377358490564,
2022-06-01,0.67,ipca,2022,6,2,Jun/2022,0.648,42.55319148936172,
2022-07-01,-0.68,ipca,2022,7,3,Jul/2022,0.6183333333333333,-201.49253731343288,
2022-08-01,-0.36,ipca,2022,8,3,Aug/2022,0.598,-47.058823529411775,
2022-09-01,-0.29,ipca,2022,9,3,Sep/2022,0.586,-19.444444444444443,
2022-10-01,0.59,ipca,2022,10,4,Oct/2022,0.616,-303.44827586206895,
2022-11-01,0.41,ipca,2022,11,4,Nov/2022,0.6423333333333333,-30.508474576271183,
2022-12-01,0.62,ipca,2022,12,4,Dec/2022,0.6543333333333333,51.21951219512195,
2023-01-01,0.53,ipca,2023,1,1,Jan/2023,0.6599999999999999,-14.516129032258062,
2023-02-01,0.84,ipca,2023,2,1,Feb/2023,0.68,58.49056603773584,
2023-03-01,0.71,ipca,2023,3,1,Mar/2023,0.6823333333333333,-15.476190476190476,
2023-04-01,0.61,ipca,2023,4,2,Apr/2023,0.6739999999999999,-14.084507042253513,
2023-05-01,0.23,ipca,2023,5,2,May/2023,0.6519999999999999,-62.295081967213115,
2023-06-01,-0.08,ipca,2023,6,2,Jun/2023,0.6043333333333333,-134.7826086956522,
2023-07-01,0.12,ipca,2023,7,3,Jul/2023,0.6,-250.0,
2023-08-01,0.23,ipca,2023,8,3,Aug/2023,0.579,91.66666666666667,
2023-09-01,0.26,ipca,2023,9,3,Sep/2023,0.5566666666666666,13.043478260869556,
2023-10-01,0.24,ipca,2023,10,4,Oct/2023,0.5543333333333333,-7.692307692307699,
2023-11-01,0.28,ipca,2023,11,4,Nov/2023,0.536,16.666666666666675,
2023-12-01,0.56,ipca,2023,12,4,Dec/2023,0.537,100.0,
2024-01-01,0.42,ipca,2024,1,1,Jan/2024,0.519,-25.00000000000001,
2024-02-01,0.83,ipca,2024,2,1,Feb/2024,0.5176666666666666,97.61904761904762,
2024-03-01,0.16,ipca,2024,3,1,Mar/2024,0.4843333333333334,-80.72289156626506,
2024-04-01,0.38,ipca,2024,4,2,Apr/2024,0.4553333333333333,137.5,
2024-05-01,0.46,ipca,2024,5,2,May/2024,0.439,21.052631578947366,
2024-06-01,0.21,ipca,2024,6,2,Jun/2024,0.4216666666666667,-54.347826086956516,
2024-07-01,0.38,ipca,2024,7,3,Jul/2024,0.41633333333333333,80.95238095238095,
2024-08-01,-0.02,ipca,2024,8,3,Aug/2024,0.382,-105.26315789473684,
2024-09-01,0.44,ipca,2024,9,3,Sep/2024,0.3426666666666666,-2300.0,
2024-10-01,0.56,ipca,2024,10,4,Oct/2024,0.32599999999999996,27.272727272727295,
2024-11-01,0.39,ipca,2024,11,4,Nov/2024,0.32333333333333336,-30.35714285714286,
2024-12-01,0.52,ipca,2024,12,4,Dec/2024,0.31833333333333336,33.33333333333333,
2025-01-01,0.16,ipca,2025,1,1,Jan/2025,0.3463333333333333,-69.23076923076923,
2025-02-01,1.31,ipca,2025,2,1,Feb/2025,0.40199999999999997,718.75,
2025-03-01,0.56,ipca,2025,3,1,Mar/2025,0.43033333333333335,-57.25190839694656,
2025-04-01,0.43,ipca,2025,4,2,Apr/2025,0.425,-23.214285714285722,
2025-05-01,0.26,ipca,2025,5,2,May/2025,0.42000000000000004,-39.534883720930225,
2025-06-01,0.24,ipca,2025,6,2,Jun/2025,0.40733333333333327,-7.692307692307699,
2025-07-01,0.26,ipca,2025,7,3,Jul/2025,0.3983333333333334,8.333333333333348,
2025-08-01,-0.11,ipca,2025,8,3,Aug/2025,0.36666666666666664,-142.30769230769232,
2025-09-01,0.48,ipca,2025,9,3,Sep/2025,0.359,-536.3636363636364,
2025-10-01,0.09,ipca,2025,10,4,Oct/2025,0.3416666666666667,-81.25,
2025-11-01,0.18,ipca,2025,11,4,Nov/2025,0.33999999999999997,100.0,
2025-12-01,0.33,ipca,2025,12,4,Dec/2025,0.35366666666666663,83.33333333333334,
2026-01-01,0.33,ipca,2026,1,1,Jan/2026,0.3606666666666667,0.0,
2026-02-01,0.7,ipca,2026,2,1,Feb/2026,0.3763333333333333,112.12121212121211,
2026-03-01,0.88,ipca,2026,3,1,Mar/2026,0.397,25.714285714285733,
2026-04-01,0.67,ipca,2026,4,2,Apr/2026,0.41133333333333333,-23.863636363636363,
2026-05-01,0.58,ipca,2026,5,2,May/2026,0.42133333333333334,-13.432835820895539,
2026-06-01,0.16,ipca,2026,6,2,Jun/2026,0.40800000000000003,-72.41379310344827,
2026-07-01,0.07,ipca,2026,7,3,Jul/2026,0.39633333333333337,-56.25,
2026-08-01,-0.32,ipca,2026,8,3,Aug/2026,0.358,-557.1428571428571,
2020-01-02,0.017089,selic,2020,1,1,Jan/2020,0.017089,,
2020-01-03,0.017089,selic,2020,1,1,Jan/2020,0.017089,0.0,
2020-01-06,0.017089,selic,2020,1,1,Jan/2020,0.017089,0.0,
2020-01-07,0.017089,selic,2020,1,1,Jan/2020,0.017089,0.0,
2020-01-08,0.017089,selic,2020,1,1,Jan/2020,0.017089,0.0,
2020-01-09,0.017089,selic,2020,1,1,Jan/2020,0.017089,0.0,
2020-01-10,0.017089,selic,2020,1,1,Jan/2020,0.017089,0.0,
2020-01-13,0.017089,selic,2020,1,1,Jan/2020,0.017089,0.0,
2020-01-14,0.017089,selic,2020,1,1,Jan/2020,0.017089,0.0,
2020-01-15,0.017089,selic,2020,1,1,Jan/2020,0.017089,0.0,
2020-01-16,0.017089,selic,2020,1,1,Jan/2020,0.017089,0.0,
2020-01-17,0.017089,selic,2020,1,1,Jan/2020,0.017089,0.0,
2020-01-20,0.017089,selic,2020,1,1,Jan/2020,0.017089,0.0,
2020-01-21,0.017089,selic,2020,1,1,Jan/2020,0.017089,0.0,
2020-01-22,0.017089,selic,2020,1,1,Jan/2020,0.017089,0.0,
2020-01-23,0.017089,selic,2020,1,1,Jan/2020,0.017089,0.0,
2020-01-24,0.017089,selic,2020,1,1,Jan/2020,0.017089,0.0,
2020-01-27,0.017089,selic,2020,1,1,Jan/2020,0.017089,0.0,
2020-01-28,0.017089,selic,2020,1,1,Jan/2020,0.017089,0.0,
2020-01-29,0.017089,selic,2020,1,1,Jan/2020,0.017089,0.0,
2020-01-30,0.017089,selic,2020,1,1,Jan/2020,0.017089,0.0,
2020-01-31,0.017089,selic,2020,1,1,Jan/2020,0.017089,0.0,
2020-02-03,0.017089,selic,2020,2,1,Feb/2020,0.017089,0.0,
2020-02-04,0.017089,selic,2020,2,1,Feb/2020,0.017089,0.0,
2020-02-05,0.017089,selic,2020,2,1,Feb/2020,0.017089,0.0,
2020-02-06,0.016137,selic,2020,2,1,Feb/2020,0.017052384615384615,-5.570835040084276,
2020-02-07,0.016137,selic,2020,2,1,Feb/2020,0.01701848148148148,0.0,
2020-02-10,0.016137,selic,2020,2,1,Feb/2020,0.016987,0.0,
2020-02-11,0.016137,selic,2020,2,1,Feb/2020,0.016957689655172414,0.0,
2020-02-12,0.016137,selic,2020,2,1,Feb/2020,0.016930333333333332,0.0,
2020-02-13,0.016137,selic,2020,2,1,Feb/2020,0.0168986,0.0,
2020-02-14,0.016137,selic,2020,2,1,Feb/2020,0.016866866666666664,0.0,
2020-02-17,0.016137,selic,2020,2,1,Feb/2020,0.016835133333333332,0.0,
2020-02-18,0.016137,selic,2020,2,1,Feb/2020,0.0168034,0.0,
2020-02-19,0.016137,selic,2020,2,1,Feb/2020,0.016771666666666667,0.0,
2020-02-20,0.016137,selic,2020,2,1,Feb/2020,0.01673993333333333,0.0,
2020-02-21,0.016137,selic,2020,2,1,Feb/2020,0.0167082,0.0,
2020-02-26,0.016137,selic,2020,2,1,Feb/2020,0.016676466666666667,0.0,
2020-02-27,0.016137,selic,2020,2,1,Feb/2020,0.01664473333333333,0.0,
2020-02-28,0.016137,selic,2020,2,1,Feb/2020,0.016613,0.0,
2020-03-02,0.016137,selic,2020,3,1,Mar/2020,0.016581266666666667,0.0,
2020-03-03,0.016137,selic,2020,3,1,Mar/2020,0.01654953333333333,0.0,
2020-03-04,0.016137,selic,2020,3,1,Mar/2020,0.0165178,0.0,
2020-03-05,0.016137,selic,2020,3,1,Mar/2020,0.016486066666666667,0.0,
2020-03-06,0.016137,selic,2020,3,1,Mar/2020,0.016454333333333335,0.0,
2020-03-09,0.016137,selic,2020,3,1,Mar/2020,0.0164226,0.0,
2020-03-10,0.016137,selic,2020,3,1,Mar/2020,0.016390866666666663,0.0,
2020-03-11,0.016137,selic,2020,3,1,Mar/2020,0.016359133333333335,0.0,
2020-03-12,0.016137,selic,2020,3,1,Mar/2020,0.0163274,0.0,
2020-03-13,0.016137,selic,2020,3,1,Mar/2020,0.016295666666666663,0.0,
2020-03-16,0.016137,selic,2020,3,1,Mar/2020,0.01626393333333333,0.0,
2020-03-17,0.016137,selic,2020,3,1,Mar/2020,0.0162322,0.0,
2020-03-18,0.016137,selic,2020,3,1,Mar/2020,0.016200466666666666,0.0,
2020-03-19,0.014227,selic,2020,3,1,Mar/2020,0.016105066666666664,-11.836152940447409,
2020-03-20,0.014227,selic,2020,3,1,Mar/2020,0.016009666666666665,0.0,
2020-03-23,0.014227,selic,2020,3,1,Mar/2020,0.015946,0.0,
2020-03-24,0.014227,selic,2020,3,1,Mar/2020,0.01588233333333333,0.0,
2020-03-25,0.014227,selic,2020,3,1,Mar/2020,0.015818666666666665,0.0,
2020-03-26,0.014227,selic,2020,3,1,Mar/2020,0.015754999999999998,0.0,
2020-03-27,0.014227,selic,2020,3,1,Mar/2020,0.01569133333333333,0.0,
2020-03-30,0.014227,selic,2020,3,1,Mar/2020,0.015627666666666665,0.0,
2020-03-31,0.014227,selic,2020,3,1,Mar/2020,0.015563999999999998,0.0,
2020-04-01,0.014227,selic,2020,4,2,Apr/2020,0.015500333333333331,0.0,
2020-04-02,0.014227,selic,2020,4,2,Apr/2020,0.015436666666666666,0.0,
2020-04-03,0.014227,selic,2020,4,2,Apr/2020,0.015373,0.0,
2020-04-06,0.014227,selic,2020,4,2,Apr/2020,0.015309333333333333,0.0,
2020-04-07,0.014227,selic,2020,4,2,Apr/2020,0.015245666666666664,0.0,
2020-04-08,0.014227,selic,2020,4,2,Apr/2020,0.015182,0.0,
2020-04-09,0.014227,selic,2020,4,2,Apr/2020,0.015118333333333334,0.0,
2020-04-13,0.014227,selic,2020,4,2,Apr/2020,0.015054666666666666,0.0,
2020-04-14,0.014227,selic,2020,4,2,Apr/2020,0.014990999999999999,0.0,
2020-04-15,0.014227,selic,2020,4,2,Apr/2020,0.014927333333333332,0.0,
2020-04-16,0.014227,selic,2020,4,2,Apr/2020,0.014863666666666666,0.0,
2020-04-17,0.014227,selic,2020,4,2,Apr/2020,0.0148,0.0,
2020-04-20,0.014227,selic,2020,4,2,Apr/2020,0.014736333333333332,0.0,
2020-04-22,0.014227,selic,2020,4,2,Apr/2020,0.014672666666666667,0.0,
2020-04-23,0.014227,selic,2020,4,2,Apr/2020,0.014609,0.0,
2020-04-24,0.014227,selic,2020,4,2,Apr/2020,0.014545333333333332,0.0,
2020-04-27,0.014227,selic,2020,4,2,Apr/2020,0.014481666666666667,0.0,
2020-04-28,0.014227,selic,2020,4,2,Apr/2020,0.014418000000000002,0.0,
2020-04-29,0.014227,selic,2020,4,2,Apr/2020,0.014354333333333334,0.0,
2020-04-30,0.014227,selic,2020,4,2,Apr/2020,0.014290666666666667,0.0,
2020-05-04,0.014227,selic,2020,5,2,May/2020,0.014227,0.0,
2020-05-05,0.014227,selic,2020,5,2,May/2020,0.014227,0.0,
2020-05-06,0.014227,selic,2020,5,2,May/2020,0.014227,0.0,
2020-05-07,0.011345,selic,2020,5,2,May/2020,0.014130933333333335,-20.257257327616507,
2020-05-08,0.011345,selic,2020,5,2,May/2020,0.014034866666666668,0.0,
2020-05-11,0.011345,selic,2020,5,2,May/2020,0.0139388,0.0,
2020-05-12,0.011345,selic,2020,5,2,May/2020,0.013842733333333333,0.0,
2020-05-13,0.011345,selic,2020,5,2,May/2020,0.013746666666666666,0.0,
2020-05-14,0.011345,selic,2020,5,2,May/2020,0.0136506,0.0,
2020-05-15,0.011345,selic,2020,5,2,May/2020,0.013554533333333334,0.0,
2020-05-18,0.011345,selic,2020,5,2,May/2020,0.013458466666666667,0.0,
2020-05-19,0.011345,selic,2020,5,2,May/2020,0.013362399999999998,0.0,
2020-05-20,0.011345,selic,2020,5,2,May/2020,0.013266333333333333,0.0,
2020-05-21,0.011345,selic,2020,5,2,May/2020,0.013170266666666668,0.0,
2020-05-22,0.011345,selic,2020,5,2,May/2020,0.013074200000000001,0.0,
2020-05-25,0.011345,selic,2020,5,2,May/2020,0.012978133333333334,0.0,
2020-05-26,0.011345,selic,2020,5,2,May/2020,0.012882066666666666,0.0,
2020-05-27,0.011345,selic,2020,5,2,May/2020,0.012785999999999999,0.0,
2020-05-28,0.011345,selic,2020,5,2,May/2020,0.012689933333333332,0.0,
2020-05-29,0.011345,selic,2020,5,2,May/2020,0.012593866666666667,0.0,
2020-06-01,0.011345,selic,2020,6,2,Jun/2020,0.0124978,0.0,
2020-06-02,0.011345,selic,2020,6,2,Jun/2020,0.012401733333333331,0.0,
2020-06-03,0.011345,selic,2020,6,2,Jun/2020,0.012305666666666666,0.0,
2020-06-04,0.011345,selic,2020,6,2,Jun/2020,0.0122096,0.0,
2020-06-05,0.011345,selic,2020,6,2,Jun/2020,0.012113533333333334,0.0,
2020-06-08,0.011345,selic,2020,6,2,Jun/2020,0.012017466666666667,0.0,
2020-06-09,0.011345,selic,2020,6,2,Jun/2020,0.011921399999999999,0.0,
2020-06-10,0.011345,selic,2020,6,2,Jun/2020,0.011825333333333332,0.0,
2020-06-12,0.011345,selic,2020,6,2,Jun/2020,0.011729266666666665,0.0,
2020-06-15,0.011345,selic,2020,6,2,Jun/2020,0.0116332,0.0,
2020-06-16,0.011345,selic,2020,6,2,Jun/2020,0.011537133333333333,0.0,
2020-06-17,0.011345,selic,2020,6,2,Jun/2020,0.011441066666666666,0.0,
2020-06-18,0.008442,selic,2020,6,2,Jun/2020,0.011248233333333331,-25.588364918466276,
2020-06-19,0.008442,selic,2020,6,2,Jun/2020,0.011151466666666665,0.0,
2020-06-22,0.008442,selic,2020,6,2,Jun/2020,0.011054699999999999,0.0,
2020-06-23,0.008442,selic,2020,6,2,Jun/2020,0.010957933333333333,0.0,
2020-06-24,0.008442,selic,2020,6,2,Jun/2020,0.010861166666666667,0.0,
2020-06-25,0.008442,selic,2020,6,2,Jun/2020,0.0107644,0.0,
2020-06-26,0.008442,selic,2020,6,2,Jun/2020,0.010667633333333334,0.0,
2020-06-29,0.008442,selic,2020,6,2,Jun/2020,0.010570866666666668,0.0,
2020-06-30,0.008442,selic,2020,6,2,Jun/2020,0.010474100000000002,0.0,
2020-07-01,0.008442,selic,2020,7,3,Jul/2020,0.010377333333333332,0.0,
2020-07-02,0.008442,selic,2020,7,3,Jul/2020,0.010280566666666664,0.0,
2020-07-03,0.008442,selic,2020,7,3,Jul/2020,0.010183799999999998,0.0,
2020-07-06,0.008442,selic,2020,7,3,Jul/2020,0.010087033333333332,0.0,
2020-07-07,0.008442,selic,2020,7,3,Jul/2020,0.009990266666666666,0.0,
2020-07-08,0.008442,selic,2020,7,3,Jul/2020,0.0098935,0.0,
2020-07-09,0.008442,selic,2020,7,3,Jul/2020,0.009796733333333333,0.0,
2020-07-10,0.008442,selic,2020,7,3,Jul/2020,0.009699966666666667,0.0,
2020-07-13,0.008442,selic,2020,7,3,Jul/2020,0.009603200000000001,0.0,
2020-07-14,0.008442,selic,2020,7,3,Jul/2020,0.009506433333333335,0.0,
2020-07-15,0.008442,selic,2020,7,3,Jul/2020,0.009409666666666667,0.0,
2020-07-16,0.008442,selic,2020,7,3,Jul/2020,0.0093129,0.0,
2020-07-17,0.008442,selic,2020,7,3,Jul/2020,0.009216133333333331,0.0,
2020-07-20,0.008442,selic,2020,7,3,Jul/2020,0.009119366666666665,0.0,
2020-07-21,0.008442,selic,2020,7,3,Jul/2020,0.009022599999999999,0.0,
2020-07-22,0.008442,selic,2020,7,3,Jul/2020,0.008925833333333332,0.0,
2020-07-23,0.008442,selic,2020,7,3,Jul/2020,0.008829066666666666,0.0,
2020-07-24,0.008442,selic,2020,7,3,Jul/2020,0.0087323,0.0,
2020-07-27,0.008442,selic,2020,7,3,Jul/2020,0.008635533333333334,0.0,
2020-07-28,0.008442,selic,2020,7,3,Jul/2020,0.008538766666666668,0.0,
2020-07-29,0.008442,selic,2020,7,3,Jul/2020,0.008442,0.0,
2020-07-30,0.008442,selic,2020,7,3,Jul/2020,0.008442,0.0,
2020-07-31,0.008442,selic,2020,7,3,Jul/2020,0.008442,0.0,
2020-08-03,0.008442,selic,2020,8,3,Aug/2020,0.008442,0.0,
2020-08-04,0.008442,selic,2020,8,3,Aug/2020,0.008442,0.0,
2020-08-05,0.008442,selic,2020,8,3,Aug/2020,0.008442,0.0,
2020-08-06,0.007469,selic,2020,8,3,Aug/2020,0.008409566666666667,-11.525704809286896,
2020-08-07,0.007469,selic,2020,8,3,Aug/2020,0.008377133333333333,0.0,
2020-08-10,0.007469,selic,2020,8,3,Aug/2020,0.0083447,0.0,
2020-08-11,0.007469,selic,2020,8,3,Aug/2020,0.008312266666666667,0.0,
2020-08-12,0.007469,selic,2020,8,3,Aug/2020,0.008279833333333332,0.0,
2020-08-13,0.007469,selic,2020,8,3,Aug/2020,0.008247399999999998,0.0,
2020-08-14,0.007469,selic,2020,8,3,Aug/2020,0.008214966666666667,0.0,
2020-08-17,0.007469,selic,2020,8,3,Aug/2020,0.008182533333333334,0.0,
2020-08-18,0.007469,selic,2020,8,3,Aug/2020,0.0081501,0.0,
2020-08-19,0.007469,selic,2020,8,3,Aug/2020,0.008117666666666667,0.0,
2020-08-20,0.007469,selic,2020,8,3,Aug/2020,0.008085233333333334,0.0,
2020-08-21,0.007469,selic,2020,8,3,Aug/2020,0.0080528,0.0,
2020-08-24,0.007469,selic,2020,8,3,Aug/2020,0.008020366666666667,0.0,
2020-08-25,0.007469,selic,2020,8,3,Aug/2020,0.007987933333333332,0.0,
2020-08-26,0.007469,selic,2020,8,3,Aug/2020,0.007955499999999999,0.0,
2020-08-27,0.007469,selic,2020,8,3,Aug/2020,0.007923066666666666,0.0,
2020-08-28,0.007469,selic,2020,8,3,Aug/2020,0.007890633333333332,0.0,
2020-08-31,0.007469,selic,2020,8,3,Aug/2020,0.007858200000000001,0.0,
2020-09-01,0.007469,selic,2020,9,3,Sep/2020,0.007825766666666668,0.0,
2020-09-02,0.007469,selic,2020,9,3,Sep/2020,0.0077933333333333335,0.0,
2020-09-03,0.007469,selic,2020,9,3,Sep/2020,0.0077609,0.0,
2020-09-04,0.007469,selic,2020,9,3,Sep/2020,0.007728466666666666,0.0,
2020-09-08,0.007469,selic,2020,9,3,Sep/2020,0.007696033333333334,0.0,
2020-09-09,0.007469,selic,2020,9,3,Sep/2020,0.0076636000000000004,0.0,
2020-09-10,0.007469,selic,2020,9,3,Sep/2020,0.007631166666666666,0.0,
2020-09-11,0.007469,selic,2020,9,3,Sep/2020,0.007598733333333333,0.0,
2020-09-14,0.007469,selic,2020,9,3,Sep/2020,0.0075663,0.0,
2020-09-15,0.007469,selic,2020,9,3,Sep/2020,0.0075338666666666665,0.0,
2020-09-16,0.007469,selic,2020,9,3,Sep/2020,0.007501433333333333,0.0,
2020-09-17,0.007469,selic,2020,9,3,Sep/2020,0.007469,0.0,
2020-09-18,0.007469,selic,2020,9,3,Sep/2020,0.007469,0.0,
2020-09-21,0.007469,selic,2020,9,3,Sep/2020,0.007469,0.0,
2020-09-22,0.007469,selic,2020,9,3,Sep/2020,0.007469,0.0,
2020-09-23,0.007469,selic,2020,9,3,Sep/2020,0.007469,0.0,
2020-09-24,0.007469,selic,2020,9,3,Sep/2020,0.007469,0.0,
2020-09-25,0.007469,selic,2020,9,3,Sep/2020,0.007469,0.0,
2020-09-28,0.007469,selic,2020,9,3,Sep/2020,0.007469,0.0,
2020-09-29,0.007469,selic,2020,9,3,Sep/2020,0.007469,0.0,
2020-09-30,0.007469,selic,2020,9,3,Sep/2020,0.007469,0.0,
2020-10-01,0.007469,selic,2020,10,4,Oct/2020,0.007469,0.0,
2020-10-02,0.007469,selic,2020,10,4,Oct/2020,0.007469,0.0,
2020-10-05,0.007469,selic,2020,10,4,Oct/2020,0.007469,0.0,
2020-10-06,0.007469,selic,2020,10,4,Oct/2020,0.007469,0.0,
2020-10-07,0.007469,selic,2020,10,4,Oct/2020,0.007469,0.0,
2020-10-08,0.007469,selic,2020,10,4,Oct/2020,0.007469,0.0,
2020-10-09,0.007469,selic,2020,10,4,Oct/2020,0.007469,0.0,
2020-10-13,0.007469,selic,2020,10,4,Oct/2020,0.007469,0.0,
2020-10-14,0.007469,selic,2020,10,4,Oct/2020,0.007469,0.0,
2020-10-15,0.007469,selic,2020,10,4,Oct/2020,0.007469,0.0,
2020-10-16,0.007469,selic,2020,10,4,Oct/2020,0.007469,0.0,
2020-10-19,0.007469,selic,2020,10,4,Oct/2020,0.007469,0.0,
2020-10-20,0.007469,selic,2020,10,4,Oct/2020,0.007469,0.0,
2020-10-21,0.007469,selic,2020,10,4,Oct/2020,0.007469,0.0,
2020-10-22,0.007469,selic,2020,10,4,Oct/2020,0.007469,0.0,
2020-10-23,0.007469,selic,2020,10,4,Oct/2020,0.007469,0.0,
2020-10-26,0.007469,selic,2020,10,4,Oct/2020,0.007469,0.0,
2020-10-27,0.007469,selic,2020,10,4,Oct/2020,0.007469,0.0,
2020-10-28,0.007469,selic,2020,10,4,Oct/2020,0.007469,0.0,
2020-10-29,0.007469,selic,2020,10,4,Oct/2020,0.007469,0.0,
2020-10-30,0.007469,selic,2020,10,4,Oct/2020,0.007469,0.0,
2020-11-03,0.007469,selic,2020,11,4,Nov/2020,0.007469,0.0,
2020-11-04,0.007469,selic,2020,11,4,Nov/2020,0.007469,0.0,
2020-11-05,0.007469,selic,2020,11,4,Nov/2020,0.007469,0.0,
2020-11-06,0.007469,selic,2020,11,4,Nov/2020,0.007469,0.0,
2020-11-09,0.007469,selic,2020,11,4,Nov/2020,0.007469,0.0,
2020-11-10,0.007469,selic,2020,11,4,Nov/2020,0.007469,0.0,
2020-11-11,0.007469,selic,2020,11,4,Nov/2020,0.007469,0.0,
2020-11-12,0.007469,selic,2020,11,4,Nov/2020,0.007469,0.0,
2020-11-13,0.007469,selic,2020,11,4,Nov/2020,0.007469,0.0,
2020-11-16,0.007469,selic,2020,11,4,Nov/2020,0.007469,0.0,
2020-11-17,0.007469,selic,2020,11,4,Nov/2020,0.007469,0.0,
2020-11-18,0.007469,selic,2020,11,4,Nov/2020,0.007469,0.0,
2020-11-19,0.007469,selic,2020,11,4,Nov/2020,0.007469,0.0,
2020-11-20,0.007469,selic,2020,11,4,Nov/2020,0.007469,0.0,
2020-11-23,0.007469,selic,2020,11,4,Nov/2020,0.007469,0.0,
2020-11-24,0.007469,selic,2020,11,4,Nov/2020,0.007469,0.0,
2020-11-25,0.007469,selic,2020,11,4,Nov/2020,0.007469,0.0,
2020-11-26,0.007469,selic,2020,11,4,Nov/2020,0.007469,0.0,
2020-11-27,0.007469,selic,2020,11,4,Nov/2020,0.007469,0.0,
2020-11-30,0.007469,selic,2020,11,4,Nov/2020,0.007469,0.0,
2020-12-01,0.007469,selic,2020,12,4,Dec/2020,0.007469,0.0,
2020-12-02,0.007469,selic,2020,12,4,Dec/2020,0.007469,0.0,
2020-12-03,0.007469,selic,2020,12,4,Dec/2020,0.007469,0.0,
2020-12-04,0.007469,selic,2020,12,4,Dec/2020,0.007469,0.0,
2020-12-07,0.007469,selic,2020,12,4,Dec/2020,0.007469,0.0,
2020-12-08,0.007469,selic,2020,12,4,Dec/2020,0.007469,0.0,
2020-12-09,0.007469,selic,2020,12,4,Dec/2020,0.007469,0.0,
2020-12-10,0.007469,selic,2020,12,4,Dec/2020,0.007469,0.0,
2020-12-11,0.007469,selic,2020,12,4,Dec/2020,0.007469,0.0,
2020-12-14,0.007469,selic,2020,12,4,Dec/2020,0.007469,0.0,
2020-12-15,0.007469,selic,2020,12,4,Dec/2020,0.007469,0.0,
2020-12-16,0.007469,selic,2020,12,4,Dec/2020,0.007469,0.0,
2020-12-17,0.007469,selic,2020,12,4,Dec/2020,0.007469,0.0,
2020-12-18,0.007469,selic,2020,12,4,Dec/2020,0.007469,0.0,
2020-12-21,0.007469,selic,2020,12,4,Dec/2020,0.007469,0.0,
2020-12-22,0.007469,selic,2020,12,4,Dec/2020,0.007469,0.0,
2020-12-23,0.007469,selic,2020,12,4,Dec/2020,0.007469,0.0,
2020-12-24,0.007469,selic,2020,12,4,Dec/2020,0.007469,0.0,
2020-12-28,0.007469,selic,2020,12,4,Dec/2020,0.007469,0.0,
2020-12-29,0.007469,selic,2020,12,4,Dec/2020,0.007469,0.0,
2020-12-30,0.007469,selic,2020,12,4,Dec/2020,0.007469,0.0,
2020-12-31,0.007469,selic,2020,12,4,Dec/2020,0.007469,0.0,
2021-01-04,0.007469,selic,2021,1,1,Jan/2021,0.007469,0.0,
2021-01-05,0.007469,selic,2021,1,1,Jan/2021,0.007469,0.0,
2021-01-06,0.007469,selic,2021,1,1,Jan/2021,0.007469,0.0,
2021-01-07,0.007469,selic,2021,1,1,Jan/2021,0.007469,0.0,
2021-01-08,0.007469,selic,2021,1,1,Jan/2021,0.007469,0.0,
2021-01-11,0.007469,selic,2021,1,1,Jan/2021,0.007469,0.0,
2021-01-12,0.007469,selic,2021,1,1,Jan/2021,0.007469,0.0,
2021-01-13,0.007469,selic,2021,1,1,Jan/2021,0.007469,0.0,
2021-01-14,0.007469,selic,2021,1,1,Jan/2021,0.007469,0.0,
2021-01-15,0.007469,selic,2021,1,1,Jan/2021,0.007469,0.0,
2021-01-18,0.007469,selic,2021,1,1,Jan/2021,0.007469,0.0,
2021-01-19,0.007469,selic,2021,1,1,Jan/2021,0.007469,0.0,
2021-01-20,0.007469,selic,2021,1,1,Jan/2021,0.007469,0.0,
2021-01-21,0.007469,selic,2021,1,1,Jan/2021,0.007469,0.0,
2021-01-22,0.007469,selic,2021,1,1,Jan/2021,0.007469,0.0,
2021-01-25,0.007469,selic,2021,1,1,Jan/2021,0.007469,0.0,
2021-01-26,0.007469,selic,2021,1,1,Jan/2021,0.007469,0.0,
2021-01-27,0.007469,selic,2021,1,1,Jan/2021,0.007469,0.0,
2021-01-28,0.007469,selic,2021,1,1,Jan/2021,0.007469,0.0,
2021-01-29,0.007469,selic,2021,1,1,Jan/2021,0.007469,0.0,
2021-02-01,0.007469,selic,2021,2,1,Feb/2021,0.007469,0.0,
2021-02-02,0.007469,selic,2021,2,1,Feb/2021,0.007469,0.0,
2021-02-03,0.007469,selic,2021,2,1,Feb/2021,0.007469,0.0,
2021-02-04,0.007469,selic,2021,2,1,Feb/2021,0.007469,0.0,
2021-02-05,0.007469,selic,2021,2,1,Feb/2021,0.007469,0.0,
2021-02-08,0.007469,selic,2021,2,1,Feb/2021,0.007469,0.0,
2021-02-09,0.007469,selic,2021,2,1,Feb/2021,0.007469,0.0,
2021-02-10,0.007469,selic,2021,2,1,Feb/2021,0.007469,0.0,
2021-02-11,0.007469,selic,2021,2,1,Feb/2021,0.007469,0.0,
2021-02-12,0.007469,selic,2021,2,1,Feb/2021,0.007469,0.0,
2021-02-17,0.007469,selic,2021,2,1,Feb/2021,0.007469,0.0,
2021-02-18,0.007469,selic,2021,2,1,Feb/2021,0.007469,0.0,
2021-02-19,0.007469,selic,2021,2,1,Feb/2021,0.007469,0.0,
2021-02-22,0.007469,selic,2021,2,1,Feb/2021,0.007469,0.0,
2021-02-23,0.007469,selic,2021,2,1,Feb/2021,0.007469,0.0,
2021-02-24,0.007469,selic,2021,2,1,Feb/2021,0.007469,0.0,
2021-02-25,0.007469,selic,2021,2,1,Feb/2021,0.007469,0.0,
2021-02-26,0.007469,selic,2021,2,1,Feb/2021,0.007469,0.0,
2021-03-01,0.007469,selic,2021,3,1,Mar/2021,0.007469,0.0,
2021-03-02,0.007469,selic,2021,3,1,Mar/2021,0.007469,0.0,
2021-03-03,0.007469,selic,2021,3,1,Mar/2021,0.007469,0.0,
2021-03-04,0.007469,selic,2021,3,1,Mar/2021,0.007469,0.0,
2021-03-05,0.007469,selic,2021,3,1,Mar/2021,0.007469,0.0,
2021-03-08,0.007469,selic,2021,3,1,Mar/2021,0.007469,0.0,
2021-03-09,0.007469,selic,2021,3,1,Mar/2021,0.007469,0.0,
2021-03-10,0.007469,selic,2021,3,1,Mar/2021,0.007469,0.0,
2021-03-11,0.007469,selic,2021,3,1,Mar/2021,0.007469,0.0,
2021-03-12,0.007469,selic,2021,3,1,Mar/2021,0.007469,0.0,
2021-03-15,0.007469,selic,2021,3,1,Mar/2021,0.007469,0.0,
2021-03-16,0.007469,selic,2021,3,1,Mar/2021,0.007469,0.0,
2021-03-17,0.007469,selic,2021,3,1,Mar/2021,0.007469,0.0,
2021-03-18,0.010379,selic,2021,3,1,Mar/2021,0.007566,38.96103896103895,
2021-03-19,0.010379,selic,2021,3,1,Mar/2021,0.0076630000000000005,0.0,
2021-03-22,0.010379,selic,2021,3,1,Mar/2021,0.00776,0.0,
2021-03-23,0.010379,selic,2021,3,1,Mar/2021,0.007857,0.0,
2021-03-24,0.010379,selic,2021,3,1,Mar/2021,0.007954,0.0,
2021-03-25,0.010379,selic,2021,3,1,Mar/2021,0.008050999999999999,0.0,
2021-03-26,0.010379,selic,2021,3,1,Mar/2021,0.008147999999999999,0.0,
2021-03-29,0.010379,selic,2021,3,1,Mar/2021,0.008244999999999999,0.0,
2021-03-30,0.010379,selic,2021,3,1,Mar/2021,0.008341999999999999,0.0,
2021-03-31,0.010379,selic,2021,3,1,Mar/2021,0.008439,0.0,
2021-04-01,0.010379,selic,2021,4,2,Apr/2021,0.008535999999999998,0.0,
2021-04-05,0.010379,selic,2021,4,2,Apr/2021,0.008633,0.0,
2021-04-06,0.010379,selic,2021,4,2,Apr/2021,0.00873,0.0,
2021-04-07,0.010379,selic,2021,4,2,Apr/2021,0.008827,0.0,
2021-04-08,0.010379,selic,2021,4,2,Apr/2021,0.008923999999999998,0.0,
2021-04-09,0.010379,selic,2021,4,2,Apr/2021,0.009021,0.0,
2021-04-12,0.010379,selic,2021,4,2,Apr/2021,0.009118,0.0,
2021-04-13,0.010379,selic,2021,4,2,Apr/2021,0.009215,0.0,
2021-04-14,0.010379,selic,2021,4,2,Apr/2021,0.009311999999999997,0.0,
2021-04-15,0.010379,selic,2021,4,2,Apr/2021,0.009408999999999999,0.0,
2021-04-16,0.010379,selic,2021,4,2,Apr/2021,0.009505999999999999,0.0,
2021-04-19,0.010379,selic,2021,4,2,Apr/2021,0.009603,0.0,
2021-04-20,0.010379,selic,2021,4,2,Apr/2021,0.009700000000000002,0.0,
2021-04-22,0.010379,selic,2021,4,2,Apr/2021,0.009797,0.0,
2021-04-23,0.010379,selic,2021,4,2,Apr/2021,0.009893999999999998,0.0,
2021-04-26,0.010379,selic,2021,4,2,Apr/2021,0.009991,0.0,
2021-04-27,0.010379,selic,2021,4,2,Apr/2021,0.010088000000000001,0.0,
2021-04-28,0.010379,selic,2021,4,2,Apr/2021,0.010185,0.0,
2021-04-29,0.010379,selic,2021,4,2,Apr/2021,0.010281999999999998,0.0,
2021-04-30,0.010379,selic,2021,4,2,Apr/2021,0.010379,0.0,
2021-05-03,0.010379,selic,2021,5,2,May/2021,0.010379,0.0,
2021-05-04,0.010379,selic,2021,5,2,May/2021,0.010379,0.0,
2021-05-05,0.010379,selic,2021,5,2,May/2021,0.010379,0.0,
2021-05-06,0.013269,selic,2021,5,2,May/2021,0.010475333333333333,27.844686385971684,
2021-05-07,0.013269,selic,2021,5,2,May/2021,0.010571666666666665,0.0,
2021-05-10,0.013269,selic,2021,5,2,May/2021,0.010668,0.0,
2021-05-11,0.013269,selic,2021,5,2,May/2021,0.01076433333333333,0.0,
2021-05-12,0.013269,selic,2021,5,2,May/2021,0.010860666666666666,0.0,
2021-05-13,0.013269,selic,2021,5,2,May/2021,0.010956999999999998,0.0,
2021-05-14,0.013269,selic,2021,5,2,May/2021,0.011053333333333333,0.0,
2021-05-17,0.013269,selic,2021,5,2,May/2021,0.011149666666666665,0.0,
2021-05-18,0.013269,selic,2021,5,2,May/2021,0.011245999999999999,0.0,
2021-05-19,0.013269,selic,2021,5,2,May/2021,0.011342333333333334,0.0,
2021-05-20,0.013269,selic,2021,5,2,May/2021,0.011438666666666665,0.0,
2021-05-21,0.013269,selic,2021,5,2,May/2021,0.011535,0.0,
2021-05-24,0.013269,selic,2021,5,2,May/2021,0.011631333333333332,0.0,
2021-05-25,0.013269,selic,2021,5,2,May/2021,0.011727666666666667,0.0,
2021-05-26,0.013269,selic,2021,5,2,May/2021,0.011824,0.0,
2021-05-27,0.013269,selic,2021,5,2,May/2021,0.011920333333333333,0.0,
2021-05-28,0.013269,selic,2021,5,2,May/2021,0.012016666666666667,0.0,
2021-05-31,0.013269,selic,2021,5,2,May/2021,0.012113,0.0,
2021-06-01,0.013269,selic,2021,6,2,Jun/2021,0.012209333333333332,0.0,
2021-06-02,0.013269,selic,2021,6,2,Jun/2021,0.012305666666666666,0.0,
2021-06-04,0.013269,selic,2021,6,2,Jun/2021,0.012402,0.0,
2021-06-07,0.013269,selic,2021,6,2,Jun/2021,0.012498333333333334,0.0,
2021-06-08,0.013269,selic,2021,6,2,Jun/2021,0.012594666666666667,0.0,
2021-06-09,0.013269,selic,2021,6,2,Jun/2021,0.012691000000000001,0.0,
2021-06-10,0.013269,selic,2021,6,2,Jun/2021,0.012787333333333333,0.0,
2021-06-11,0.013269,selic,2021,6,2,Jun/2021,0.012883666666666665,0.0,
2021-06-14,0.013269,selic,2021,6,2,Jun/2021,0.012979999999999998,0.0,
2021-06-15,0.013269,selic,2021,6,2,Jun/2021,0.013076333333333332,0.0,
2021-06-16,0.013269,selic,2021,6,2,Jun/2021,0.013172666666666666,0.0,
2021-06-17,0.016137,selic,2021,6,2,Jun/2021,0.013364599999999999,21.614288944155536,
2021-06-18,0.016137,selic,2021,6,2,Jun/2021,0.0134602,0.0,
2021-06-21,0.016137,selic,2021,6,2,Jun/2021,0.0135558,0.0,
2021-06-22,0.016137,selic,2021,6,2,Jun/2021,0.0136514,0.0,
2021-06-23,0.016137,selic,2021,6,2,Jun/2021,0.013747,0.0,
2021-06-24,0.016137,selic,2021,6,2,Jun/2021,0.0138426,0.0,
2021-06-25,0.016137,selic,2021,6,2,Jun/2021,0.0139382,0.0,
2021-06-28,0.016137,selic,2021,6,2,Jun/2021,0.014033799999999997,0.0,
2021-06-29,0.016137,selic,2021,6,2,Jun/2021,0.014129399999999999,0.0,
2021-06-30,0.016137,selic,2021,6,2,Jun/2021,0.014225,0.0,
2021-07-01,0.016137,selic,2021,7,3,Jul/2021,0.014320599999999998,0.0,
2021-07-02,0.016137,selic,2021,7,3,Jul/2021,0.014416199999999999,0.0,
2021-07-05,0.016137,selic,2021,7,3,Jul/2021,0.014511799999999998,0.0,
2021-07-06,0.016137,selic,2021,7,3,Jul/2021,0.0146074,0.0,
2021-07-07,0.016137,selic,2021,7,3,Jul/2021,0.014702999999999997,0.0,
2021-07-08,0.016137,selic,2021,7,3,Jul/2021,0.014798599999999999,0.0,
2021-07-09,0.016137,selic,2021,7,3,Jul/2021,0.0148942,0.0,
2021-07-12,0.016137,selic,2021,7,3,Jul/2021,0.0149898,0.0,
2021-07-13,0.016137,selic,2021,7,3,Jul/2021,0.015085399999999999,0.0,
2021-07-14,0.016137,selic,2021,7,3,Jul/2021,0.015180999999999998,0.0,
2021-07-15,0.016137,selic,2021,7,3,Jul/2021,0.0152766,0.0,
2021-07-16,0.016137,selic,2021,7,3,Jul/2021,0.015372199999999999,0.0,
2021-07-19,0.016137,selic,2021,7,3,Jul/2021,0.015467799999999999,0.0,
2021-07-20,0.016137,selic,2021,7,3,Jul/2021,0.015563399999999998,0.0,
2021-07-21,0.016137,selic,2021,7,3,Jul/2021,0.015659,0.0,
2021-07-22,0.016137,selic,2021,7,3,Jul/2021,0.0157546,0.0,
2021-07-23,0.016137,selic,2021,7,3,Jul/2021,0.0158502,0.0,
2021-07-26,0.016137,selic,2021,7,3,Jul/2021,0.0159458,0.0,
2021-07-27,0.016137,selic,2021,7,3,Jul/2021,0.016041399999999997,0.0,
2021-07-28,0.016137,selic,2021,7,3,Jul/2021,0.016137,0.0,
2021-07-29,0.016137,selic,2021,7,3,Jul/2021,0.016137,0.0,
2021-07-30,0.016137,selic,2021,7,3,Jul/2021,0.016137,0.0,
2021-08-02,0.016137,selic,2021,8,3,Aug/2021,0.016137,0.0,
2021-08-03,0.016137,selic,2021,8,3,Aug/2021,0.016137,0.0,
2021-08-04,0.016137,selic,2021,8,3,Aug/2021,0.016137,0.0,
2021-08-05,0.01993,selic,2021,8,3,Aug/2021,0.01626343333333333,23.504988535663387,
2021-08-06,0.01993,selic,2021,8,3,Aug/2021,0.016389866666666666,0.0,
2021-08-09,0.01993,selic,2021,8,3,Aug/2021,0.016516299999999998,0.0,
2021-08-10,0.01993,selic,2021,8,3,Aug/2021,0.016642733333333333,0.0,
2021-08-11,0.01993,selic,2021,8,3,Aug/2021,0.016769166666666665,0.0,
2021-08-12,0.01993,selic,2021,8,3,Aug/2021,0.0168956,0.0,
2021-08-13,0.01993,selic,2021,8,3,Aug/2021,0.017022033333333336,0.0,
2021-08-16,0.01993,selic,2021,8,3,Aug/2021,0.017148466666666664,0.0,
2021-08-17,0.01993,selic,2021,8,3,Aug/2021,0.017274899999999996,0.0,
2021-08-18,0.01993,selic,2021,8,3,Aug/2021,0.01740133333333333,0.0,
2021-08-19,0.01993,selic,2021,8,3,Aug/2021,0.017527766666666663,0.0,
2021-08-20,0.01993,selic,2021,8,3,Aug/2021,0.0176542,0.0,
2021-08-23,0.01993,selic,2021,8,3,Aug/2021,0.017780633333333334,0.0,
2021-08-24,0.01993,selic,2021,8,3,Aug/2021,0.017907066666666662,0.0,
2021-08-25,0.01993,selic,2021,8,3,Aug/2021,0.018033499999999997,0.0,
2021-08-26,0.01993,selic,2021,8,3,Aug/2021,0.018159933333333333,0.0,
2021-08-27,0.01993,selic,2021,8,3,Aug/2021,0.018286366666666665,0.0,
2021-08-30,0.01993,selic,2021,8,3,Aug/2021,0.0184128,0.0,
2021-08-31,0.01993,selic,2021,8,3,Aug/2021,0.018539233333333332,0.0,
2021-09-01,0.01993,selic,2021,9,3,Sep/2021,0.018665666666666667,0.0,
2021-09-02,0.01993,selic,2021,9,3,Sep/2021,0.0187921,0.0,
2021-09-03,0.01993,selic,2021,9,3,Sep/2021,0.01891853333333333,0.0,
2021-09-06,0.01993,selic,2021,9,3,Sep/2021,0.019044966666666666,0.0,
2021-09-08,0.01993,selic,2021,9,3,Sep/2021,0.0191714,0.0,
2021-09-09,0.01993,selic,2021,9,3,Sep/2021,0.019297833333333334,0.0,
2021-09-10,0.01993,selic,2021,9,3,Sep/2021,0.01942426666666667,0.0,
2021-09-13,0.01993,selic,2021,9,3,Sep/2021,0.019550699999999997,0.0,
2021-09-14,0.01993,selic,2021,9,3,Sep/2021,0.019677133333333333,0.0,
2021-09-15,0.01993,selic,2021,9,3,Sep/2021,0.019803566666666668,0.0,
2021-09-16,0.01993,selic,2021,9,3,Sep/2021,0.01993,0.0,
2021-09-17,0.01993,selic,2021,9,3,Sep/2021,0.01993,0.0,
2021-09-20,0.01993,selic,2021,9,3,Sep/2021,0.01993,0.0,
2021-09-21,0.01993,selic,2021,9,3,Sep/2021,0.01993,0.0,
2021-09-22,0.01993,selic,2021,9,3,Sep/2021,0.01993,0.0,
2021-09-23,0.023687,selic,2021,9,3,Sep/2021,0.020055233333333332,18.85097842448571,
2021-09-24,0.023687,selic,2021,9,3,Sep/2021,0.020180466666666664,0.0,
2021-09-27,0.023687,selic,2021,9,3,Sep/2021,0.020305699999999996,0.0,
2021-09-28,0.023687,selic,2021,9,3,Sep/2021,0.020430933333333335,0.0,
2021-09-29,0.023687,selic,2021,9,3,Sep/2021,0.020556166666666667,0.0,
2021-09-30,0.023687,selic,2021,9,3,Sep/2021,0.020681400000000003,0.0,
2021-10-01,0.023687,selic,2021,10,4,Oct/2021,0.020806633333333335,0.0,
2021-10-04,0.023687,selic,2021,10,4,Oct/2021,0.02093186666666667,0.0,
2021-10-05,0.023687,selic,2021,10,4,Oct/2021,0.021057100000000002,0.0,
2021-10-06,0.023687,selic,2021,10,4,Oct/2021,0.021182333333333334,0.0,
2021-10-07,0.023687,selic,2021,10,4,Oct/2021,0.021307566666666666,0.0,
2021-10-08,0.023687,selic,2021,10,4,Oct/2021,0.0214328,0.0,
2021-10-11,0.023687,selic,2021,10,4,Oct/2021,0.021558033333333334,0.0,
2021-10-13,0.023687,selic,2021,10,4,Oct/2021,0.021683266666666666,0.0,
2021-10-14,0.023687,selic,2021,10,4,Oct/2021,0.0218085,0.0,
2021-10-15,0.023687,selic,2021,10,4,Oct/2021,0.021933733333333334,0.0,
2021-10-18,0.023687,selic,2021,10,4,Oct/2021,0.02205896666666667,0.0,
2021-10-19,0.023687,selic,2021,10,4,Oct/2021,0.022184199999999998,0.0,
2021-10-20,0.023687,selic,2021,10,4,Oct/2021,0.022309433333333333,0.0,
2021-10-21,0.023687,selic,2021,10,4,Oct/2021,0.022434666666666665,0.0,
2021-10-22,0.023687,selic,2021,10,4,Oct/2021,0.0225599,0.0,
2021-10-25,0.023687,selic,2021,10,4,Oct/2021,0.022685133333333333,0.0,
2021-10-26,0.023687,selic,2021,10,4,Oct/2021,0.02281036666666667,0.0,
2021-10-27,0.023687,selic,2021,10,4,Oct/2021,0.0229356,0.0,
2021-10-28,0.029256,selic,2021,10,4,Oct/2021,0.023246466666666667,23.51078650736691,
2021-10-29,0.029256,selic,2021,10,4,Oct/2021,0.023557333333333333,0.0,
2021-11-01,0.029256,selic,2021,11,4,Nov/2021,0.0238682,0.0,
2021-11-03,0.029256,selic,2021,11,4,Nov/2021,0.02417906666666667,0.0,
2021-11-04,0.029256,selic,2021,11,4,Nov/2021,0.02448993333333333,0.0,
2021-11-05,0.029256,selic,2021,11,4,Nov/2021,0.024800799999999998,0.0,
2021-11-08,0.029256,selic,2021,11,4,Nov/2021,0.024986433333333332,0.0,
2021-11-09,0.029256,selic,2021,11,4,Nov/2021,0.025172066666666666,0.0,
2021-11-10,0.029256,selic,2021,11,4,Nov/2021,0.0253577,0.0,
2021-11-11,0.029256,selic,2021,11,4,Nov/2021,0.02554333333333333,0.0,
2021-11-12,0.029256,selic,2021,11,4,Nov/2021,0.02572896666666667,0.0,
2021-11-16,0.029256,selic,2021,11,4,Nov/2021,0.0259146,0.0,
2021-11-17,0.029256,selic,2021,11,4,Nov/2021,0.026100233333333334,0.0,
2021-11-18,0.029256,selic,2021,11,4,Nov/2021,0.026285866666666664,0.0,
2021-11-19,0.029256,selic,2021,11,4,Nov/2021,0.0264715,0.0,
2021-11-22,0.029256,selic,2021,11,4,Nov/2021,0.026657133333333336,0.0,
2021-11-23,0.029256,selic,2021,11,4,Nov/2021,0.02684276666666667,0.0,
2021-11-24,0.029256,selic,2021,11,4,Nov/2021,0.0270284,0.0,
2021-11-25,0.029256,selic,2021,11,4,Nov/2021,0.027214033333333335,0.0,
2021-11-26,0.029256,selic,2021,11,4,Nov/2021,0.027399666666666666,0.0,
2021-11-29,0.029256,selic,2021,11,4,Nov/2021,0.027585299999999997,0.0,
2021-11-30,0.029256,selic,2021,11,4,Nov/2021,0.027770933333333334,0.0,
2021-12-01,0.029256,selic,2021,12,4,Dec/2021,0.027956566666666665,0.0,
2021-12-02,0.029256,selic,2021,12,4,Dec/2021,0.028142200000000003,0.0,
2021-12-03,0.029256,selic,2021,12,4,Dec/2021,0.028327833333333333,0.0,
2021-12-06,0.029256,selic,2021,12,4,Dec/2021,0.028513466666666668,0.0,
2021-12-07,0.029256,selic,2021,12,4,Dec/2021,0.028699099999999998,0.0,
2021-12-08,0.029256,selic,2021,12,4,Dec/2021,0.028884733333333336,0.0,
2021-12-09,0.034749,selic,2021,12,4,Dec/2021,0.02925346666666667,18.77563576702215,
2021-12-10,0.034749,selic,2021,12,4,Dec/2021,0.029622199999999998,0.0,
2021-12-13,0.034749,selic,2021,12,4,Dec/2021,0.0298053,0.0,
2021-12-14,0.034749,selic,2021,12,4,Dec/2021,0.029988400000000002,0.0,
2021-12-15,0.034749,selic,2021,12,4,Dec/2021,0.030171500000000004,0.0,
2021-12-16,0.034749,selic,2021,12,4,Dec/2021,0.0303546,0.0,
2021-12-17,0.034749,selic,2021,12,4,Dec/2021,0.0305377,0.0,
2021-12-20,0.034749,selic,2021,12,4,Dec/2021,0.030720800000000003,0.0,
2021-12-21,0.034749,selic,2021,12,4,Dec/2021,0.030903899999999998,0.0,
2021-12-22,0.034749,selic,2021,12,4,Dec/2021,0.031087,0.0,
2021-12-23,0.034749,selic,2021,12,4,Dec/2021,0.0312701,0.0,
2021-12-24,0.034749,selic,2021,12,4,Dec/2021,0.0314532,0.0,
2021-12-27,0.034749,selic,2021,12,4,Dec/2021,0.0316363,0.0,
2021-12-28,0.034749,selic,2021,12,4,Dec/2021,0.031819400000000005,0.0,
2021-12-29,0.034749,selic,2021,12,4,Dec/2021,0.0320025,0.0,
2021-12-30,0.034749,selic,2021,12,4,Dec/2021,0.0321856,0.0,
2021-12-31,0.034749,selic,2021,12,4,Dec/2021,0.0323687,0.0,
2022-01-03,0.034749,selic,2022,1,1,Jan/2022,0.0325518,0.0,
2022-01-04,0.034749,selic,2022,1,1,Jan/2022,0.0327349,0.0,
2022-01-05,0.034749,selic,2022,1,1,Jan/2022,0.032918,0.0,
2022-01-06,0.034749,selic,2022,1,1,Jan/2022,0.0331011,0.0,
2022-01-07,0.034749,selic,2022,1,1,Jan/2022,0.0332842,0.0,
2022-01-10,0.034749,selic,2022,1,1,Jan/2022,0.0334673,0.0,
2022-01-11,0.034749,selic,2022,1,1,Jan/2022,0.0336504,0.0,
2022-01-12,0.034749,selic,2022,1,1,Jan/2022,0.0338335,0.0,
2022-01-13,0.034749,selic,2022,1,1,Jan/2022,0.0340166,0.0,
2022-01-14,0.034749,selic,2022,1,1,Jan/2022,0.034199700000000006,0.0,
2022-01-17,0.034749,selic,2022,1,1,Jan/2022,0.034382800000000005,0.0,
2022-01-18,0.034749,selic,2022,1,1,Jan/2022,0.034565900000000004,0.0,
2022-01-19,0.034749,selic,2022,1,1,Jan/2022,0.034749,0.0,
2022-01-20,0.034749,selic,2022,1,1,Jan/2022,0.034749,0.0,
2022-01-21,0.034749,selic,2022,1,1,Jan/2022,0.034749,0.0,
2022-01-24,0.034749,selic,2022,1,1,Jan/2022,0.034749,0.0,
2022-01-25,0.034749,selic,2022,1,1,Jan/2022,0.034749,0.0,
2022-01-26,0.034749,selic,2022,1,1,Jan/2022,0.034749,0.0,
2022-01-27,0.034749,selic,2022,1,1,Jan/2022,0.034749,0.0,
2022-01-28,0.034749,selic,2022,1,1,Jan/2022,0.034749,0.0,
2022-01-31,0.034749,selic,2022,1,1,Jan/2022,0.034749,0.0,
2022-02-01,0.034749,selic,2022,2,1,Feb/2022,0.034749,0.0,
2022-02-02,0.034749,selic,2022,2,1,Feb/2022,0.034749,0.0,
2022-02-03,0.040168,selic,2022,2,1,Feb/2022,0.034929633333333335,15.594693372471147,
2022-02-04,0.040168,selic,2022,2,1,Feb/2022,0.035110266666666674,0.0,
2022-02-07,0.040168,selic,2022,2,1,Feb/2022,0.03529090000000001,0.0,
2022-02-08,0.040168,selic,2022,2,1,Feb/2022,0.03547153333333333,0.0,
2022-02-09,0.040168,selic,2022,2,1,Feb/2022,0.03565216666666667,0.0,
2022-02-10,0.040168,selic,2022,2,1,Feb/2022,0.035832800000000005,0.0,
2022-02-11,0.040168,selic,2022,2,1,Feb/2022,0.03601343333333333,0.0,
2022-02-14,0.040168,selic,2022,2,1,Feb/2022,0.03619406666666667,0.0,
2022-02-15,0.040168,selic,2022,2,1,Feb/2022,0.0363747,0.0,
2022-02-16,0.040168,selic,2022,2,1,Feb/2022,0.036555333333333336,0.0,
2022-02-17,0.040168,selic,2022,2,1,Feb/2022,0.03673596666666667,0.0,
2022-02-18,0.040168,selic,2022,2,1,Feb/2022,0.0369166,0.0,
2022-02-21,0.040168,selic,2022,2,1,Feb/2022,0.03709723333333334,0.0,
2022-02-22,0.040168,selic,2022,2,1,Feb/2022,0.03727786666666667,0.0,
2022-02-23,0.040168,selic,2022,2,1,Feb/2022,0.0374585,0.0,
2022-02-24,0.040168,selic,2022,2,1,Feb/2022,0.03763913333333334,0.0,
2022-02-25,0.040168,selic,2022,2,1,Feb/2022,0.03781976666666667,0.0,
2022-03-02,0.040168,selic,2022,3,1,Mar/2022,0.038000400000000004,0.0,
2022-03-03,0.040168,selic,2022,3,1,Mar/2022,0.038181033333333336,0.0,
2022-03-04,0.040168,selic,2022,3,1,Mar/2022,0.03836166666666666,0.0,
2022-03-07,0.040168,selic,2022,3,1,Mar/2022,0.0385423,0.0,
2022-03-08,0.040168,selic,2022,3,1,Mar/2022,0.038722933333333334,0.0,
2022-03-09,0.040168,selic,2022,3,1,Mar/2022,0.038903566666666674,0.0,
2022-03-10,0.040168,selic,2022,3,1,Mar/2022,0.039084200000000006,0.0,
2022-03-11,0.040168,selic,2022,3,1,Mar/2022,0.03926483333333334,0.0,
2022-03-14,0.040168,selic,2022,3,1,Mar/2022,0.03944546666666667,0.0,
2022-03-15,0.040168,selic,2022,3,1,Mar/2022,0.039626100000000004,0.0,
2022-03-16,0.040168,selic,2022,3,1,Mar/2022,0.03980673333333333,0.0,
2022-03-17,0.043739,selic,2022,3,1,Mar/2022,0.0401064,8.89016132244571,
2022-03-18,0.043739,selic,2022,3,1,Mar/2022,0.04040606666666667,0.0,
2022-03-21,0.043739,selic,2022,3,1,Mar/2022,0.0405251,0.0,
2022-03-22,0.043739,selic,2022,3,1,Mar/2022,0.040644133333333325,0.0,
2022-03-23,0.043739,selic,2022,3,1,Mar/2022,0.04076316666666667,0.0,
2022-03-24,0.043739,selic,2022,3,1,Mar/2022,0.0408822,0.0,
2022-03-25,0.043739,selic,2022,3,1,Mar/2022,0.04100123333333334,0.0,
2022-03-28,0.043739,selic,2022,3,1,Mar/2022,0.04112026666666667,0.0,
2022-03-29,0.043739,selic,2022,3,1,Mar/2022,0.0412393,0.0,
2022-03-30,0.043739,selic,2022,3,1,Mar/2022,0.04135833333333334,0.0,
2022-03-31,0.043739,selic,2022,3,1,Mar/2022,0.04147736666666667,0.0,
2022-04-01,0.043739,selic,2022,4,2,Apr/2022,0.041596400000000006,0.0,
2022-04-04,0.043739,selic,2022,4,2,Apr/2022,0.04171543333333334,0.0,
2022-04-05,0.043739,selic,2022,4,2,Apr/2022,0.041834466666666674,0.0,
2022-04-06,0.043739,selic,2022,4,2,Apr/2022,0.0419535,0.0,
2022-04-07,0.043739,selic,2022,4,2,Apr/2022,0.042072533333333335,0.0,
2022-04-08,0.043739,selic,2022,4,2,Apr/2022,0.042191566666666666,0.0,
2022-04-11,0.043739,selic,2022,4,2,Apr/2022,0.0423106,0.0,
2022-04-12,0.043739,selic,2022,4,2,Apr/2022,0.042429633333333334,0.0,
2022-04-13,0.043739,selic,2022,4,2,Apr/2022,0.04254866666666667,0.0,
2022-04-14,0.043739,selic,2022,4,2,Apr/2022,0.0426677,0.0,
2022-04-18,0.043739,selic,2022,4,2,Apr/2022,0.04278673333333334,0.0,
2022-04-19,0.043739,selic,2022,4,2,Apr/2022,0.04290576666666667,0.0,
2022-04-20,0.043739,selic,2022,4,2,Apr/2022,0.0430248,0.0,
2022-04-22,0.043739,selic,2022,4,2,Apr/2022,0.04314383333333333,0.0,
2022-04-25,0.043739,selic,2022,4,2,Apr/2022,0.04326286666666666,0.0,
2022-04-26,0.043739,selic,2022,4,2,Apr/2022,0.043381899999999994,0.0,
2022-04-27,0.043739,selic,2022,4,2,Apr/2022,0.04350093333333334,0.0,
2022-04-28,0.043739,selic,2022,4,2,Apr/2022,0.04361996666666667,0.0,
2022-04-29,0.043739,selic,2022,4,2,Apr/2022,0.043739,0.0,
2022-05-02,0.043739,selic,2022,5,2,May/2022,0.043739,0.0,
2022-05-03,0.043739,selic,2022,5,2,May/2022,0.043739,0.0,
2022-05-04,0.043739,selic,2022,5,2,May/2022,0.043739,0.0,
2022-05-05,0.047279,selic,2022,5,2,May/2022,0.04385700000000001,8.093463499394126,
2022-05-06,0.047279,selic,2022,5,2,May/2022,0.04397499999999999,0.0,
2022-05-09,0.047279,selic,2022,5,2,May/2022,0.044093,0.0,
2022-05-10,0.047279,selic,2022,5,2,May/2022,0.044211,0.0,
2022-05-11,0.047279,selic,2022,5,2,May/2022,0.044329,0.0,
2022-05-12,0.047279,selic,2022,5,2,May/2022,0.044447,0.0,
2022-05-13,0.047279,selic,2022,5,2,May/2022,0.044565,0.0,
2022-05-16,0.047279,selic,2022,5,2,May/2022,0.04468300000000001,0.0,
2022-05-17,0.047279,selic,2022,5,2,May/2022,0.044800999999999994,0.0,
2022-05-18,0.047279,selic,2022,5,2,May/2022,0.044919,0.0,
2022-05-19,0.047279,selic,2022,5,2,May/2022,0.045037,0.0,
2022-05-20,0.047279,selic,2022,5,2,May/2022,0.045154999999999994,0.0,
2022-05-23,0.047279,selic,2022,5,2,May/2022,0.045273,0.0,
2022-05-24,0.047279,selic,2022,5,2,May/2022,0.045391,0.0,
2022-05-25,0.047279,selic,2022,5,2,May/2022,0.045509,0.0,
2022-05-26,0.047279,selic,2022,5,2,May/2022,0.045627,0.0,
2022-05-27,0.047279,selic,2022,5,2,May/2022,0.045745,0.0,
2022-05-30,0.047279,selic,2022,5,2,May/2022,0.045863,0.0,
2022-05-31,0.047279,selic,2022,5,2,May/2022,0.045981,0.0,
2022-06-01,0.047279,selic,2022,6,2,Jun/2022,0.046099,0.0,
2022-06-02,0.047279,selic,2022,6,2,Jun/2022,0.046217,0.0,
2022-06-03,0.047279,selic,2022,6,2,Jun/2022,0.046335,0.0,
2022-06-06,0.047279,selic,2022,6,2,Jun/2022,0.046453,0.0,
2022-06-07,0.047279,selic,2022,6,2,Jun/2022,0.04657100000000001,0.0,
2022-06-08,0.047279,selic,2022,6,2,Jun/2022,0.046689,0.0,
2022-06-09,0.047279,selic,2022,6,2,Jun/2022,0.046807,0.0,
2022-06-10,0.047279,selic,2022,6,2,Jun/2022,0.046925,0.0,
2022-06-13,0.047279,selic,2022,6,2,Jun/2022,0.047042999999999995,0.0,
2022-06-14,0.047279,selic,2022,6,2,Jun/2022,0.047161,0.0,
2022-06-15,0.047279,selic,2022,6,2,Jun/2022,0.047279,0.0,
2022-06-17,0.049037,selic,2022,6,2,Jun/2022,0.0473376,3.7183527570380015,
2022-06-20,0.049037,selic,2022,6,2,Jun/2022,0.0473962,0.0,
2022-06-21,0.049037,selic,2022,6,2,Jun/2022,0.047454800000000005,0.0,
2022-06-22,0.049037,selic,2022,6,2,Jun/2022,0.047513400000000004,0.0,
2022-06-23,0.049037,selic,2022,6,2,Jun/2022,0.047571999999999996,0.0,
2022-06-24,0.049037,selic,2022,6,2,Jun/2022,0.0476306,0.0,
2022-06-27,0.049037,selic,2022,6,2,Jun/2022,0.0476892,0.0,
2022-06-28,0.049037,selic,2022,6,2,Jun/2022,0.0477478,0.0,
2022-06-29,0.049037,selic,2022,6,2,Jun/2022,0.047806400000000006,0.0,
2022-06-30,0.049037,selic,2022,6,2,Jun/2022,0.047865000000000005,0.0,
2022-07-01,0.049037,selic,2022,7,3,Jul/2022,0.0479236,0.0,
2022-07-04,0.049037,selic,2022,7,3,Jul/2022,0.0479822,0.0,
2022-07-05,0.049037,selic,2022,7,3,Jul/2022,0.0480408,0.0,
2022-07-06,0.049037,selic,2022,7,3,Jul/2022,0.0480994,0.0,
2022-07-07,0.049037,selic,2022,7,3,Jul/2022,0.048158000000000006,0.0,
2022-07-08,0.049037,selic,2022,7,3,Jul/2022,0.048216600000000005,0.0,
2022-07-11,0.049037,selic,2022,7,3,Jul/2022,0.0482752,0.0,
2022-07-12,0.049037,selic,2022,7,3,Jul/2022,0.0483338,0.0,
2022-07-13,0.049037,selic,2022,7,3,Jul/2022,0.0483924,0.0,
2022-07-14,0.049037,selic,2022,7,3,Jul/2022,0.048451,0.0,
2022-07-15,0.049037,selic,2022,7,3,Jul/2022,0.0485096,0.0,
2022-07-18,0.049037,selic,2022,7,3,Jul/2022,0.0485682,0.0,
2022-07-19,0.049037,selic,2022,7,3,Jul/2022,0.0486268,0.0,
2022-07-20,0.049037,selic,2022,7,3,Jul/2022,0.0486854,0.0,
2022-07-21,0.049037,selic,2022,7,3,Jul/2022,0.048744,0.0,
2022-07-22,0.049037,selic,2022,7,3,Jul/2022,0.0488026,0.0,
2022-07-25,0.049037,selic,2022,7,3,Jul/2022,0.0488612,0.0,
2022-07-26,0.049037,selic,2022,7,3,Jul/2022,0.0489198,0.0,
2022-07-27,0.049037,selic,2022,7,3,Jul/2022,0.0489784,0.0,
2022-07-28,0.049037,selic,2022,7,3,Jul/2022,0.049037,0.0,
2022-07-29,0.049037,selic,2022,7,3,Jul/2022,0.049037,0.0,
2022-08-01,0.049037,selic,2022,8,3,Aug/2022,0.049037,0.0,
2022-08-02,0.049037,selic,2022,8,3,Aug/2022,0.049037,0.0,
2022-08-03,0.049037,selic,2022,8,3,Aug/2022,0.049037,0.0,
2022-08-04,0.050788,selic,2022,8,3,Aug/2022,0.04909536666666667,3.5707730897077683,
2022-08-05,0.050788,selic,2022,8,3,Aug/2022,0.049153733333333324,0.0,
2022-08-08,0.050788,selic,2022,8,3,Aug/2022,0.049212099999999995,0.0,
2022-08-09,0.050788,selic,2022,8,3,Aug/2022,0.049270466666666665,0.0,
2022-08-10,0.050788,selic,2022,8,3,Aug/2022,0.04932883333333333,0.0,
2022-08-11,0.050788,selic,2022,8,3,Aug/2022,0.04938719999999999,0.0,
2022-08-12,0.050788,selic,2022,8,3,Aug/2022,0.04944556666666666,0.0,
2022-08-15,0.050788,selic,2022,8,3,Aug/2022,0.04950393333333333,0.0,
2022-08-16,0.050788,selic,2022,8,3,Aug/2022,0.0495623,0.0,
2022-08-17,0.050788,selic,2022,8,3,Aug/2022,0.04962066666666666,0.0,
2022-08-18,0.050788,selic,2022,8,3,Aug/2022,0.04967903333333333,0.0,
2022-08-19,0.050788,selic,2022,8,3,Aug/2022,0.0497374,0.0,
2022-08-22,0.050788,selic,2022,8,3,Aug/2022,0.04979576666666666,0.0,
2022-08-23,0.050788,selic,2022,8,3,Aug/2022,0.04985413333333333,0.0,
2022-08-24,0.050788,selic,2022,8,3,Aug/2022,0.0499125,0.0,
2022-08-25,0.050788,selic,2022,8,3,Aug/2022,0.04997086666666666,0.0,
2022-08-26,0.050788,selic,2022,8,3,Aug/2022,0.05002923333333333,0.0,
2022-08-29,0.050788,selic,2022,8,3,Aug/2022,0.050087599999999996,0.0,
2022-08-30,0.050788,selic,2022,8,3,Aug/2022,0.050145966666666666,0.0,
2022-08-31,0.050788,selic,2022,8,3,Aug/2022,0.05020433333333333,0.0,
2022-09-01,0.050788,selic,2022,9,3,Sep/2022,0.050262699999999993,0.0,
2022-09-02,0.050788,selic,2022,9,3,Sep/2022,0.050321066666666664,0.0,
2022-09-05,0.050788,selic,2022,9,3,Sep/2022,0.05037943333333333,0.0,
2022-09-06,0.050788,selic,2022,9,3,Sep/2022,0.0504378,0.0,
2022-09-08,0.050788,selic,2022,9,3,Sep/2022,0.05049616666666667,0.0,
2022-09-09,0.050788,selic,2022,9,3,Sep/2022,0.05055453333333333,0.0,
2022-09-12,0.050788,selic,2022,9,3,Sep/2022,0.050612899999999995,0.0,
2022-09-13,0.050788,selic,2022,9,3,Sep/2022,0.050671266666666666,0.0,
2022-09-14,0.050788,selic,2022,9,3,Sep/2022,0.05072963333333333,0.0,
2022-09-15,0.050788,selic,2022,9,3,Sep/2022,0.050788,0.0,
2022-09-16,0.050788,selic,2022,9,3,Sep/2022,0.050788,0.0,
2022-09-19,0.050788,selic,2022,9,3,Sep/2022,0.050788,0.0,
2022-09-20,0.050788,selic,2022,9,3,Sep/2022,0.050788,0.0,
2022-09-21,0.050788,selic,2022,9,3,Sep/2022,0.050788,0.0,
2022-09-22,0.050788,selic,2022,9,3,Sep/2022,0.050788,0.0,
2022-09-23,0.050788,selic,2022,9,3,Sep/2022,0.050788,0.0,
2022-09-26,0.050788,selic,2022,9,3,Sep/2022,0.050788,0.0,
2022-09-27,0.050788,selic,2022,9,3,Sep/2022,0.050788,0.0,
2022-09-28,0.050788,selic,2022,9,3,Sep/2022,0.050788,0.0,
2022-09-29,0.050788,selic,2022,9,3,Sep/2022,0.050788,0.0,
2022-09-30,0.050788,selic,2022,9,3,Sep/2022,0.050788,0.0,
2022-10-03,0.050788,selic,2022,10,4,Oct/2022,0.050788,0.0,
2022-10-04,0.050788,selic,2022,10,4,Oct/2022,0.050788,0.0,
2022-10-05,0.050788,selic,2022,10,4,Oct/2022,0.050788,0.0,
2022-10-06,0.050788,selic,2022,10,4,Oct/2022,0.050788,0.0,
2022-10-07,0.050788,selic,2022,10,4,Oct/2022,0.050788,0.0,
2022-10-10,0.050788,selic,2022,10,4,Oct/2022,0.050788,0.0,
2022-10-11,0.050788,selic,2022,10,4,Oct/2022,0.050788,0.0,
2022-10-13,0.050788,selic,2022,10,4,Oct/2022,0.050788,0.0,
2022-10-14,0.050788,selic,2022,10,4,Oct/2022,0.050788,0.0,
2022-10-17,0.050788,selic,2022,10,4,Oct/2022,0.050788,0.0,
2022-10-18,0.050788,selic,2022,10,4,Oct/2022,0.050788,0.0,
2022-10-19,0.050788,selic,2022,10,4,Oct/2022,0.050788,0.0,
2022-10-20,0.050788,selic,2022,10,4,Oct/2022,0.050788,0.0,
2022-10-21,0.050788,selic,2022,10,4,Oct/2022,0.050788,0.0,
2022-10-24,0.050788,selic,2022,10,4,Oct/2022,0.050788,0.0,
2022-10-25,0.050788,selic,2022,10,4,Oct/2022,0.050788,0.0,
2022-10-26,0.050788,selic,2022,10,4,Oct/2022,0.050788,0.0,
2022-10-27,0.050788,selic,2022,10,4,Oct/2022,0.050788,0.0,
2022-10-28,0.050788,selic,2022,10,4,Oct/2022,0.050788,0.0,
2022-10-31,0.050788,selic,2022,10,4,Oct/2022,0.050788,0.0,
2022-11-01,0.050788,selic,2022,11,4,Nov/2022,0.050788,0.0,
2022-11-03,0.050788,selic,2022,11,4,Nov/2022,0.050788,0.0,
2022-11-04,0.050788,selic,2022,11,4,Nov/2022,0.050788,0.0,
2022-11-07,0.050788,selic,2022,11,4,Nov/2022,0.050788,0.0,
2022-11-08,0.050788,selic,2022,11,4,Nov/2022,0.050788,0.0,
2022-11-09,0.050788,selic,2022,11,4,Nov/2022,0.050788,0.0,
2022-11-10,0.050788,selic,2022,11,4,Nov/2022,0.050788,0.0,
2022-11-11,0.050788,selic,2022,11,4,Nov/2022,0.050788,0.0,
2022-11-14,0.050788,selic,2022,11,4,Nov/2022,0.050788,0.0,
2022-11-16,0.050788,selic,2022,11,4,Nov/2022,0.050788,0.0,
2022-11-17,0.050788,selic,2022,11,4,Nov/2022,0.050788,0.0,
2022-11-18,0.050788,selic,2022,11,4,Nov/2022,0.050788,0.0,
2022-11-21,0.050788,selic,2022,11,4,Nov/2022,0.050788,0.0,
2022-11-22,0.050788,selic,2022,11,4,Nov/2022,0.050788,0.0,
2022-11-23,0.050788,selic,2022,11,4,Nov/2022,0.050788,0.0,
2022-11-24,0.050788,selic,2022,11,4,Nov/2022,0.050788,0.0,
2022-11-25,0.050788,selic,2022,11,4,Nov/2022,0.050788,0.0,
2022-11-28,0.050788,selic,2022,11,4,Nov/2022,0.050788,0.0,
2022-11-29,0.050788,selic,2022,11,4,Nov/2022,0.050788,0.0,
2022-11-30,0.050788,selic,2022,11,4,Nov/2022,0.050788,0.0,
2022-12-01,0.050788,selic,2022,12,4,Dec/2022,0.050788,0.0,
2022-12-02,0.050788,selic,2022,12,4,Dec/2022,0.050788,0.0,
2022-12-05,0.050788,selic,2022,12,4,Dec/2022,0.050788,0.0,
2022-12-06,0.050788,selic,2022,12,4,Dec/2022,0.050788,0.0,
2022-12-07,0.050788,selic,2022,12,4,Dec/2022,0.050788,0.0,
2022-12-08,0.050788,selic,2022,12,4,Dec/2022,0.050788,0.0,
2022-12-09,0.050788,selic,2022,12,4,Dec/2022,0.050788,0.0,
2022-12-12,0.050788,selic,2022,12,4,Dec/2022,0.050788,0.0,
2022-12-13,0.050788,selic,2022,12,4,Dec/2022,0.050788,0.0,
2022-12-14,0.050788,selic,2022,12,4,Dec/2022,0.050788,0.0,
2022-12-15,0.050788,selic,2022,12,4,Dec/2022,0.050788,0.0,
2022-12-16,0.050788,selic,2022,12,4,Dec/2022,0.050788,0.0,
2022-12-19,0.050788,selic,2022,12,4,Dec/2022,0.050788,0.0,
2022-12-20,0.050788,selic,2022,12,4,Dec/2022,0.050788,0.0,
2022-12-21,0.050788,selic,2022,12,4,Dec/2022,0.050788,0.0,
2022-12-22,0.050788,selic,2022,12,4,Dec/2022,0.050788,0.0,
2022-12-23,0.050788,selic,2022,12,4,Dec/2022,0.050788,0.0,
2022-12-26,0.050788,selic,2022,12,4,Dec/2022,0.050788,0.0,
2022-12-27,0.050788,selic,2022,12,4,Dec/2022,0.050788,0.0,
2022-12-28,0.050788,selic,2022,12,4,Dec/2022,0.050788,0.0,
2022-12-29,0.050788,selic,2022,12,4,Dec/2022,0.050788,0.0,
2022-12-30,0.050788,selic,2022,12,4,Dec/2022,0.050788,0.0,
2023-01-02,0.050788,selic,2023,1,1,Jan/2023,0.050788,0.0,
2023-01-03,0.050788,selic,2023,1,1,Jan/2023,0.050788,0.0,
2023-01-04,0.050788,selic,2023,1,1,Jan/2023,0.050788,0.0,
2023-01-05,0.050788,selic,2023,1,1,Jan/2023,0.050788,0.0,
2023-01-06,0.050788,selic,2023,1,1,Jan/2023,0.050788,0.0,
2023-01-09,0.050788,selic,2023,1,1,Jan/2023,0.050788,0.0,
2023-01-10,0.050788,selic,2023,1,1,Jan/2023,0.050788,0.0,
2023-01-11,0.050788,selic,2023,1,1,Jan/2023,0.050788,0.0,
2023-01-12,0.050788,selic,2023,1,1,Jan/2023,0.050788,0.0,
2023-01-13,0.050788,selic,2023,1,1,Jan/2023,0.050788,0.0,
2023-01-16,0.050788,selic,2023,1,1,Jan/2023,0.050788,0.0,
2023-01-17,0.050788,selic,2023,1,1,Jan/2023,0.050788,0.0,
2023-01-18,0.050788,selic,2023,1,1,Jan/2023,0.050788,0.0,
2023-01-19,0.050788,selic,2023,1,1,Jan/2023,0.050788,0.0,
2023-01-20,0.050788,selic,2023,1,1,Jan/2023,0.050788,0.0,
2023-01-23,0.050788,selic,2023,1,1,Jan/2023,0.050788,0.0,
2023-01-24,0.050788,selic,2023,1,1,Jan/2023,0.050788,0.0,
2023-01-25,0.050788,selic,2023,1,1,Jan/2023,0.050788,0.0,
2023-01-26,0.050788,selic,2023,1,1,Jan/2023,0.050788,0.0,
2023-01-27,0.050788,selic,2023,1,1,Jan/2023,0.050788,0.0,
2023-01-30,0.050788,selic,2023,1,1,Jan/2023,0.050788,0.0,
2023-01-31,0.050788,selic,2023,1,1,Jan/2023,0.050788,0.0,
2023-02-01,0.050788,selic,2023,2,1,Feb/2023,0.050788,0.0,
2023-02-02,0.050788,selic,2023,2,1,Feb/2023,0.050788,0.0,
2023-02-03,0.050788,selic,2023,2,1,Feb/2023,0.050788,0.0,
2023-02-06,0.050788,selic,2023,2,1,Feb/2023,0.050788,0.0,
2023-02-07,0.050788,selic,2023,2,1,Feb/2023,0.050788,0.0,
2023-02-08,0.050788,selic,2023,2,1,Feb/2023,0.050788,0.0,
2023-02-09,0.050788,selic,2023,2,1,Feb/2023,0.050788,0.0,
2023-02-10,0.050788,selic,2023,2,1,Feb/2023,0.050788,0.0,
2023-02-13,0.050788,selic,2023,2,1,Feb/2023,0.050788,0.0,
2023-02-14,0.050788,selic,2023,2,1,Feb/2023,0.050788,0.0,
2023-02-15,0.050788,selic,2023,2,1,Feb/2023,0.050788,0.0,
2023-02-16,0.050788,selic,2023,2,1,Feb/2023,0.050788,0.0,
2023-02-17,0.050788,selic,2023,2,1,Feb/2023,0.050788,0.0,
2023-02-22,0.050788,selic,2023,2,1,Feb/2023,0.050788,0.0,
2023-02-23,0.050788,selic,2023,2,1,Feb/2023,0.050788,0.0,
2023-02-24,0.050788,selic,2023,2,1,Feb/2023,0.050788,0.0,
2023-02-27,0.050788,selic,2023,2,1,Feb/2023,0.050788,0.0,
2023-02-28,0.050788,selic,2023,2,1,Feb/2023,0.050788,0.0,
2023-03-01,0.050788,selic,2023,3,1,Mar/2023,0.050788,0.0,
2023-03-02,0.050788,selic,2023,3,1,Mar/2023,0.050788,0.0,
2023-03-03,0.050788,selic,2023,3,1,Mar/2023,0.050788,0.0,
2023-03-06,0.050788,selic,2023,3,1,Mar/2023,0.050788,0.0,
2023-03-07,0.050788,selic,2023,3,1,Mar/2023,0.050788,0.0,
2023-03-08,0.050788,selic,2023,3,1,Mar/2023,0.050788,0.0,
2023-03-09,0.050788,selic,2023,3,1,Mar/2023,0.050788,0.0,
2023-03-10,0.050788,selic,2023,3,1,Mar/2023,0.050788,0.0,
2023-03-13,0.050788,selic,2023,3,1,Mar/2023,0.050788,0.0,
2023-03-14,0.050788,selic,2023,3,1,Mar/2023,0.050788,0.0,
2023-03-15,0.050788,selic,2023,3,1,Mar/2023,0.050788,0.0,
2023-03-16,0.050788,selic,2023,3,1,Mar/2023,0.050788,0.0,
2023-03-17,0.050788,selic,2023,3,1,Mar/2023,0.050788,0.0,
2023-03-20,0.050788,selic,2023,3,1,Mar/2023,0.050788,0.0,
2023-03-21,0.050788,selic,2023,3,1,Mar/2023,0.050788,0.0,
2023-03-22,0.050788,selic,2023,3,1,Mar/2023,0.050788,0.0,
2023-03-23,0.050788,selic,2023,3,1,Mar/2023,0.050788,0.0,
2023-03-24,0.050788,selic,2023,3,1,Mar/2023,0.050788,0.0,
2023-03-27,0.050788,selic,2023,3,1,Mar/2023,0.050788,0.0,
2023-03-28,0.050788,selic,2023,3,1,Mar/2023,0.050788,0.0,
2023-03-29,0.050788,selic,2023,3,1,Mar/2023,0.050788,0.0,
2023-03-30,0.050788,selic,2023,3,1,Mar/2023,0.050788,0.0,
2023-03-31,0.050788,selic,2023,3,1,Mar/2023,0.050788,0.0,
2023-04-03,0.050788,selic,2023,4,2,Apr/2023,0.050788,0.0,
2023-04-04,0.050788,selic,2023,4,2,Apr/2023,0.050788,0.0,
2023-04-05,0.050788,selic,2023,4,2,Apr/2023,0.050788,0.0,
2023-04-06,0.050788,selic,2023,4,2,Apr/2023,0.050788,0.0,
2023-04-10,0.050788,selic,2023,4,2,Apr/2023,0.050788,0.0,
2023-04-11,0.050788,selic,2023,4,2,Apr/2023,0.050788,0.0,
2023-04-12,0.050788,selic,2023,4,2,Apr/2023,0.050788,0.0,
2023-04-13,0.050788,selic,2023,4,2,Apr/2023,0.050788,0.0,
2023-04-14,0.050788,selic,2023,4,2,Apr/2023,0.050788,0.0,
2023-04-17,0.050788,selic,2023,4,2,Apr/2023,0.050788,0.0,
2023-04-18,0.050788,selic,2023,4,2,Apr/2023,0.050788,0.0,
2023-04-19,0.050788,selic,2023,4,2,Apr/2023,0.050788,0.0,
2023-04-20,0.050788,selic,2023,4,2,Apr/2023,0.050788,0.0,
2023-04-24,0.050788,selic,2023,4,2,Apr/2023,0.050788,0.0,
2023-04-25,0.050788,selic,2023,4,2,Apr/2023,0.050788,0.0,
2023-04-26,0.050788,selic,2023,4,2,Apr/2023,0.050788,0.0,
2023-04-27,0.050788,selic,2023,4,2,Apr/2023,0.050788,0.0,
2023-04-28,0.050788,selic,2023,4,2,Apr/2023,0.050788,0.0,
2023-05-02,0.050788,selic,2023,5,2,May/2023,0.050788,0.0,
2023-05-03,0.050788,selic,2023,5,2,May/2023,0.050788,0.0,
2023-05-04,0.050788,selic,2023,5,2,May/2023,0.050788,0.0,
2023-05-05,0.050788,selic,2023,5,2,May/2023,0.050788,0.0,
2023-05-08,0.050788,selic,2023,5,2,May/2023,0.050788,0.0,
2023-05-09,0.050788,selic,2023,5,2,May/2023,0.050788,0.0,
2023-05-10,0.050788,selic,2023,5,2,May/2023,0.050788,0.0,
2023-05-11,0.050788,selic,2023,5,2,May/2023,0.050788,0.0,
2023-05-12,0.050788,selic,2023,5,2,May/2023,0.050788,0.0,
2023-05-15,0.050788,selic,2023,5,2,May/2023,0.050788,0.0,
2023-05-16,0.050788,selic,2023,5,2,May/2023,0.050788,0.0,
2023-05-17,0.050788,selic,2023,5,2,May/2023,0.050788,0.0,
2023-05-18,0.050788,selic,2023,5,2,May/2023,0.050788,0.0,
2023-05-19,0.050788,selic,2023,5,2,May/2023,0.050788,0.0,
2023-05-22,0.050788,selic,2023,5,2,May/2023,0.050788,0.0,
2023-05-23,0.050788,selic,2023,5,2,May/2023,0.050788,0.0,
2023-05-24,0.050788,selic,2023,5,2,May/2023,0.050788,0.0,
2023-05-25,0.050788,selic,2023,5,2,May/2023,0.050788,0.0,
2023-05-26,0.050788,selic,2023,5,2,May/2023,0.050788,0.0,
2023-05-29,0.050788,selic,2023,5,2,May/2023,0.050788,0.0,
2023-05-30,0.050788,selic,2023,5,2,May/2023,0.050788,0.0,
2023-05-31,0.050788,selic,2023,5,2,May/2023,0.050788,0.0,
2023-06-01,0.050788,selic,2023,6,2,Jun/2023,0.050788,0.0,
2023-06-02,0.050788,selic,2023,6,2,Jun/2023,0.050788,0.0,
2023-06-05,0.050788,selic,2023,6,2,Jun/2023,0.050788,0.0,
2023-06-06,0.050788,selic,2023,6,2,Jun/2023,0.050788,0.0,
2023-06-07,0.050788,selic,2023,6,2,Jun/2023,0.050788,0.0,
2023-06-09,0.050788,selic,2023,6,2,Jun/2023,0.050788,0.0,
2023-06-12,0.050788,selic,2023,6,2,Jun/2023,0.050788,0.0,
2023-06-13,0.050788,selic,2023,6,2,Jun/2023,0.050788,0.0,
2023-06-14,0.050788,selic,2023,6,2,Jun/2023,0.050788,0.0,
2023-06-15,0.050788,selic,2023,6,2,Jun/2023,0.050788,0.0,
2023-06-16,0.050788,selic,2023,6,2,Jun/2023,0.050788,0.0,
2023-06-19,0.050788,selic,2023,6,2,Jun/2023,0.050788,0.0,
2023-06-20,0.050788,selic,2023,6,2,Jun/2023,0.050788,0.0,
2023-06-21,0.050788,selic,2023,6,2,Jun/2023,0.050788,0.0,
2023-06-22,0.050788,selic,2023,6,2,Jun/2023,0.050788,0.0,
2023-06-23,0.050788,selic,2023,6,2,Jun/2023,0.050788,0.0,
2023-06-26,0.050788,selic,2023,6,2,Jun/2023,0.050788,0.0,
2023-06-27,0.050788,selic,2023,6,2,Jun/2023,0.050788,0.0,
2023-06-28,0.050788,selic,2023,6,2,Jun/2023,0.050788,0.0,
2023-06-29,0.050788,selic,2023,6,2,Jun/2023,0.050788,0.0,
2023-06-30,0.050788,selic,2023,6,2,Jun/2023,0.050788,0.0,
2023-07-03,0.050788,selic,2023,7,3,Jul/2023,0.050788,0.0,
2023-07-04,0.050788,selic,2023,7,3,Jul/2023,0.050788,0.0,
2023-07-05,0.050788,selic,2023,7,3,Jul/2023,0.050788,0.0,
2023-07-06,0.050788,selic,2023,7,3,Jul/2023,0.050788,0.0,
2023-07-07,0.050788,selic,2023,7,3,Jul/2023,0.050788,0.0,
2023-07-10,0.050788,selic,2023,7,3,Jul/2023,0.050788,0.0,
2023-07-11,0.050788,selic,2023,7,3,Jul/2023,0.050788,0.0,
2023-07-12,0.050788,selic,2023,7,3,Jul/2023,0.050788,0.0,
2023-07-13,0.050788,selic,2023,7,3,Jul/2023,0.050788,0.0,
2023-07-14,0.050788,selic,2023,7,3,Jul/2023,0.050788,0.0,
2023-07-17,0.050788,selic,2023,7,3,Jul/2023,0.050788,0.0,
2023-07-18,0.050788,selic,2023,7,3,Jul/2023,0.050788,0.0,
2023-07-19,0.050788,selic,2023,7,3,Jul/2023,0.050788,0.0,
2023-07-20,0.050788,selic,2023,7,3,Jul/2023,0.050788,0.0,
2023-07-21,0.050788,selic,2023,7,3,Jul/2023,0.050788,0.0,
2023-07-24,0.050788,selic,2023,7,3,Jul/2023,0.050788,0.0,
2023-07-25,0.050788,selic,2023,7,3,Jul/2023,0.050788,0.0,
2023-07-26,0.050788,selic,2023,7,3,Jul/2023,0.050788,0.0,
2023-07-27,0.050788,selic,2023,7,3,Jul/2023,0.050788,0.0,
2023-07-28,0.050788,selic,2023,7,3,Jul/2023,0.050788,0.0,
2023-07-31,0.050788,selic,2023,7,3,Jul/2023,0.050788,0.0,
2023-08-01,0.050788,selic,2023,8,3,Aug/2023,0.050788,0.0,
2023-08-02,0.050788,selic,2023,8,3,Aug/2023,0.050788,0.0,
2023-08-03,0.049037,selic,2023,8,3,Aug/2023,0.050729633333333336,-3.447664802709305,
2023-08-04,0.049037,selic,2023,8,3,Aug/2023,0.050671266666666666,0.0,
2023-08-07,0.049037,selic,2023,8,3,Aug/2023,0.050612899999999995,0.0,
2023-08-08,0.049037,selic,2023,8,3,Aug/2023,0.05055453333333333,0.0,
2023-08-09,0.049037,selic,2023,8,3,Aug/2023,0.05049616666666666,0.0,
2023-08-10,0.049037,selic,2023,8,3,Aug/2023,0.0504378,0.0,
2023-08-11,0.049037,selic,2023,8,3,Aug/2023,0.05037943333333333,0.0,
2023-08-14,0.049037,selic,2023,8,3,Aug/2023,0.050321066666666664,0.0,
2023-08-15,0.049037,selic,2023,8,3,Aug/2023,0.0502627,0.0,
2023-08-16,0.049037,selic,2023,8,3,Aug/2023,0.05020433333333333,0.0,
2023-08-17,0.049037,selic,2023,8,3,Aug/2023,0.050145966666666666,0.0,
2023-08-18,0.049037,selic,2023,8,3,Aug/2023,0.050087599999999996,0.0,
2023-08-21,0.049037,selic,2023,8,3,Aug/2023,0.050029233333333326,0.0,
2023-08-22,0.049037,selic,2023,8,3,Aug/2023,0.04997086666666666,0.0,
2023-08-23,0.049037,selic,2023,8,3,Aug/2023,0.0499125,0.0,
2023-08-24,0.049037,selic,2023,8,3,Aug/2023,0.04985413333333333,0.0,
2023-08-25,0.049037,selic,2023,8,3,Aug/2023,0.049795766666666665,0.0,
2023-08-28,0.049037,selic,2023,8,3,Aug/2023,0.0497374,0.0,
2023-08-29,0.049037,selic,2023,8,3,Aug/2023,0.04967903333333333,0.0,
2023-08-30,0.049037,selic,2023,8,3,Aug/2023,0.04962066666666666,0.0,
2023-08-31,0.049037,selic,2023,8,3,Aug/2023,0.04956229999999999,0.0,
2023-09-01,0.049037,selic,2023,9,3,Sep/2023,0.04950393333333333,0.0,
2023-09-04,0.049037,selic,2023,9,3,Sep/2023,0.04944556666666666,0.0,
2023-09-05,0.049037,selic,2023,9,3,Sep/2023,0.04938719999999999,0.0,
2023-09-06,0.049037,selic,2023,9,3,Sep/2023,0.049328833333333336,0.0,
2023-09-08,0.049037,selic,2023,9,3,Sep/2023,0.049270466666666665,0.0,
2023-09-11,0.049037,selic,2023,9,3,Sep/2023,0.049212099999999995,0.0,
2023-09-12,0.049037,selic,2023,9,3,Sep/2023,0.049153733333333324,0.0,
2023-09-13,0.049037,selic,2023,9,3,Sep/2023,0.04909536666666666,0.0,
2023-09-14,0.049037,selic,2023,9,3,Sep/2023,0.049037,0.0,
2023-09-15,0.049037,selic,2023,9,3,Sep/2023,0.049037,0.0,
2023-09-18,0.049037,selic,2023,9,3,Sep/2023,0.049037,0.0,
2023-09-19,0.049037,selic,2023,9,3,Sep/2023,0.049037,0.0,
2023-09-20,0.049037,selic,2023,9,3,Sep/2023,0.049037,0.0,
2023-09-21,0.047279,selic,2023,9,3,Sep/2023,0.0489784,-3.5850480249607353,
2023-09-22,0.047279,selic,2023,9,3,Sep/2023,0.0489198,0.0,
2023-09-25,0.047279,selic,2023,9,3,Sep/2023,0.0488612,0.0,
2023-09-26,0.047279,selic,2023,9,3,Sep/2023,0.0488026,0.0,
2023-09-27,0.047279,selic,2023,9,3,Sep/2023,0.048744,0.0,
2023-09-28,0.047279,selic,2023,9,3,Sep/2023,0.0486854,0.0,
2023-09-29,0.047279,selic,2023,9,3,Sep/2023,0.0486268,0.0,
2023-10-02,0.047279,selic,2023,10,4,Oct/2023,0.0485682,0.0,
2023-10-03,0.047279,selic,2023,10,4,Oct/2023,0.0485096,0.0,
2023-10-04,0.047279,selic,2023,10,4,Oct/2023,0.048451,0.0,
2023-10-05,0.047279,selic,2023,10,4,Oct/2023,0.0483924,0.0,
2023-10-06,0.047279,selic,2023,10,4,Oct/2023,0.048333799999999996,0.0,
2023-10-09,0.047279,selic,2023,10,4,Oct/2023,0.0482752,0.0,
2023-10-10,0.047279,selic,2023,10,4,Oct/2023,0.048216600000000005,0.0,
2023-10-11,0.047279,selic,2023,10,4,Oct/2023,0.048158000000000006,0.0,
2023-10-13,0.047279,selic,2023,10,4,Oct/2023,0.0480994,0.0,
2023-10-16,0.047279,selic,2023,10,4,Oct/2023,0.0480408,0.0,
2023-10-17,0.047279,selic,2023,10,4,Oct/2023,0.0479822,0.0,
2023-10-18,0.047279,selic,2023,10,4,Oct/2023,0.0479236,0.0,
2023-10-19,0.047279,selic,2023,10,4,Oct/2023,0.047865000000000005,0.0,
2023-10-20,0.047279,selic,2023,10,4,Oct/2023,0.047806400000000006,0.0,
2023-10-23,0.047279,selic,2023,10,4,Oct/2023,0.0477478,0.0,
2023-10-24,0.047279,selic,2023,10,4,Oct/2023,0.0476892,0.0,
2023-10-25,0.047279,selic,2023,10,4,Oct/2023,0.0476306,0.0,
2023-10-26,0.047279,selic,2023,10,4,Oct/2023,0.047571999999999996,0.0,
2023-10-27,0.047279,selic,2023,10,4,Oct/2023,0.047513400000000004,0.0,
2023-10-30,0.047279,selic,2023,10,4,Oct/2023,0.047454800000000005,0.0,
2023-10-31,0.047279,selic,2023,10,4,Oct/2023,0.047396200000000006,0.0,
2023-11-01,0.047279,selic,2023,11,4,Nov/2023,0.0473376,0.0,
2023-11-03,0.045513,selic,2023,11,4,Nov/2023,0.04722013333333334,-3.735273588696897,
2023-11-06,0.045513,selic,2023,11,4,Nov/2023,0.04716126666666667,0.0,
2023-11-07,0.045513,selic,2023,11,4,Nov/2023,0.047102399999999996,0.0,
2023-11-08,0.045513,selic,2023,11,4,Nov/2023,0.04704353333333334,0.0,
2023-11-09,0.045513,selic,2023,11,4,Nov/2023,0.04698466666666667,0.0,
2023-11-10,0.045513,selic,2023,11,4,Nov/2023,0.0469258,0.0,
2023-11-13,0.045513,selic,2023,11,4,Nov/2023,0.04686693333333334,0.0,
2023-11-14,0.045513,selic,2023,11,4,Nov/2023,0.04680806666666667,0.0,
2023-11-16,0.045513,selic,2023,11,4,Nov/2023,0.046749200000000005,0.0,
2023-11-17,0.045513,selic,2023,11,4,Nov/2023,0.04669033333333334,0.0,
2023-11-20,0.045513,selic,2023,11,4,Nov/2023,0.04663146666666666,0.0,
2023-11-21,0.045513,selic,2023,11,4,Nov/2023,0.0465726,0.0,
2023-11-22,0.045513,selic,2023,11,4,Nov/2023,0.046513733333333335,0.0,
2023-11-23,0.045513,selic,2023,11,4,Nov/2023,0.046454866666666664,0.0,
2023-11-24,0.045513,selic,2023,11,4,Nov/2023,0.046396,0.0,
2023-11-27,0.045513,selic,2023,11,4,Nov/2023,0.04633713333333333,0.0,
2023-11-28,0.045513,selic,2023,11,4,Nov/2023,0.04627826666666667,0.0,
2023-11-29,0.045513,selic,2023,11,4,Nov/2023,0.0462194,0.0,
2023-11-30,0.045513,selic,2023,11,4,Nov/2023,0.04616053333333333,0.0,
2023-12-01,0.045513,selic,2023,12,4,Dec/2023,0.04610166666666667,0.0,
2023-12-04,0.045513,selic,2023,12,4,Dec/2023,0.0460428,0.0,
2023-12-05,0.045513,selic,2023,12,4,Dec/2023,0.045983933333333324,0.0,
2023-12-06,0.045513,selic,2023,12,4,Dec/2023,0.04592506666666667,0.0,
2023-12-07,0.045513,selic,2023,12,4,Dec/2023,0.045866199999999996,0.0,
2023-12-08,0.045513,selic,2023,12,4,Dec/2023,0.04580733333333333,0.0,
2023-12-11,0.045513,selic,2023,12,4,Dec/2023,0.04574846666666667,0.0,
2023-12-12,0.045513,selic,2023,12,4,Dec/2023,0.0456896,0.0,
2023-12-13,0.045513,selic,2023,12,4,Dec/2023,0.04563073333333333,0.0,
2023-12-14,0.043739,selic,2023,12,4,Dec/2023,0.045512733333333326,-3.89778744534528,
2023-12-15,0.043739,selic,2023,12,4,Dec/2023,0.04539473333333333,0.0,
2023-12-18,0.043739,selic,2023,12,4,Dec/2023,0.0453356,0.0,
2023-12-19,0.043739,selic,2023,12,4,Dec/2023,0.04527646666666666,0.0,
2023-12-20,0.043739,selic,2023,12,4,Dec/2023,0.04521733333333333,0.0,
2023-12-21,0.043739,selic,2023,12,4,Dec/2023,0.045158199999999996,0.0,
2023-12-22,0.043739,selic,2023,12,4,Dec/2023,0.045099066666666666,0.0,
2023-12-26,0.043739,selic,2023,12,4,Dec/2023,0.04503993333333334,0.0,
2023-12-27,0.043739,selic,2023,12,4,Dec/2023,0.0449808,0.0,
2023-12-28,0.043739,selic,2023,12,4,Dec/2023,0.044921666666666665,0.0,
2023-12-29,0.043739,selic,2023,12,4,Dec/2023,0.04486253333333333,0.0,
2024-01-02,0.043739,selic,2024,1,1,Jan/2024,0.0448034,0.0,
2024-01-03,0.043739,selic,2024,1,1,Jan/2024,0.044744266666666664,0.0,
2024-01-04,0.043739,selic,2024,1,1,Jan/2024,0.04468513333333333,0.0,
2024-01-05,0.043739,selic,2024,1,1,Jan/2024,0.044626000000000006,0.0,
2024-01-08,0.043739,selic,2024,1,1,Jan/2024,0.04456686666666667,0.0,
2024-01-09,0.043739,selic,2024,1,1,Jan/2024,0.044507733333333334,0.0,
2024-01-10,0.043739,selic,2024,1,1,Jan/2024,0.0444486,0.0,
2024-01-11,0.043739,selic,2024,1,1,Jan/2024,0.04438946666666666,0.0,
2024-01-12,0.043739,selic,2024,1,1,Jan/2024,0.04433033333333333,0.0,
2024-01-15,0.043739,selic,2024,1,1,Jan/2024,0.0442712,0.0,
2024-01-16,0.043739,selic,2024,1,1,Jan/2024,0.04421206666666666,0.0,
2024-01-17,0.043739,selic,2024,1,1,Jan/2024,0.04415293333333334,0.0,
2024-01-18,0.043739,selic,2024,1,1,Jan/2024,0.0440938,0.0,
2024-01-19,0.043739,selic,2024,1,1,Jan/2024,0.044034666666666666,0.0,
2024-01-22,0.043739,selic,2024,1,1,Jan/2024,0.04397553333333334,0.0,
2024-01-23,0.043739,selic,2024,1,1,Jan/2024,0.043916399999999994,0.0,
2024-01-24,0.043739,selic,2024,1,1,Jan/2024,0.043857266666666665,0.0,
2024-01-25,0.043739,selic,2024,1,1,Jan/2024,0.043798133333333336,0.0,
2024-01-26,0.043739,selic,2024,1,1,Jan/2024,0.043739,0.0,
2024-01-29,0.043739,selic,2024,1,1,Jan/2024,0.043739,0.0,
2024-01-30,0.043739,selic,2024,1,1,Jan/2024,0.043739,0.0,
2024-01-31,0.043739,selic,2024,1,1,Jan/2024,0.043739,0.0,
2024-02-01,0.041957,selic,2024,2,1,Feb/2024,0.043679600000000006,-4.074167219186531,
2024-02-02,0.041957,selic,2024,2,1,Feb/2024,0.043620200000000005,0.0,
2024-02-05,0.041957,selic,2024,2,1,Feb/2024,0.043560800000000004,0.0,
2024-02-06,0.041957,selic,2024,2,1,Feb/2024,0.043501399999999996,0.0,
2024-02-07,0.041957,selic,2024,2,1,Feb/2024,0.043441999999999995,0.0,
2024-02-08,0.041957,selic,2024,2,1,Feb/2024,0.0433826,0.0,
2024-02-09,0.041957,selic,2024,2,1,Feb/2024,0.0433232,0.0,
2024-02-14,0.041957,selic,2024,2,1,Feb/2024,0.0432638,0.0,
2024-02-15,0.041957,selic,2024,2,1,Feb/2024,0.043204400000000004,0.0,
2024-02-16,0.041957,selic,2024,2,1,Feb/2024,0.043145,0.0,
2024-02-19,0.041957,selic,2024,2,1,Feb/2024,0.04308560000000001,0.0,
2024-02-20,0.041957,selic,2024,2,1,Feb/2024,0.0430262,0.0,
2024-02-21,0.041957,selic,2024,2,1,Feb/2024,0.0429668,0.0,
2024-02-22,0.041957,selic,2024,2,1,Feb/2024,0.0429074,0.0,
2024-02-23,0.041957,selic,2024,2,1,Feb/2024,0.042848,0.0,
2024-02-26,0.041957,selic,2024,2,1,Feb/2024,0.042788599999999996,0.0,
2024-02-27,0.041957,selic,2024,2,1,Feb/2024,0.0427292,0.0,
2024-02-28,0.041957,selic,2024,2,1,Feb/2024,0.0426698,0.0,
2024-02-29,0.041957,selic,2024,2,1,Feb/2024,0.04261040000000001,0.0,
2024-03-01,0.041957,selic,2024,3,1,Mar/2024,0.042551,0.0,
2024-03-04,0.041957,selic,2024,3,1,Mar/2024,0.0424916,0.0,
2024-03-05,0.041957,selic,2024,3,1,Mar/2024,0.0424322,0.0,
2024-03-06,0.041957,selic,2024,3,1,Mar/2024,0.0423728,0.0,
2024-03-07,0.041957,selic,2024,3,1,Mar/2024,0.04231340000000001,0.0,
2024-03-08,0.041957,selic,2024,3,1,Mar/2024,0.042254,0.0,
2024-03-11,0.041957,selic,2024,3,1,Mar/2024,0.0421946,0.0,
2024-03-12,0.041957,selic,2024,3,1,Mar/2024,0.042135200000000005,0.0,
2024-03-13,0.041957,selic,2024,3,1,Mar/2024,0.0420758,0.0,
2024-03-14,0.041957,selic,2024,3,1,Mar/2024,0.042016399999999995,0.0,
2024-03-15,0.041957,selic,2024,3,1,Mar/2024,0.041957,0.0,
2024-03-18,0.041957,selic,2024,3,1,Mar/2024,0.041957,0.0,
2024-03-19,0.041957,selic,2024,3,1,Mar/2024,0.041957,0.0,
2024-03-20,0.041957,selic,2024,3,1,Mar/2024,0.041957,0.0,
2024-03-21,0.040168,selic,2024,3,1,Mar/2024,0.04189736666666667,-4.263889219915629,
2024-03-22,0.040168,selic,2024,3,1,Mar/2024,0.041837733333333335,0.0,
2024-03-25,0.040168,selic,2024,3,1,Mar/2024,0.041778100000000006,0.0,
2024-03-26,0.040168,selic,2024,3,1,Mar/2024,0.04171846666666667,0.0,
2024-03-27,0.040168,selic,2024,3,1,Mar/2024,0.04165883333333333,0.0,
2024-03-28,0.040168,selic,2024,3,1,Mar/2024,0.041599199999999996,0.0,
2024-04-01,0.040168,selic,2024,4,2,Apr/2024,0.041539566666666666,0.0,
2024-04-02,0.040168,selic,2024,4,2,Apr/2024,0.04147993333333333,0.0,
2024-04-03,0.040168,selic,2024,4,2,Apr/2024,0.0414203,0.0,
2024-04-04,0.040168,selic,2024,4,2,Apr/2024,0.04136066666666667,0.0,
2024-04-05,0.040168,selic,2024,4,2,Apr/2024,0.04130103333333334,0.0,
2024-04-08,0.040168,selic,2024,4,2,Apr/2024,0.041241400000000004,0.0,
2024-04-09,0.040168,selic,2024,4,2,Apr/2024,0.04118176666666667,0.0,
2024-04-10,0.040168,selic,2024,4,2,Apr/2024,0.04112213333333334,0.0,
2024-04-11,0.040168,selic,2024,4,2,Apr/2024,0.0410625,0.0,
2024-04-12,0.040168,selic,2024,4,2,Apr/2024,0.041002866666666665,0.0,
2024-04-15,0.040168,selic,2024,4,2,Apr/2024,0.040943233333333336,0.0,
2024-04-16,0.040168,selic,2024,4,2,Apr/2024,0.0408836,0.0,
2024-04-17,0.040168,selic,2024,4,2,Apr/2024,0.04082396666666666,0.0,
2024-04-18,0.040168,selic,2024,4,2,Apr/2024,0.04076433333333333,0.0,
2024-04-19,0.040168,selic,2024,4,2,Apr/2024,0.0407047,0.0,
2024-04-22,0.040168,selic,2024,4,2,Apr/2024,0.040645066666666674,0.0,
2024-04-23,0.040168,selic,2024,4,2,Apr/2024,0.04058543333333334,0.0,
2024-04-24,0.040168,selic,2024,4,2,Apr/2024,0.04052580000000001,0.0,
2024-04-25,0.040168,selic,2024,4,2,Apr/2024,0.04046616666666667,0.0,
2024-04-26,0.040168,selic,2024,4,2,Apr/2024,0.040406533333333335,0.0,
2024-04-29,0.040168,selic,2024,4,2,Apr/2024,0.0403469,0.0,
2024-04-30,0.040168,selic,2024,4,2,Apr/2024,0.04028726666666667,0.0,
2024-05-02,0.040168,selic,2024,5,2,May/2024,0.04022763333333333,0.0,
2024-05-03,0.040168,selic,2024,5,2,May/2024,0.040168,0.0,
2024-05-06,0.040168,selic,2024,5,2,May/2024,0.040168,0.0,
2024-05-07,0.040168,selic,2024,5,2,May/2024,0.040168,0.0,
2024-05-08,0.040168,selic,2024,5,2,May/2024,0.040168,0.0,
2024-05-09,0.03927,selic,2024,5,2,May/2024,0.040138066666666666,-2.2356104361681006,
2024-05-10,0.03927,selic,2024,5,2,May/2024,0.04010813333333334,0.0,
2024-05-13,0.03927,selic,2024,5,2,May/2024,0.0400782,0.0,
2024-05-14,0.03927,selic,2024,5,2,May/2024,0.04004826666666667,0.0,
2024-05-15,0.03927,selic,2024,5,2,May/2024,0.04001833333333334,0.0,
2024-05-16,0.03927,selic,2024,5,2,May/2024,0.0399884,0.0,
2024-05-17,0.03927,selic,2024,5,2,May/2024,0.039958466666666664,0.0,
2024-05-20,0.03927,selic,2024,5,2,May/2024,0.039928533333333335,0.0,
2024-05-21,0.03927,selic,2024,5,2,May/2024,0.0398986,0.0,
2024-05-22,0.03927,selic,2024,5,2,May/2024,0.03986866666666667,0.0,
2024-05-23,0.03927,selic,2024,5,2,May/2024,0.039838733333333334,0.0,
2024-05-24,0.03927,selic,2024,5,2,May/2024,0.0398088,0.0,
2024-05-27,0.03927,selic,2024,5,2,May/2024,0.03977886666666667,0.0,
2024-05-28,0.03927,selic,2024,5,2,May/2024,0.03974893333333333,0.0,
2024-05-29,0.03927,selic,2024,5,2,May/2024,0.039719,0.0,
2024-05-31,0.03927,selic,2024,5,2,May/2024,0.039689066666666675,0.0,
2024-06-03,0.03927,selic,2024,6,2,Jun/2024,0.03965913333333333,0.0,
2024-06-04,0.03927,selic,2024,6,2,Jun/2024,0.0396292,0.0,
2024-06-05,0.03927,selic,2024,6,2,Jun/2024,0.03959926666666667,0.0,
2024-06-06,0.03927,selic,2024,6,2,Jun/2024,0.03956933333333333,0.0,
2024-06-07,0.03927,selic,2024,6,2,Jun/2024,0.0395394,0.0,
2024-06-10,0.03927,selic,2024,6,2,Jun/2024,0.039509466666666666,0.0,
2024-06-11,0.03927,selic,2024,6,2,Jun/2024,0.03947953333333333,0.0,
2024-06-12,0.03927,selic,2024,6,2,Jun/2024,0.0394496,0.0,
2024-06-13,0.03927,selic,2024,6,2,Jun/2024,0.039419666666666665,0.0,
2024-06-14,0.03927,selic,2024,6,2,Jun/2024,0.039389733333333336,0.0,
2024-06-17,0.03927,selic,2024,6,2,Jun/2024,0.03935979999999999,0.0,
2024-06-18,0.03927,selic,2024,6,2,Jun/2024,0.039329866666666664,0.0,
2024-06-19,0.03927,selic,2024,6,2,Jun/2024,0.039299933333333335,0.0,
2024-06-20,0.03927,selic,2024,6,2,Jun/2024,0.03927,0.0,
2024-06-21,0.03927,selic,2024,6,2,Jun/2024,0.03927,0.0,
2024-06-24,0.03927,selic,2024,6,2,Jun/2024,0.03927,0.0,
2024-06-25,0.03927,selic,2024,6,2,Jun/2024,0.03927,0.0,
2024-06-26,0.03927,selic,2024,6,2,Jun/2024,0.03927,0.0,
2024-06-27,0.03927,selic,2024,6,2,Jun/2024,0.03927,0.0,
2024-06-28,0.03927,selic,2024,6,2,Jun/2024,0.03927,0.0,
2024-07-01,0.03927,selic,2024,7,3,Jul/2024,0.03927,0.0,
2024-07-02,0.03927,selic,2024,7,3,Jul/2024,0.03927,0.0,
2024-07-03,0.03927,selic,2024,7,3,Jul/2024,0.03927,0.0,
2024-07-04,0.03927,selic,2024,7,3,Jul/2024,0.03927,0.0,
2024-07-05,0.03927,selic,2024,7,3,Jul/2024,0.03927,0.0,
2024-07-08,0.03927,selic,2024,7,3,Jul/2024,0.03927,0.0,
2024-07-09,0.03927,selic,2024,7,3,Jul/2024,0.03927,0.0,
2024-07-10,0.03927,selic,2024,7,3,Jul/2024,0.03927,0.0,
2024-07-11,0.03927,selic,2024,7,3,Jul/2024,0.03927,0.0,
2024-07-12,0.03927,selic,2024,7,3,Jul/2024,0.03927,0.0,
2024-07-15,0.03927,selic,2024,7,3,Jul/2024,0.03927,0.0,
2024-07-16,0.03927,selic,2024,7,3,Jul/2024,0.03927,0.0,
2024-07-17,0.03927,selic,2024,7,3,Jul/2024,0.03927,0.0,
2024-07-18,0.03927,selic,2024,7,3,Jul/2024,0.03927,0.0,
2024-07-19,0.03927,selic,2024,7,3,Jul/2024,0.03927,0.0,
2024-07-22,0.03927,selic,2024,7,3,Jul/2024,0.03927,0.0,
2024-07-23,0.03927,selic,2024,7,3,Jul/2024,0.03927,0.0,
2024-07-24,0.03927,selic,2024,7,3,Jul/2024,0.03927,0.0,
2024-07-25,0.03927,selic,2024,7,3,Jul/2024,0.03927,0.0,
2024-07-26,0.03927,selic,2024,7,3,Jul/2024,0.03927,0.0,
2024-07-29,0.03927,selic,2024,7,3,Jul/2024,0.03927,0.0,
2024-07-30,0.03927,selic,2024,7,3,Jul/2024,0.03927,0.0,
2024-07-31,0.03927,selic,2024,7,3,Jul/2024,0.03927,0.0,
2024-08-01,0.03927,selic,2024,8,3,Aug/2024,0.03927,0.0,
2024-08-02,0.03927,selic,2024,8,3,Aug/2024,0.03927,0.0,
2024-08-05,0.03927,selic,2024,8,3,Aug/2024,0.03927,0.0,
2024-08-06,0.03927,selic,2024,8,3,Aug/2024,0.03927,0.0,
2024-08-07,0.03927,selic,2024,8,3,Aug/2024,0.03927,0.0,
2024-08-08,0.03927,selic,2024,8,3,Aug/2024,0.03927,0.0,
2024-08-09,0.03927,selic,2024,8,3,Aug/2024,0.03927,0.0,
2024-08-12,0.03927,selic,2024,8,3,Aug/2024,0.03927,0.0,
2024-08-13,0.03927,selic,2024,8,3,Aug/2024,0.03927,0.0,
2024-08-14,0.03927,selic,2024,8,3,Aug/2024,0.03927,0.0,
2024-08-15,0.03927,selic,2024,8,3,Aug/2024,0.03927,0.0,
2024-08-16,0.03927,selic,2024,8,3,Aug/2024,0.03927,0.0,
2024-08-19,0.03927,selic,2024,8,3,Aug/2024,0.03927,0.0,
2024-08-20,0.03927,selic,2024,8,3,Aug/2024,0.03927,0.0,
2024-08-21,0.03927,selic,2024,8,3,Aug/2024,0.03927,0.0,
2024-08-22,0.03927,selic,2024,8,3,Aug/2024,0.03927,0.0,
2024-08-23,0.03927,selic,2024,8,3,Aug/2024,0.03927,0.0,
2024-08-26,0.03927,selic,2024,8,3,Aug/2024,0.03927,0.0,
2024-08-27,0.03927,selic,2024,8,3,Aug/2024,0.03927,0.0,
2024-08-28,0.03927,selic,2024,8,3,Aug/2024,0.03927,0.0,
2024-08-29,0.03927,selic,2024,8,3,Aug/2024,0.03927,0.0,
2024-08-30,0.03927,selic,2024,8,3,Aug/2024,0.03927,0.0,
2024-09-02,0.03927,selic,2024,9,3,Sep/2024,0.03927,0.0,
2024-09-03,0.03927,selic,2024,9,3,Sep/2024,0.03927,0.0,
2024-09-04,0.03927,selic,2024,9,3,Sep/2024,0.03927,0.0,
2024-09-05,0.03927,selic,2024,9,3,Sep/2024,0.03927,0.0,
2024-09-06,0.03927,selic,2024,9,3,Sep/2024,0.03927,0.0,
2024-09-09,0.03927,selic,2024,9,3,Sep/2024,0.03927,0.0,
2024-09-10,0.03927,selic,2024,9,3,Sep/2024,0.03927,0.0,
2024-09-11,0.03927,selic,2024,9,3,Sep/2024,0.03927,0.0,
2024-09-12,0.03927,selic,2024,9,3,Sep/2024,0.03927,0.0,
2024-09-13,0.03927,selic,2024,9,3,Sep/2024,0.03927,0.0,
2024-09-16,0.03927,selic,2024,9,3,Sep/2024,0.03927,0.0,
2024-09-17,0.03927,selic,2024,9,3,Sep/2024,0.03927,0.0,
2024-09-18,0.03927,selic,2024,9,3,Sep/2024,0.03927,0.0,
2024-09-19,0.040168,selic,2024,9,3,Sep/2024,0.039299933333333335,2.286732874968167,
2024-09-20,0.040168,selic,2024,9,3,Sep/2024,0.039329866666666664,0.0,
2024-09-23,0.040168,selic,2024,9,3,Sep/2024,0.03935979999999999,0.0,
2024-09-24,0.040168,selic,2024,9,3,Sep/2024,0.03938973333333333,0.0,
2024-09-25,0.040168,selic,2024,9,3,Sep/2024,0.039419666666666665,0.0,
2024-09-26,0.040168,selic,2024,9,3,Sep/2024,0.0394496,0.0,
2024-09-27,0.040168,selic,2024,9,3,Sep/2024,0.03947953333333334,0.0,
2024-09-30,0.040168,selic,2024,9,3,Sep/2024,0.039509466666666666,0.0,
2024-10-01,0.040168,selic,2024,10,4,Oct/2024,0.0395394,0.0,
2024-10-02,0.040168,selic,2024,10,4,Oct/2024,0.03956933333333333,0.0,
2024-10-03,0.040168,selic,2024,10,4,Oct/2024,0.03959926666666667,0.0,
2024-10-04,0.040168,selic,2024,10,4,Oct/2024,0.0396292,0.0,
2024-10-07,0.040168,selic,2024,10,4,Oct/2024,0.03965913333333333,0.0,
2024-10-08,0.040168,selic,2024,10,4,Oct/2024,0.03968906666666667,0.0,
2024-10-09,0.040168,selic,2024,10,4,Oct/2024,0.039719,0.0,
2024-10-10,0.040168,selic,2024,10,4,Oct/2024,0.03974893333333333,0.0,
2024-10-11,0.040168,selic,2024,10,4,Oct/2024,0.03977886666666667,0.0,
2024-10-14,0.040168,selic,2024,10,4,Oct/2024,0.0398088,0.0,
2024-10-15,0.040168,selic,2024,10,4,Oct/2024,0.039838733333333334,0.0,
2024-10-16,0.040168,selic,2024,10,4,Oct/2024,0.03986866666666667,0.0,
2024-10-17,0.040168,selic,2024,10,4,Oct/2024,0.0398986,0.0,
2024-10-18,0.040168,selic,2024,10,4,Oct/2024,0.039928533333333335,0.0,
2024-10-21,0.040168,selic,2024,10,4,Oct/2024,0.03995846666666667,0.0,
2024-10-22,0.040168,selic,2024,10,4,Oct/2024,0.0399884,0.0,
2024-10-23,0.040168,selic,2024,10,4,Oct/2024,0.040018333333333336,0.0,
2024-10-24,0.040168,selic,2024,10,4,Oct/2024,0.04004826666666667,0.0,
2024-10-25,0.040168,selic,2024,10,4,Oct/2024,0.0400782,0.0,
2024-10-28,0.040168,selic,2024,10,4,Oct/2024,0.04010813333333334,0.0,
2024-10-29,0.040168,selic,2024,10,4,Oct/2024,0.040138066666666666,0.0,
2024-10-30,0.040168,selic,2024,10,4,Oct/2024,0.040168,0.0,
2024-10-31,0.040168,selic,2024,10,4,Oct/2024,0.040168,0.0,
2024-11-01,0.040168,selic,2024,11,4,Nov/2024,0.040168,0.0,
2024-11-04,0.040168,selic,2024,11,4,Nov/2024,0.040168,0.0,
2024-11-05,0.040168,selic,2024,11,4,Nov/2024,0.040168,0.0,
2024-11-06,0.040168,selic,2024,11,4,Nov/2024,0.040168,0.0,
2024-11-07,0.041957,selic,2024,11,4,Nov/2024,0.04022763333333333,4.453794064927297,
2024-11-08,0.041957,selic,2024,11,4,Nov/2024,0.04028726666666667,0.0,
2024-11-11,0.041957,selic,2024,11,4,Nov/2024,0.0403469,0.0,
2024-11-12,0.041957,selic,2024,11,4,Nov/2024,0.040406533333333335,0.0,
2024-11-13,0.041957,selic,2024,11,4,Nov/2024,0.04046616666666667,0.0,
2024-11-14,0.041957,selic,2024,11,4,Nov/2024,0.04052580000000001,0.0,
2024-11-18,0.041957,selic,2024,11,4,Nov/2024,0.04058543333333334,0.0,
2024-11-19,0.041957,selic,2024,11,4,Nov/2024,0.040645066666666674,0.0,
2024-11-21,0.041957,selic,2024,11,4,Nov/2024,0.04070470000000001,0.0,
2024-11-22,0.041957,selic,2024,11,4,Nov/2024,0.04076433333333333,0.0,
2024-11-25,0.041957,selic,2024,11,4,Nov/2024,0.04082396666666666,0.0,
2024-11-26,0.041957,selic,2024,11,4,Nov/2024,0.0408836,0.0,
2024-11-27,0.041957,selic,2024,11,4,Nov/2024,0.040943233333333336,0.0,
2024-11-28,0.041957,selic,2024,11,4,Nov/2024,0.041002866666666665,0.0,
2024-11-29,0.041957,selic,2024,11,4,Nov/2024,0.0410625,0.0,
2024-12-02,0.041957,selic,2024,12,4,Dec/2024,0.04112213333333334,0.0,
2024-12-03,0.041957,selic,2024,12,4,Dec/2024,0.04118176666666667,0.0,
2024-12-04,0.041957,selic,2024,12,4,Dec/2024,0.041241400000000004,0.0,
2024-12-05,0.041957,selic,2024,12,4,Dec/2024,0.04130103333333334,0.0,
2024-12-06,0.041957,selic,2024,12,4,Dec/2024,0.04136066666666667,0.0,
2024-12-09,0.041957,selic,2024,12,4,Dec/2024,0.04142029999999999,0.0,
2024-12-10,0.041957,selic,2024,12,4,Dec/2024,0.04147993333333333,0.0,
2024-12-11,0.041957,selic,2024,12,4,Dec/2024,0.041539566666666666,0.0,
2024-12-12,0.045513,selic,2024,12,4,Dec/2024,0.04171773333333333,8.475343804371139,
2024-12-13,0.045513,selic,2024,12,4,Dec/2024,0.0418959,0.0,
2024-12-16,0.045513,selic,2024,12,4,Dec/2024,0.04207406666666667,0.0,
2024-12-17,0.045513,selic,2024,12,4,Dec/2024,0.04225223333333334,0.0,
2024-12-18,0.045513,selic,2024,12,4,Dec/2024,0.0424304,0.0,
2024-12-19,0.045513,selic,2024,12,4,Dec/2024,0.04260856666666667,0.0,
2024-12-20,0.045513,selic,2024,12,4,Dec/2024,0.04278673333333334,0.0,
2024-12-23,0.045513,selic,2024,12,4,Dec/2024,0.04290526666666667,0.0,
2024-12-24,0.045513,selic,2024,12,4,Dec/2024,0.04302380000000001,0.0,
2024-12-26,0.045513,selic,2024,12,4,Dec/2024,0.04314233333333333,0.0,
2024-12-27,0.045513,selic,2024,12,4,Dec/2024,0.04326086666666666,0.0,
2024-12-30,0.045513,selic,2024,12,4,Dec/2024,0.0433794,0.0,
2024-12-31,0.045513,selic,2024,12,4,Dec/2024,0.04349793333333333,0.0,
2025-01-02,0.045513,selic,2025,1,1,Jan/2025,0.04361646666666666,0.0,
2025-01-03,0.045513,selic,2025,1,1,Jan/2025,0.043734999999999996,0.0,
2025-01-06,0.045513,selic,2025,1,1,Jan/2025,0.04385353333333333,0.0,
2025-01-07,0.045513,selic,2025,1,1,Jan/2025,0.04397206666666667,0.0,
2025-01-08,0.045513,selic,2025,1,1,Jan/2025,0.0440906,0.0,
2025-01-09,0.045513,selic,2025,1,1,Jan/2025,0.04420913333333333,0.0,
2025-01-10,0.045513,selic,2025,1,1,Jan/2025,0.04432766666666667,0.0,
2025-01-13,0.045513,selic,2025,1,1,Jan/2025,0.0444462,0.0,
2025-01-14,0.045513,selic,2025,1,1,Jan/2025,0.04456473333333333,0.0,
2025-01-15,0.045513,selic,2025,1,1,Jan/2025,0.044683266666666666,0.0,
2025-01-16,0.045513,selic,2025,1,1,Jan/2025,0.044801799999999996,0.0,
2025-01-17,0.045513,selic,2025,1,1,Jan/2025,0.04492033333333333,0.0,
2025-01-20,0.045513,selic,2025,1,1,Jan/2025,0.04503886666666666,0.0,
2025-01-21,0.045513,selic,2025,1,1,Jan/2025,0.0451574,0.0,
2025-01-22,0.045513,selic,2025,1,1,Jan/2025,0.04527593333333334,0.0,
2025-01-23,0.045513,selic,2025,1,1,Jan/2025,0.04539446666666667,0.0,
2025-01-24,0.045513,selic,2025,1,1,Jan/2025,0.045513,0.0,
2025-01-27,0.045513,selic,2025,1,1,Jan/2025,0.045513,0.0,
2025-01-28,0.045513,selic,2025,1,1,Jan/2025,0.045513,0.0,
2025-01-29,0.045513,selic,2025,1,1,Jan/2025,0.045513,0.0,
2025-01-30,0.049037,selic,2025,1,1,Jan/2025,0.04563046666666667,7.742842704282293,
2025-01-31,0.049037,selic,2025,1,1,Jan/2025,0.04574793333333334,0.0,
2025-02-03,0.049037,selic,2025,2,1,Feb/2025,0.04586540000000001,0.0,
2025-02-04,0.049037,selic,2025,2,1,Feb/2025,0.045982866666666664,0.0,
2025-02-05,0.049037,selic,2025,2,1,Feb/2025,0.04610033333333333,0.0,
2025-02-06,0.049037,selic,2025,2,1,Feb/2025,0.046217799999999996,0.0,
2025-02-07,0.049037,selic,2025,2,1,Feb/2025,0.046335266666666666,0.0,
2025-02-10,0.049037,selic,2025,2,1,Feb/2025,0.046452733333333336,0.0,
2025-02-11,0.049037,selic,2025,2,1,Feb/2025,0.0465702,0.0,
2025-02-12,0.049037,selic,2025,2,1,Feb/2025,0.04668766666666667,0.0,
2025-02-13,0.049037,selic,2025,2,1,Feb/2025,0.04680513333333334,0.0,
2025-02-14,0.049037,selic,2025,2,1,Feb/2025,0.0469226,0.0,
2025-02-17,0.049037,selic,2025,2,1,Feb/2025,0.04704006666666667,0.0,
2025-02-18,0.049037,selic,2025,2,1,Feb/2025,0.04715753333333333,0.0,
2025-02-19,0.049037,selic,2025,2,1,Feb/2025,0.047275,0.0,
2025-02-20,0.049037,selic,2025,2,1,Feb/2025,0.04739246666666667,0.0,
2025-02-21,0.049037,selic,2025,2,1,Feb/2025,0.04750993333333333,0.0,
2025-02-24,0.049037,selic,2025,2,1,Feb/2025,0.0476274,0.0,
2025-02-25,0.049037,selic,2025,2,1,Feb/2025,0.04774486666666667,0.0,
2025-02-26,0.049037,selic,2025,2,1,Feb/2025,0.04786233333333333,0.0,
2025-02-27,0.049037,selic,2025,2,1,Feb/2025,0.0479798,0.0,
2025-02-28,0.049037,selic,2025,2,1,Feb/2025,0.048097266666666666,0.0,
2025-03-05,0.049037,selic,2025,3,1,Mar/2025,0.048214733333333336,0.0,
2025-03-06,0.049037,selic,2025,3,1,Mar/2025,0.048332200000000006,0.0,
2025-03-07,0.049037,selic,2025,3,1,Mar/2025,0.04844966666666666,0.0,
2025-03-10,0.049037,selic,2025,3,1,Mar/2025,0.04856713333333333,0.0,
2025-03-11,0.049037,selic,2025,3,1,Mar/2025,0.0486846,0.0,
2025-03-12,0.049037,selic,2025,3,1,Mar/2025,0.048802066666666664,0.0,
2025-03-13,0.049037,selic,2025,3,1,Mar/2025,0.048919533333333334,0.0,
2025-03-14,0.049037,selic,2025,3,1,Mar/2025,0.049037,0.0,
2025-03-17,0.049037,selic,2025,3,1,Mar/2025,0.049037,0.0,
2025-03-18,0.049037,selic,2025,3,1,Mar/2025,0.049037,0.0,
2025-03-19,0.049037,selic,2025,3,1,Mar/2025,0.049037,0.0,
2025-03-20,0.052531,selic,2025,3,1,Mar/2025,0.04915346666666666,7.125231967697876,
2025-03-21,0.052531,selic,2025,3,1,Mar/2025,0.04926993333333333,0.0,
2025-03-24,0.052531,selic,2025,3,1,Mar/2025,0.04938639999999999,0.0,
2025-03-25,0.052531,selic,2025,3,1,Mar/2025,0.049502866666666666,0.0,
2025-03-26,0.052531,selic,2025,3,1,Mar/2025,0.04961933333333333,0.0,
2025-03-27,0.052531,selic,2025,3,1,Mar/2025,0.0497358,0.0,
2025-03-28,0.052531,selic,2025,3,1,Mar/2025,0.04985226666666666,0.0,
2025-03-31,0.052531,selic,2025,3,1,Mar/2025,0.04996873333333333,0.0,
2025-04-01,0.052531,selic,2025,4,2,Apr/2025,0.05008519999999999,0.0,
2025-04-02,0.052531,selic,2025,4,2,Apr/2025,0.050201666666666665,0.0,
2025-04-03,0.052531,selic,2025,4,2,Apr/2025,0.05031813333333333,0.0,
2025-04-04,0.052531,selic,2025,4,2,Apr/2025,0.050434599999999996,0.0,
2025-04-07,0.052531,selic,2025,4,2,Apr/2025,0.05055106666666666,0.0,
2025-04-08,0.052531,selic,2025,4,2,Apr/2025,0.05066753333333333,0.0,
2025-04-09,0.052531,selic,2025,4,2,Apr/2025,0.050784,0.0,
2025-04-10,0.052531,selic,2025,4,2,Apr/2025,0.050900466666666665,0.0,
2025-04-11,0.052531,selic,2025,4,2,Apr/2025,0.051016933333333334,0.0,
2025-04-14,0.052531,selic,2025,4,2,Apr/2025,0.051133399999999996,0.0,
2025-04-15,0.052531,selic,2025,4,2,Apr/2025,0.051249866666666664,0.0,
2025-04-16,0.052531,selic,2025,4,2,Apr/2025,0.051366333333333326,0.0,
2025-04-17,0.052531,selic,2025,4,2,Apr/2025,0.0514828,0.0,
2025-04-22,0.052531,selic,2025,4,2,Apr/2025,0.051599266666666664,0.0,
2025-04-23,0.052531,selic,2025,4,2,Apr/2025,0.05171573333333333,0.0,
2025-04-24,0.052531,selic,2025,4,2,Apr/2025,0.051832199999999995,0.0,
2025-04-25,0.052531,selic,2025,4,2,Apr/2025,0.051948666666666664,0.0,
2025-04-28,0.052531,selic,2025,4,2,Apr/2025,0.052065133333333326,0.0,
2025-04-29,0.052531,selic,2025,4,2,Apr/2025,0.0521816,0.0,
2025-04-30,0.052531,selic,2025,4,2,Apr/2025,0.052298066666666664,0.0,
2025-05-02,0.052531,selic,2025,5,2,May/2025,0.05241453333333333,0.0,
2025-05-05,0.052531,selic,2025,5,2,May/2025,0.052531,0.0,
2025-05-06,0.052531,selic,2025,5,2,May/2025,0.052531,0.0,
2025-05-07,0.052531,selic,2025,5,2,May/2025,0.052531,0.0,
2025-05-08,0.054266,selic,2025,5,2,May/2025,0.052588833333333335,3.3028116731073087,
2025-05-09,0.054266,selic,2025,5,2,May/2025,0.05264666666666666,0.0,
2025-05-12,0.054266,selic,2025,5,2,May/2025,0.05270450000000001,0.0,
2025-05-13,0.054266,selic,2025,5,2,May/2025,0.052762333333333335,0.0,
2025-05-14,0.054266,selic,2025,5,2,May/2025,0.05282016666666667,0.0,
2025-05-15,0.054266,selic,2025,5,2,May/2025,0.052878,0.0,
2025-05-16,0.054266,selic,2025,5,2,May/2025,0.052935833333333335,0.0,
2025-05-19,0.054266,selic,2025,5,2,May/2025,0.05299366666666667,0.0,
2025-05-20,0.054266,selic,2025,5,2,May/2025,0.05305150000000001,0.0,
2025-05-21,0.054266,selic,2025,5,2,May/2025,0.053109333333333335,0.0,
2025-05-22,0.054266,selic,2025,5,2,May/2025,0.05316716666666667,0.0,
2025-05-23,0.054266,selic,2025,5,2,May/2025,0.053225,0.0,
2025-05-26,0.054266,selic,2025,5,2,May/2025,0.05328283333333333,0.0,
2025-05-27,0.054266,selic,2025,5,2,May/2025,0.05334066666666667,0.0,
2025-05-28,0.054266,selic,2025,5,2,May/2025,0.0533985,0.0,
2025-05-29,0.054266,selic,2025,5,2,May/2025,0.053456333333333335,0.0,
2025-05-30,0.054266,selic,2025,5,2,May/2025,0.05351416666666666,0.0,
2025-06-02,0.054266,selic,2025,6,2,Jun/2025,0.053572,0.0,
2025-06-03,0.054266,selic,2025,6,2,Jun/2025,0.053629833333333335,0.0,
2025-06-04,0.054266,selic,2025,6,2,Jun/2025,0.05368766666666667,0.0,
2025-06-05,0.054266,selic,2025,6,2,Jun/2025,0.0537455,0.0,
2025-06-06,0.054266,selic,2025,6,2,Jun/2025,0.053803333333333335,0.0,
2025-06-09,0.054266,selic,2025,6,2,Jun/2025,0.05386116666666666,0.0,
2025-06-10,0.054266,selic,2025,6,2,Jun/2025,0.05391900000000001,0.0,
2025-06-11,0.054266,selic,2025,6,2,Jun/2025,0.053976833333333335,0.0,
2025-06-12,0.054266,selic,2025,6,2,Jun/2025,0.054034666666666675,0.0,
2025-06-13,0.054266,selic,2025,6,2,Jun/2025,0.0540925,0.0,
2025-06-16,0.054266,selic,2025,6,2,Jun/2025,0.054150333333333335,0.0,
2025-06-17,0.054266,selic,2025,6,2,Jun/2025,0.054208166666666675,0.0,
2025-06-18,0.054266,selic,2025,6,2,Jun/2025,0.054266,0.0,
2025-06-20,0.055131,selic,2025,6,2,Jun/2025,0.054294833333333334,1.5939999262890137,
2025-06-23,0.055131,selic,2025,6,2,Jun/2025,0.05432366666666667,0.0,
2025-06-24,0.055131,selic,2025,6,2,Jun/2025,0.0543525,0.0,
2025-06-25,0.055131,selic,2025,6,2,Jun/2025,0.05438133333333333,0.0,
2025-06-26,0.055131,selic,2025,6,2,Jun/2025,0.05441016666666667,0.0,
2025-06-27,0.055131,selic,2025,6,2,Jun/2025,0.054439,0.0,
2025-06-30,0.055131,selic,2025,6,2,Jun/2025,0.05446783333333334,0.0,
2025-07-01,0.055131,selic,2025,7,3,Jul/2025,0.054496666666666665,0.0,
2025-07-02,0.055131,selic,2025,7,3,Jul/2025,0.0545255,0.0,
2025-07-03,0.055131,selic,2025,7,3,Jul/2025,0.05455433333333334,0.0,
2025-07-04,0.055131,selic,2025,7,3,Jul/2025,0.05458316666666667,0.0,
2025-07-07,0.055131,selic,2025,7,3,Jul/2025,0.054612,0.0,
2025-07-08,0.055131,selic,2025,7,3,Jul/2025,0.05464083333333333,0.0,
2025-07-09,0.055131,selic,2025,7,3,Jul/2025,0.054669666666666665,0.0,
2025-07-10,0.055131,selic,2025,7,3,Jul/2025,0.0546985,0.0,
2025-07-11,0.055131,selic,2025,7,3,Jul/2025,0.054727333333333336,0.0,
2025-07-14,0.055131,selic,2025,7,3,Jul/2025,0.054756166666666675,0.0,
2025-07-15,0.055131,selic,2025,7,3,Jul/2025,0.05478499999999999,0.0,
2025-07-16,0.055131,selic,2025,7,3,Jul/2025,0.05481383333333333,0.0,
2025-07-17,0.055131,selic,2025,7,3,Jul/2025,0.05484266666666667,0.0,
2025-07-18,0.055131,selic,2025,7,3,Jul/2025,0.0548715,0.0,
2025-07-21,0.055131,selic,2025,7,3,Jul/2025,0.054900333333333336,0.0,
2025-07-22,0.055131,selic,2025,7,3,Jul/2025,0.054929166666666675,0.0,
2025-07-23,0.055131,selic,2025,7,3,Jul/2025,0.05495799999999999,0.0,
2025-07-24,0.055131,selic,2025,7,3,Jul/2025,0.05498683333333333,0.0,
2025-07-25,0.055131,selic,2025,7,3,Jul/2025,0.05501566666666667,0.0,
2025-07-28,0.055131,selic,2025,7,3,Jul/2025,0.0550445,0.0,
2025-07-29,0.055131,selic,2025,7,3,Jul/2025,0.055073333333333335,0.0,
2025-07-30,0.055131,selic,2025,7,3,Jul/2025,0.05510216666666666,0.0,
2025-07-31,0.055131,selic,2025,7,3,Jul/2025,0.055131,0.0,
2025-08-01,0.055131,selic,2025,8,3,Aug/2025,0.055131,0.0,
2025-08-04,0.055131,selic,2025,8,3,Aug/2025,0.055131,0.0,
2025-08-05,0.055131,selic,2025,8,3,Aug/2025,0.055131,0.0,
2025-08-06,0.055131,selic,2025,8,3,Aug/2025,0.055131,0.0,
2025-08-07,0.055131,selic,2025,8,3,Aug/2025,0.055131,0.0,
2025-08-08,0.055131,selic,2025,8,3,Aug/2025,0.055131,0.0,
2025-08-11,0.055131,selic,2025,8,3,Aug/2025,0.055131,0.0,
2025-08-12,0.055131,selic,2025,8,3,Aug/2025,0.055131,0.0,
2025-08-13,0.055131,selic,2025,8,3,Aug/2025,0.055131,0.0,
2025-08-14,0.055131,selic,2025,8,3,Aug/2025,0.055131,0.0,
2025-08-15,0.055131,selic,2025,8,3,Aug/2025,0.055131,0.0,
2025-08-18,0.055131,selic,2025,8,3,Aug/2025,0.055131,0.0,
2025-08-19,0.055131,selic,2025,8,3,Aug/2025,0.055131,0.0,
2025-08-20,0.055131,selic,2025,8,3,Aug/2025,0.055131,0.0,
2025-08-21,0.055131,selic,2025,8,3,Aug/2025,0.055131,0.0,
2025-08-22,0.055131,selic,2025,8,3,Aug/2025,0.055131,0.0,
2025-08-25,0.055131,selic,2025,8,3,Aug/2025,0.055131,0.0,
2025-08-26,0.055131,selic,2025,8,3,Aug/2025,0.055131,0.0,
2025-08-27,0.055131,selic,2025,8,3,Aug/2025,0.055131,0.0,
2025-08-28,0.055131,selic,2025,8,3,Aug/2025,0.055131,0.0,
2025-08-29,0.055131,selic,2025,8,3,Aug/2025,0.055131,0.0,
2025-09-01,0.055131,selic,2025,9,3,Sep/2025,0.055131,0.0,
2025-09-02,0.055131,selic,2025,9,3,Sep/2025,0.055131,0.0,
2025-09-03,0.055131,selic,2025,9,3,Sep/2025,0.055131,0.0,
2025-09-04,0.055131,selic,2025,9,3,Sep/2025,0.055131,0.0,
2025-09-05,0.055131,selic,2025,9,3,Sep/2025,0.055131,0.0,
2025-09-08,0.055131,selic,2025,9,3,Sep/2025,0.055131,0.0,
2025-09-09,0.055131,selic,2025,9,3,Sep/2025,0.055131,0.0,
2025-09-10,0.055131,selic,2025,9,3,Sep/2025,0.055131,0.0,
2025-09-11,0.055131,selic,2025,9,3,Sep/2025,0.055131,0.0,
2025-09-12,0.055131,selic,2025,9,3,Sep/2025,0.055131,0.0,
2025-09-15,0.055131,selic,2025,9,3,Sep/2025,0.055131,0.0,
2025-09-16,0.055131,selic,2025,9,3,Sep/2025,0.055131,0.0,
2025-09-17,0.055131,selic,2025,9,3,Sep/2025,0.055131,0.0,
2025-09-18,0.055131,selic,2025,9,3,Sep/2025,0.055131,0.0,
2025-09-19,0.055131,selic,2025,9,3,Sep/2025,0.055131,0.0,
2025-09-22,0.055131,selic,2025,9,3,Sep/2025,0.055131,0.0,
2025-09-23,0.055131,selic,2025,9,3,Sep/2025,0.055131,0.0,
2025-09-24,0.055131,selic,2025,9,3,Sep/2025,0.055131,0.0,
2025-09-25,0.055131,selic,2025,9,3,Sep/2025,0.055131,0.0,
2025-09-26,0.055131,selic,2025,9,3,Sep/2025,0.055131,0.0,
2025-09-29,0.055131,selic,2025,9,3,Sep/2025,0.055131,0.0,
2025-09-30,0.055131,selic,2025,9,3,Sep/2025,0.055131,0.0,
2025-10-01,0.055131,selic,2025,10,4,Oct/2025,0.055131,0.0,
2025-10-02,0.055131,selic,2025,10,4,Oct/2025,0.055131,0.0,
2025-10-03,0.055131,selic,2025,10,4,Oct/2025,0.055131,0.0,
2025-10-06,0.055131,selic,2025,10,4,Oct/2025,0.055131,0.0,
2025-10-07,0.055131,selic,2025,10,4,Oct/2025,0.055131,0.0,
2025-10-08,0.055131,selic,2025,10,4,Oct/2025,0.055131,0.0,
2025-10-09,0.055131,selic,2025,10,4,Oct/2025,0.055131,0.0,
2025-10-10,0.055131,selic,2025,10,4,Oct/2025,0.055131,0.0,
2025-10-13,0.055131,selic,2025,10,4,Oct/2025,0.055131,0.0,
2025-10-14,0.055131,selic,2025,10,4,Oct/2025,0.055131,0.0,
2025-10-15,0.055131,selic,2025,10,4,Oct/2025,0.055131,0.0,
2025-10-16,0.055131,selic,2025,10,4,Oct/2025,0.055131,0.0,
2025-10-17,0.055131,selic,2025,10,4,Oct/2025,0.055131,0.0,
2025-10-20,0.055131,selic,2025,10,4,Oct/2025,0.055131,0.0,
2025-10-21,0.055131,selic,2025,10,4,Oct/2025,0.055131,0.0,
2025-10-22,0.055131,selic,2025,10,4,Oct/2025,0.055131,0.0,
2025-10-23,0.055131,selic,2025,10,4,Oct/2025,0.055131,0.0,
2025-10-24,0.055131,selic,2025,10,4,Oct/2025,0.055131,0.0,
2025-10-27,0.055131,selic,2025,10,4,Oct/2025,0.055131,0.0,
2025-10-28,0.055131,selic,2025,10,4,Oct/2025,0.055131,0.0,
2025-10-29,0.055131,selic,2025,10,4,Oct/2025,0.055131,0.0,
2025-10-30,0.055131,selic,2025,10,4,Oct/2025,0.055131,0.0,
2025-10-31,0.055131,selic,2025,10,4,Oct/2025,0.055131,0.0,
2025-11-03,0.055131,selic,2025,11,4,Nov/2025,0.055131,0.0,
2025-11-04,0.055131,selic,2025,11,4,Nov/2025,0.055131,0.0,
2025-11-05,0.055131,selic,2025,11,4,Nov/2025,0.055131,0.0,
2025-11-06,0.055131,selic,2025,11,4,Nov/2025,0.055131,0.0,
2025-11-07,0.055131,selic,2025,11,4,Nov/2025,0.055131,0.0,
2025-11-10,0.055131,selic,2025,11,4,Nov/2025,0.055131,0.0,
2025-11-11,0.055131,selic,2025,11,4,Nov/2025,0.055131,0.0,
2025-11-12,0.055131,selic,2025,11,4,Nov/2025,0.055131,0.0,
2025-11-13,0.055131,selic,2025,11,4,Nov/2025,0.055131,0.0,
2025-11-14,0.055131,selic,2025,11,4,Nov/2025,0.055131,0.0,
2025-11-17,0.055131,selic,2025,11,4,Nov/2025,0.055131,0.0,
2025-11-18,0.055131,selic,2025,11,4,Nov/2025,0.055131,0.0,
2025-11-19,0.055131,selic,2025,11,4,Nov/2025,0.055131,0.0,
2025-11-21,0.055131,selic,2025,11,4,Nov/2025,0.055131,0.0,
2025-11-24,0.055131,selic,2025,11,4,Nov/2025,0.055131,0.0,
2025-11-25,0.055131,selic,2025,11,4,Nov/2025,0.055131,0.0,
2025-11-26,0.055131,selic,2025,11,4,Nov/2025,0.055131,0.0,
2025-11-27,0.055131,selic,2025,11,4,Nov/2025,0.055131,0.0,
2025-11-28,0.055131,selic,2025,11,4,Nov/2025,0.055131,0.0,
2025-12-01,0.055131,selic,2025,12,4,Dec/2025,0.055131,0.0,
2025-12-02,0.055131,selic,2025,12,4,Dec/2025,0.055131,0.0,
2025-12-03,0.055131,selic,2025,12,4,Dec/2025,0.055131,0.0,
2025-12-04,0.055131,selic,2025,12,4,Dec/2025,0.055131,0.0,
2025-12-05,0.055131,selic,2025,12,4,Dec/2025,0.055131,0.0,
2025-12-08,0.055131,selic,2025,12,4,Dec/2025,0.055131,0.0,
2025-12-09,0.055131,selic,2025,12,4,Dec/2025,0.055131,0.0,
2025-12-10,0.055131,selic,2025,12,4,Dec/2025,0.055131,0.0,
2025-12-11,0.055131,selic,2025,12,4,Dec/2025,0.055131,0.0,
2025-12-12,0.055131,selic,2025,12,4,Dec/2025,0.055131,0.0,
2025-12-15,0.055131,selic,2025,12,4,Dec/2025,0.055131,0.0,
2025-12-16,0.055131,selic,2025,12,4,Dec/2025,0.055131,0.0,
2025-12-17,0.055131,selic,2025,12,4,Dec/2025,0.055131,0.0,
2025-12-18,0.055131,selic,2025,12,4,Dec/2025,0.055131,0.0,
2025-12-19,0.055131,selic,2025,12,4,Dec/2025,0.055131,0.0,
2025-12-22,0.055131,selic,2025,12,4,Dec/2025,0.055131,0.0,
2025-12-23,0.055131,selic,2025,12,4,Dec/2025,0.055131,0.0,
2025-12-24,0.055131,selic,2025,12,4,Dec/2025,0.055131,0.0,
2025-12-26,0.055131,selic,2025,12,4,Dec/2025,0.055131,0.0,
2025-12-29,0.055131,selic,2025,12,4,Dec/2025,0.055131,0.0,
2025-12-30,0.055131,selic,2025,12,4,Dec/2025,0.055131,0.0,
2025-12-31,0.055131,selic,2025,12,4,Dec/2025,0.055131,0.0,
2026-01-02,0.055131,selic,2026,1,1,Jan/2026,0.055131,0.0,
2026-01-05,0.055131,selic,2026,1,1,Jan/2026,0.055131,0.0,
2026-01-06,0.055131,selic,2026,1,1,Jan/2026,0.055131,0.0,
2026-01-07,0.055131,selic,2026,1,1,Jan/2026,0.055131,0.0,
2026-01-08,0.055131,selic,2026,1,1,Jan/2026,0.055131,0.0,
2026-01-09,0.055131,selic,2026,1,1,Jan/2026,0.055131,0.0,
2026-01-12,0.055131,selic,2026,1,1,Jan/2026,0.055131,0.0,
2026-01-13,0.055131,selic,2026,1,1,Jan/2026,0.055131,0.0,
2026-01-14,0.055131,selic,2026,1,1,Jan/2026,0.055131,0.0,
2026-01-15,0.055131,selic,2026,1,1,Jan/2026,0.055131,0.0,
2026-01-16,0.055131,selic,2026,1,1,Jan/2026,0.055131,0.0,
2026-01-19,0.055131,selic,2026,1,1,Jan/2026,0.055131,0.0,
2026-01-20,0.055131,selic,2026,1,1,Jan/2026,0.055131,0.0,
2026-01-21,0.055131,selic,2026,1,1,Jan/2026,0.055131,0.0,
2026-01-22,0.055131,selic,2026,1,1,Jan/2026,0.055131,0.0,
2026-01-23,0.055131,selic,2026,1,1,Jan/2026,0.055131,0.0,
2026-01-26,0.055131,selic,2026,1,1,Jan/2026,0.055131,0.0,
2026-01-27,0.055131,selic,2026,1,1,Jan/2026,0.055131,0.0,
2026-01-28,0.055131,selic,2026,1,1,Jan/2026,0.055131,0.0,
2026-01-29,0.055131,selic,2026,1,1,Jan/2026,0.055131,0.0,
2026-01-30,0.055131,selic,2026,1,1,Jan/2026,0.055131,0.0,
2026-02-02,0.055131,selic,2026,2,1,Feb/2026,0.055131,0.0,
2026-02-03,0.055131,selic,2026,2,1,Feb/2026,0.055131,0.0,
2026-02-04,0.055131,selic,2026,2,1,Feb/2026,0.055131,0.0,
2026-02-05,0.055131,selic,2026,2,1,Feb/2026,0.055131,0.0,
2026-02-06,0.055131,selic,2026,2,1,Feb/2026,0.055131,0.0,
2026-02-09,0.055131,selic,2026,2,1,Feb/2026,0.055131,0.0,
2026-02-10,0.055131,selic,2026,2,1,Feb/2026,0.055131,0.0,
2026-02-11,0.055131,selic,2026,2,1,Feb/2026,0.055131,0.0,
2026-02-12,0.055131,selic,2026,2,1,Feb/2026,0.055131,0.0,
2026-02-13,0.055131,selic,2026,2,1,Feb/2026,0.055131,0.0,
2026-02-18,0.055131,selic,2026,2,1,Feb/2026,0.055131,0.0,
2026-02-19,0.055131,selic,2026,2,1,Feb/2026,0.055131,0.0,
2026-02-20,0.055131,selic,2026,2,1,Feb/2026,0.055131,0.0,
2026-02-23,0.055131,selic,2026,2,1,Feb/2026,0.055131,0.0,
2026-02-24,0.055131,selic,2026,2,1,Feb/2026,0.055131,0.0,
2026-02-25,0.055131,selic,2026,2,1,Feb/2026,0.055131,0.0,
2026-02-26,0.055131,selic,2026,2,1,Feb/2026,0.055131,0.0,
2026-02-27,0.055131,selic,2026,2,1,Feb/2026,0.055131,0.0,
2026-03-02,0.055131,selic,2026,3,1,Mar/2026,0.055131,0.0,
2026-03-03,0.055131,selic,2026,3,1,Mar/2026,0.055131,0.0,
2026-03-04,0.055131,selic,2026,3,1,Mar/2026,0.055131,0.0,
2026-03-05,0.055131,selic,2026,3,1,Mar/2026,0.055131,0.0,
2026-03-06,0.055131,selic,2026,3,1,Mar/2026,0.055131,0.0,
2026-03-09,0.055131,selic,2026,3,1,Mar/2026,0.055131,0.0,
2026-03-10,0.055131,selic,2026,3,1,Mar/2026,0.055131,0.0,
2026-03-11,0.055131,selic,2026,3,1,Mar/2026,0.055131,0.0,
2026-03-12,0.055131,selic,2026,3,1,Mar/2026,0.055131,0.0,
2026-03-13,0.055131,selic,2026,3,1,Mar/2026,0.055131,0.0,
2026-03-16,0.055131,selic,2026,3,1,Mar/2026,0.055131,0.0,
2026-03-17,0.055131,selic,2026,3,1,Mar/2026,0.055131,0.0,
2026-03-18,0.055131,selic,2026,3,1,Mar/2026,0.055131,0.0,
2026-03-19,0.054266,selic,2026,3,1,Mar/2026,0.05510216666666667,-1.5689902232863484,
2026-03-20,0.054266,selic,2026,3,1,Mar/2026,0.05507333333333333,0.0,
2026-03-23,0.054266,selic,2026,3,1,Mar/2026,0.05504449999999999,0.0,
2026-03-24,0.054266,selic,2026,3,1,Mar/2026,0.05501566666666667,0.0,
2026-03-25,0.054266,selic,2026,3,1,Mar/2026,0.05498683333333333,0.0,
2026-03-26,0.054266,selic,2026,3,1,Mar/2026,0.054958,0.0,
2026-03-27,0.054266,selic,2026,3,1,Mar/2026,0.05492916666666667,0.0,
2026-03-30,0.054266,selic,2026,3,1,Mar/2026,0.05490033333333333,0.0,
2026-03-31,0.054266,selic,2026,3,1,Mar/2026,0.054871500000000004,0.0,
2026-04-01,0.054266,selic,2026,4,2,Apr/2026,0.05484266666666667,0.0,
2026-04-02,0.054266,selic,2026,4,2,Apr/2026,0.05481383333333333,0.0,
2026-04-06,0.054266,selic,2026,4,2,Apr/2026,0.054785,0.0,
2026-04-07,0.054266,selic,2026,4,2,Apr/2026,0.05475616666666667,0.0,
2026-04-08,0.054266,selic,2026,4,2,Apr/2026,0.054727333333333336,0.0,
2026-04-09,0.054266,selic,2026,4,2,Apr/2026,0.054698500000000004,0.0,
2026-04-10,0.054266,selic,2026,4,2,Apr/2026,0.054669666666666665,0.0,
2026-04-13,0.054266,selic,2026,4,2,Apr/2026,0.05464083333333333,0.0,
2026-04-14,0.054266,selic,2026,4,2,Apr/2026,0.054612,0.0,
2026-04-15,0.054266,selic,2026,4,2,Apr/2026,0.05458316666666667,0.0,
2026-04-16,0.054266,selic,2026,4,2,Apr/2026,0.05455433333333334,0.0,
2026-04-17,0.054266,selic,2026,4,2,Apr/2026,0.054525500000000005,0.0,
2026-04-20,0.054266,selic,2026,4,2,Apr/2026,0.054496666666666665,0.0,
2026-04-22,0.054266,selic,2026,4,2,Apr/2026,0.05446783333333333,0.0,
2026-04-23,0.054266,selic,2026,4,2,Apr/2026,0.054439,0.0,
2026-04-24,0.054266,selic,2026,4,2,Apr/2026,0.05441016666666667,0.0,
2026-04-27,0.054266,selic,2026,4,2,Apr/2026,0.05438133333333333,0.0,
2026-04-28,0.054266,selic,2026,4,2,Apr/2026,0.054352500000000005,0.0,
2026-04-29,0.054266,selic,2026,4,2,Apr/2026,0.054323666666666666,0.0,
2026-04-30,0.0534,selic,2026,4,2,Apr/2026,0.05426596666666667,-1.595842700770278,
2026-05-04,0.0534,selic,2026,5,2,May/2026,0.05420826666666667,0.0,
2026-05-05,0.0534,selic,2026,5,2,May/2026,0.0541794,0.0,
2026-05-06,0.0534,selic,2026,5,2,May/2026,0.054150533333333334,0.0,
2026-05-07,0.0534,selic,2026,5,2,May/2026,0.05412166666666667,0.0,
2026-05-08,0.0534,selic,2026,5,2,May/2026,0.0540928,0.0,
2026-05-11,0.0534,selic,2026,5,2,May/2026,0.05406393333333334,0.0,
2026-05-12,0.0534,selic,2026,5,2,May/2026,0.05403506666666667,0.0,
2026-05-13,0.0534,selic,2026,5,2,May/2026,0.054006200000000004,0.0,
2026-05-14,0.0534,selic,2026,5,2,May/2026,0.053977333333333335,0.0,
2026-05-15,0.0534,selic,2026,5,2,May/2026,0.05394846666666667,0.0,
2026-05-18,0.0534,selic,2026,5,2,May/2026,0.0539196,0.0,
2026-05-19,0.0534,selic,2026,5,2,May/2026,0.05389073333333334,0.0,
2026-05-20,0.0534,selic,2026,5,2,May/2026,0.05386186666666667,0.0,
2026-05-21,0.0534,selic,2026,5,2,May/2026,0.053833000000000006,0.0,
2026-05-22,0.0534,selic,2026,5,2,May/2026,0.05380413333333334,0.0,
2026-05-25,0.0534,selic,2026,5,2,May/2026,0.05377526666666667,0.0,
2026-05-26,0.0534,selic,2026,5,2,May/2026,0.0537464,0.0,
2026-05-27,0.0534,selic,2026,5,2,May/2026,0.05371753333333334,0.0,
2026-05-28,0.0534,selic,2026,5,2,May/2026,0.05368866666666667,0.0,
2026-05-29,0.0534,selic,2026,5,2,May/2026,0.05365980000000001,0.0,
2026-06-01,0.0534,selic,2026,6,2,Jun/2026,0.05363093333333334,0.0,
2026-06-02,0.0534,selic,2026,6,2,Jun/2026,0.05360206666666667,0.0,
2026-06-03,0.0534,selic,2026,6,2,Jun/2026,0.0535732,0.0,
2026-06-05,0.0534,selic,2026,6,2,Jun/2026,0.05354433333333334,0.0,
2026-06-08,0.0534,selic,2026,6,2,Jun/2026,0.053515466666666664,0.0,
2026-06-09,0.0534,selic,2026,6,2,Jun/2026,0.05348660000000001,0.0,
2026-06-10,0.0534,selic,2026,6,2,Jun/2026,0.05345773333333334,0.0,
2026-06-11,0.0534,selic,2026,6,2,Jun/2026,0.05342886666666667,0.0,
2026-06-12,0.0534,selic,2026,6,2,Jun/2026,0.0534,0.0,
2026-06-15,0.0534,selic,2026,6,2,Jun/2026,0.0534,0.0,
2026-06-16,0.0534,selic,2026,6,2,Jun/2026,0.0534,0.0,
2026-06-17,0.0534,selic,2026,6,2,Jun/2026,0.0534,0.0,
2026-06-18,0.052531,selic,2026,6,2,Jun/2026,0.05337103333333334,-1.627340823970036,
2026-06-19,0.052531,selic,2026,6,2,Jun/2026,0.05334206666666667,0.0,
2026-06-22,0.052531,selic,2026,6,2,Jun/2026,0.0533131,0.0,
2026-06-23,0.052531,selic,2026,6,2,Jun/2026,0.05328413333333334,0.0,
2026-06-24,0.052531,selic,2026,6,2,Jun/2026,0.053255166666666666,0.0,
2026-06-25,0.052531,selic,2026,6,2,Jun/2026,0.0532262,0.0,
2026-06-26,0.052531,selic,2026,6,2,Jun/2026,0.05319723333333334,0.0,
2026-06-29,0.052531,selic,2026,6,2,Jun/2026,0.053168266666666665,0.0,
2026-06-30,0.052531,selic,2026,6,2,Jun/2026,0.0531393,0.0,
2026-07-01,0.052531,selic,2026,7,3,Jul/2026,0.053110333333333336,0.0,
2026-07-02,0.052531,selic,2026,7,3,Jul/2026,0.053081366666666664,0.0,
2026-07-03,0.052531,selic,2026,7,3,Jul/2026,0.0530524,0.0,
2026-07-06,0.052531,selic,2026,7,3,Jul/2026,0.053023433333333335,0.0,
2026-07-07,0.052531,selic,2026,7,3,Jul/2026,0.05299446666666666,0.0,
2026-07-08,0.052531,selic,2026,7,3,Jul/2026,0.052965500000000006,0.0,
2026-07-09,0.052531,selic,2026,7,3,Jul/2026,0.052936533333333334,0.0,
2026-07-10,0.052531,selic,2026,7,3,Jul/2026,0.05290756666666667,0.0,
2026-07-13,0.052531,selic,2026,7,3,Jul/2026,0.0528786,0.0,
2026-07-14,0.052531,selic,2026,7,3,Jul/2026,0.05284963333333334,0.0,
2026-07-15,0.052531,selic,2026,7,3,Jul/2026,0.05282066666666666,0.0,
2026-07-16,0.052531,selic,2026,7,3,Jul/2026,0.052791700000000004,0.0,
2026-07-17,0.052531,selic,2026,7,3,Jul/2026,0.05276273333333333,0.0,
2026-07-20,0.052531,selic,2026,7,3,Jul/2026,0.05273376666666667,0.0,
2026-07-21,0.052531,selic,2026,7,3,Jul/2026,0.052704799999999996,0.0,
2026-07-22,0.052531,selic,2026,7,3,Jul/2026,0.05267583333333334,0.0,
2026-07-23,0.052531,selic,2026,7,3,Jul/2026,0.05264686666666666,0.0,
2026-07-24,0.052531,selic,2026,7,3,Jul/2026,0.0526179,0.0,
2026-07-27,0.052531,selic,2026,7,3,Jul/2026,0.05258893333333333,0.0,
2026-07-28,0.052531,selic,2026,7,3,Jul/2026,0.052559966666666666,0.0,
2026-07-29,0.052531,selic,2026,7,3,Jul/2026,0.052531,0.0,
2026-07-30,0.052531,selic,2026,7,3,Jul/2026,0.052531,0.0,
2026-07-31,0.052531,selic,2026,7,3,Jul/2026,0.052531,0.0,
2026-08-03,0.052531,selic,2026,8,3,Aug/2026,0.052531,0.0,
2026-08-04,0.052531,selic,2026,8,3,Aug/2026,0.052531,0.0,
2026-08-05,0.052531,selic,2026,8,3,Aug/2026,0.052531,0.0,
2026-08-06,0.05166,selic,2026,8,3,Aug/2026,0.05250196666666666,-1.6580685690354313,
2026-08-07,0.05166,selic,2026,8,3,Aug/2026,0.05247293333333334,0.0,
2026-08-10,0.05166,selic,2026,8,3,Aug/2026,0.0524439,0.0,
2026-08-11,0.05166,selic,2026,8,3,Aug/2026,0.052414866666666664,0.0,
2026-08-12,0.05166,selic,2026,8,3,Aug/2026,0.05238583333333333,0.0,
2026-08-13,0.05166,selic,2026,8,3,Aug/2026,0.0523568,0.0,
2026-08-14,0.05166,selic,2026,8,3,Aug/2026,0.05232776666666667,0.0,
2026-08-17,0.05166,selic,2026,8,3,Aug/2026,0.05229873333333334,0.0,
2026-08-18,0.05166,selic,2026,8,3,Aug/2026,0.052269699999999995,0.0,
2026-08-19,0.05166,selic,2026,8,3,Aug/2026,0.052240666666666664,0.0,
2026-08-20,0.05166,selic,2026,8,3,Aug/2026,0.052211633333333334,0.0,
2026-08-21,0.05166,selic,2026,8,3,Aug/2026,0.052182599999999996,0.0,
2026-08-24,0.05166,selic,2026,8,3,Aug/2026,0.05215356666666667,0.0,
2026-08-25,0.05166,selic,2026,8,3,Aug/2026,0.052124533333333334,0.0,
2026-08-26,0.05166,selic,2026,8,3,Aug/2026,0.052095499999999996,0.0,
2026-08-27,0.05166,selic,2026,8,3,Aug/2026,0.052066466666666665,0.0,
2026-08-28,0.05166,selic,2026,8,3,Aug/2026,0.052037433333333334,0.0,
2026-08-31,0.05166,selic,2026,8,3,Aug/2026,0.052008399999999996,0.0,
2026-09-01,0.05166,selic,2026,9,3,Sep/2026,0.05197936666666667,0.0,
2026-09-02,0.05166,selic,2026,9,3,Sep/2026,0.05195033333333333,0.0,
2026-09-03,0.05166,selic,2026,9,3,Sep/2026,0.0519213,0.0,
2026-09-04,0.05166,selic,2026,9,3,Sep/2026,0.051892266666666666,0.0,
2026-09-08,0.05166,selic,2026,9,3,Sep/2026,0.051863233333333335,0.0,
2026-09-09,0.05166,selic,2026,9,3,Sep/2026,0.051834200000000004,0.0,
2026-09-10,0.05166,selic,2026,9,3,Sep/2026,0.051805166666666666,0.0,
2026-09-11,0.05166,selic,2026,9,3,Sep/2026,0.05177613333333333,0.0,
2026-09-14,0.05166,selic,2026,9,3,Sep/2026,0.0517471,0.0,
2026-09-15,0.05166,selic,2026,9,3,Sep/2026,0.051718066666666666,0.0,
2026-09-16,0.05166,selic,2026,9,3,Sep/2026,0.05168903333333333,0.0,
2026-09-17,0.050788,selic,2026,9,3,Sep/2026,0.05163093333333333,-1.6879597367402188,
2026-09-18,0.050788,selic,2026,9,3,Sep/2026,0.05160186666666666,0.0,
2026-09-21,0.050788,selic,2026,9,3,Sep/2026,0.051572799999999995,0.0,
2026-09-22,0.050788,selic,2026,9,3,Sep/2026,0.05154373333333333,0.0,
2026-09-23,0.050788,selic,2026,9,3,Sep/2026,0.05151466666666667,0.0,
