data,valor,indicador,ano,mes,trimestre,nome_mes,media_movel_30d,variacao_pct,nivel_selic
2020-01-02,4.021300,cambio_dolar,2020,1,1,Jan/2020,4.021300,,
2020-01-03,4.052200,cambio_dolar,2020,1,1,Jan/2020,4.036750,0.768408,
2020-01-06,4.055400,cambio_dolar,2020,1,1,Jan/2020,4.042967,0.078969,
2020-01-07,4.084100,cambio_dolar,2020,1,1,Jan/2020,4.053250,0.707698,
2020-01-08,4.067200,cambio_dolar,2020,1,1,Jan/2020,4.056040,-0.413800,
2020-01-09,4.074400,cambio_dolar,2020,1,1,Jan/2020,4.059100,0.177026,
2020-01-10,4.074500,cambio_dolar,2020,1,1,Jan/2020,4.061300,0.002454,
2020-01-13,4.130900,cambio_dolar,2020,1,1,Jan/2020,4.070000,1.384219,
2020-01-14,4.144300,cambio_dolar,2020,1,1,Jan/2020,4.078256,0.324385,
2020-01-15,4.162200,cambio_dolar,2020,1,1,Jan/2020,4.086650,0.431919,
2020-01-16,4.172600,cambio_dolar,2020,1,1,Jan/2020,4.094464,0.249868,
2020-01-17,4.183700,cambio_dolar,2020,1,1,Jan/2020,4.101900,0.266021,
2020-01-20,4.182900,cambio_dolar,2020,1,1,Jan/2020,4.108131,-0.019122,
2020-01-21,4.201400,cambio_dolar,2020,1,1,Jan/2020,4.114793,0.442277,
2020-01-22,4.188900,cambio_dolar,2020,1,1,Jan/2020,4.119733,-0.297520,
2020-01-23,4.166200,cambio_dolar,2020,1,1,Jan/2020,4.122637,-0.541908,
2020-01-24,4.176900,cambio_dolar,2020,1,1,Jan/2020,4.125829,0.256829,
2020-01-27,4.219600,cambio_dolar,2020,1,1,Jan/2020,4.131039,1.022289,
2020-01-28,4.206400,cambio_dolar,2020,1,1,Jan/2020,4.135005,-0.312826,
2020-01-29,4.201300,cambio_dolar,2020,1,1,Jan/2020,4.138320,-0.121244,
2020-01-30,4.252300,cambio_dolar,2020,1,1,Jan/2020,4.143748,1.213910,
2020-01-31,4.269500,cambio_dolar,2020,1,1,Jan/2020,4.149464,0.404487,
2020-02-03,4.247500,cambio_dolar,2020,2,1,Feb/2020,4.153726,-0.515283,
2020-02-04,4.238100,cambio_dolar,2020,2,1,Feb/2020,4.157242,-0.221307,
2020-02-05,4.244900,cambio_dolar,2020,2,1,Feb/2020,4.160748,0.160449,
2020-02-06,4.247700,cambio_dolar,2020,2,1,Feb/2020,4.164092,0.065962,
2020-02-07,4.307600,cambio_dolar,2020,2,1,Feb/2020,4.169407,1.410175,
2020-02-10,4.319500,cambio_dolar,2020,2,1,Feb/2020,4.174768,0.276256,
2020-02-11,4.314800,cambio_dolar,2020,2,1,Feb/2020,4.179597,-0.108809,
2020-02-12,4.336600,cambio_dolar,2020,2,1,Feb/2020,4.184830,0.505238,
2020-02-13,4.338900,cambio_dolar,2020,2,1,Feb/2020,4.195417,0.053037,
2020-02-14,4.316300,cambio_dolar,2020,2,1,Feb/2020,4.204220,-0.520869,
2020-02-17,4.315700,cambio_dolar,2020,2,1,Feb/2020,4.212897,-0.013901,
2020-02-18,4.347100,cambio_dolar,2020,2,1,Feb/2020,4.221663,0.727576,
2020-02-19,4.372800,cambio_dolar,2020,2,1,Feb/2020,4.231850,0.591199,
2020-02-20,4.387300,cambio_dolar,2020,2,1,Feb/2020,4.242280,0.331595,
2020-02-21,4.392400,cambio_dolar,2020,2,1,Feb/2020,4.252877,0.116245,
2020-02-26,4.435900,cambio_dolar,2020,2,1,Feb/2020,4.263043,0.990347,
2020-02-27,4.476400,cambio_dolar,2020,2,1,Feb/2020,4.274113,0.913005,
2020-02-28,4.498700,cambio_dolar,2020,2,1,Feb/2020,4.285330,0.498168,
2020-03-02,4.494600,cambio_dolar,2020,3,1,Mar/2020,4.296063,-0.091137,
2020-03-03,4.488300,cambio_dolar,2020,3,1,Mar/2020,4.306217,-0.140168,
2020-03-04,4.525800,cambio_dolar,2020,3,1,Mar/2020,4.317647,0.835506,
2020-03-05,4.620700,cambio_dolar,2020,3,1,Mar/2020,4.331623,2.096867,
2020-03-06,4.645900,cambio_dolar,2020,3,1,Mar/2020,4.346857,0.545372,
2020-03-09,4.737900,cambio_dolar,2020,3,1,Mar/2020,4.365913,1.980241,
2020-03-10,4.669300,cambio_dolar,2020,3,1,Mar/2020,4.382327,-1.447899,
2020-03-11,4.673800,cambio_dolar,2020,3,1,Mar/2020,4.397467,0.096374,
2020-03-12,4.883300,cambio_dolar,2020,3,1,Mar/2020,4.420030,4.482434,
2020-03-13,4.736200,cambio_dolar,2020,3,1,Mar/2020,4.437860,-3.012307,
2020-03-16,4.947100,cambio_dolar,2020,3,1,Mar/2020,4.461020,4.452937,
2020-03-17,5.049600,cambio_dolar,2020,3,1,Mar/2020,4.487023,2.071921,
2020-03-18,5.110700,cambio_dolar,2020,3,1,Mar/2020,4.515797,1.209997,
2020-03-19,5.144400,cambio_dolar,2020,3,1,Mar/2020,4.546007,0.659401,
2020-03-20,5.024800,cambio_dolar,2020,3,1,Mar/2020,4.572003,-2.324858,
2020-03-23,5.080500,cambio_dolar,2020,3,1,Mar/2020,4.599763,1.108502,
2020-03-24,5.071300,cambio_dolar,2020,3,1,Mar/2020,4.625220,-0.181085,
2020-03-25,5.070600,cambio_dolar,2020,3,1,Mar/2020,4.650257,-0.013803,
2020-03-26,5.001000,cambio_dolar,2020,3,1,Mar/2020,4.673130,-1.372619,
2020-03-27,5.110900,cambio_dolar,2020,3,1,Mar/2020,4.698940,2.197560,
2020-03-30,5.159400,cambio_dolar,2020,3,1,Mar/2020,4.726290,0.948952,
2020-03-31,5.198700,cambio_dolar,2020,3,1,Mar/2020,4.755703,0.761716,
2020-04-01,5.240400,cambio_dolar,2020,4,2,Apr/2020,4.786527,0.802124,
2020-04-02,5.265100,cambio_dolar,2020,4,2,Apr/2020,4.817127,0.471338,
2020-04-03,5.299700,cambio_dolar,2020,4,2,Apr/2020,4.848023,0.657158,
2020-04-06,5.247100,cambio_dolar,2020,4,2,Apr/2020,4.876683,-0.992509,
2020-04-07,5.221700,cambio_dolar,2020,4,2,Apr/2020,4.904327,-0.484077,
2020-04-08,5.212300,cambio_dolar,2020,4,2,Apr/2020,4.930207,-0.180018,
2020-04-09,5.077900,cambio_dolar,2020,4,2,Apr/2020,4.950257,-2.578516,
2020-04-13,5.182400,cambio_dolar,2020,4,2,Apr/2020,4.973047,2.057937,
2020-04-14,5.185800,cambio_dolar,2020,4,2,Apr/2020,4.996087,0.065607,
2020-04-15,5.257900,cambio_dolar,2020,4,2,Apr/2020,5.021740,1.390335,
2020-04-16,5.237700,cambio_dolar,2020,4,2,Apr/2020,5.045470,-0.384184,
2020-04-17,5.257300,cambio_dolar,2020,4,2,Apr/2020,5.066690,0.374210,
2020-04-20,5.283700,cambio_dolar,2020,4,2,Apr/2020,5.087950,0.502159,
2020-04-22,5.384700,cambio_dolar,2020,4,2,Apr/2020,5.109510,1.911539,
2020-04-23,5.446700,cambio_dolar,2020,4,2,Apr/2020,5.135423,1.151410,
2020-04-24,5.651000,cambio_dolar,2020,4,2,Apr/2020,5.167997,3.750895,
2020-04-27,5.635800,cambio_dolar,2020,4,2,Apr/2020,5.193080,-0.268979,
2020-04-28,5.568300,cambio_dolar,2020,4,2,Apr/2020,5.220817,-1.197700,
2020-04-29,5.429100,cambio_dolar,2020,4,2,Apr/2020,5.236883,-2.499865,
2020-04-30,5.427000,cambio_dolar,2020,4,2,Apr/2020,5.249463,-0.038680,
2020-05-04,5.581600,cambio_dolar,2020,5,2,May/2020,5.265160,2.848719,
2020-05-05,5.535400,cambio_dolar,2020,5,2,May/2020,5.278193,-0.827720,
2020-05-06,5.667600,cambio_dolar,2020,5,2,May/2020,5.299620,2.388265,
2020-05-07,5.836500,cambio_dolar,2020,5,2,May/2020,5.324820,2.980097,
2020-05-08,5.765300,cambio_dolar,2020,5,2,May/2020,5.347953,-1.219909,
2020-05-11,5.795400,cambio_dolar,2020,5,2,May/2020,5.372113,0.522089,
2020-05-12,5.772300,cambio_dolar,2020,5,2,May/2020,5.397823,-0.398592,
2020-05-13,5.902200,cambio_dolar,2020,5,2,May/2020,5.424200,2.250403,
2020-05-14,5.937200,cambio_dolar,2020,5,2,May/2020,5.450127,0.592999,
2020-05-15,5.822900,cambio_dolar,2020,5,2,May/2020,5.470933,-1.925150,
2020-05-18,5.737500,cambio_dolar,2020,5,2,May/2020,5.487503,-1.466623,
2020-05-19,5.721600,cambio_dolar,2020,5,2,May/2020,5.502720,-0.277124,
2020-05-20,5.696800,cambio_dolar,2020,5,2,May/2020,5.515957,-0.433445,
2020-05-21,5.601900,cambio_dolar,2020,5,2,May/2020,5.527783,-1.665847,
2020-05-22,5.580800,cambio_dolar,2020,5,2,May/2020,5.539753,-0.376658,
2020-05-25,5.477200,cambio_dolar,2020,5,2,May/2020,5.548583,-1.856365,
2020-05-26,5.370700,cambio_dolar,2020,5,2,May/2020,5.558343,-1.944424,
2020-05-27,5.299200,cambio_dolar,2020,5,2,May/2020,5.562237,-1.331298,
2020-05-28,5.340500,cambio_dolar,2020,5,2,May/2020,5.567393,0.779363,
2020-05-29,5.426300,cambio_dolar,2020,5,2,May/2020,5.573007,1.606591,
2020-06-01,5.363900,cambio_dolar,2020,6,2,Jun/2020,5.577213,-1.149955,
2020-06-02,5.260100,cambio_dolar,2020,6,2,Jun/2020,5.577307,-1.935159,
2020-06-03,5.051600,cambio_dolar,2020,6,2,Jun/2020,5.569570,-3.963803,
2020-06-04,5.104100,cambio_dolar,2020,6,2,Jun/2020,5.560217,1.039275,
2020-06-05,4.977500,cambio_dolar,2020,6,2,Jun/2020,5.544577,-2.480359,
2020-06-08,4.933100,cambio_dolar,2020,6,2,Jun/2020,5.520647,-0.892014,
2020-06-09,4.905700,cambio_dolar,2020,6,2,Jun/2020,5.496310,-0.555432,
2020-06-10,4.889400,cambio_dolar,2020,6,2,Jun/2020,5.473680,-0.332267,
2020-06-12,5.037300,cambio_dolar,2020,6,2,Jun/2020,5.460620,3.024911,
2020-06-15,5.188300,cambio_dolar,2020,6,2,Jun/2020,5.452663,2.997638,
2020-06-16,5.128500,cambio_dolar,2020,6,2,Jun/2020,5.437560,-1.152593,
2020-06-17,5.249900,cambio_dolar,2020,6,2,Jun/2020,5.428043,2.367164,
2020-06-18,5.346800,cambio_dolar,2020,6,2,Jun/2020,5.417350,1.845749,
2020-06-19,5.346600,cambio_dolar,2020,6,2,Jun/2020,5.401020,-0.003741,
2020-06-22,5.222600,cambio_dolar,2020,6,2,Jun/2020,5.382930,-2.319231,
2020-06-23,5.170500,cambio_dolar,2020,6,2,Jun/2020,5.362100,-0.997587,
2020-06-24,5.243500,cambio_dolar,2020,6,2,Jun/2020,5.344473,1.411856,
2020-06-25,5.328700,cambio_dolar,2020,6,2,Jun/2020,5.325357,1.624869,
2020-06-26,5.462900,cambio_dolar,2020,6,2,Jun/2020,5.309547,2.518438,
2020-06-29,5.441600,cambio_dolar,2020,6,2,Jun/2020,5.296837,-0.389903,
2020-06-30,5.476000,cambio_dolar,2020,6,2,Jun/2020,5.288120,0.632167,
2020-07-01,5.365100,cambio_dolar,2020,7,3,Jul/2020,5.276237,-2.025201,
2020-07-02,5.302800,cambio_dolar,2020,7,3,Jul/2020,5.263103,-1.161209,
2020-07-03,5.337400,cambio_dolar,2020,7,3,Jul/2020,5.254287,0.652485,
2020-07-06,5.308500,cambio_dolar,2020,7,3,Jul/2020,5.245210,-0.541462,
2020-07-07,5.331800,cambio_dolar,2020,7,3,Jul/2020,5.240363,0.438919,
2020-07-08,5.348200,cambio_dolar,2020,7,3,Jul/2020,5.239613,0.307588,
2020-07-09,5.297800,cambio_dolar,2020,7,3,Jul/2020,5.239567,-0.942373,
2020-07-10,5.344000,cambio_dolar,2020,7,3,Jul/2020,5.239683,0.872060,
2020-07-13,5.348600,cambio_dolar,2020,7,3,Jul/2020,5.237093,0.086078,
2020-07-14,5.428800,cambio_dolar,2020,7,3,Jul/2020,5.239257,1.499458,
2020-07-15,5.349100,cambio_dolar,2020,7,3,Jul/2020,5.242223,-1.468096,
2020-07-16,5.356000,cambio_dolar,2020,7,3,Jul/2020,5.252370,0.128994,
2020-07-17,5.351000,cambio_dolar,2020,7,3,Jul/2020,5.260600,-0.093353,
2020-07-20,5.363500,cambio_dolar,2020,7,3,Jul/2020,5.273467,0.233601,
2020-07-21,5.228300,cambio_dolar,2020,7,3,Jul/2020,5.283307,-2.520742,
2020-07-22,5.111100,cambio_dolar,2020,7,3,Jul/2020,5.290153,-2.241646,
2020-07-23,5.164700,cambio_dolar,2020,7,3,Jul/2020,5.299330,1.048698,
2020-07-24,5.214600,cambio_dolar,2020,7,3,Jul/2020,5.305240,0.966174,
2020-07-27,5.188900,cambio_dolar,2020,7,3,Jul/2020,5.305260,-0.492847,
2020-07-28,5.177700,cambio_dolar,2020,7,3,Jul/2020,5.306900,-0.215845,
2020-07-29,5.139500,cambio_dolar,2020,7,3,Jul/2020,5.303220,-0.737779,
2020-07-30,5.183700,cambio_dolar,2020,7,3,Jul/2020,5.297783,0.860006,
2020-07-31,5.203300,cambio_dolar,2020,7,3,Jul/2020,5.293007,0.378108,
2020-08-03,5.307500,cambio_dolar,2020,8,3,Aug/2020,5.295837,2.002575,
2020-08-04,5.332900,cambio_dolar,2020,8,3,Aug/2020,5.301250,0.478568,
2020-08-05,5.276000,cambio_dolar,2020,8,3,Aug/2020,5.302333,-1.066962,
2020-08-06,5.343100,cambio_dolar,2020,8,3,Aug/2020,5.302813,1.271797,
2020-08-07,5.422700,cambio_dolar,2020,8,3,Aug/2020,5.301473,1.489772,
2020-08-10,5.393300,cambio_dolar,2020,8,3,Aug/2020,5.299863,-0.542165,
2020-08-11,5.428500,cambio_dolar,2020,8,3,Aug/2020,5.298280,0.652662,
2020-08-12,5.455100,cambio_dolar,2020,8,3,Aug/2020,5.301280,0.490006,
2020-08-13,5.380100,cambio_dolar,2020,8,3,Aug/2020,5.303857,-1.374860,
2020-08-14,5.385200,cambio_dolar,2020,8,3,Aug/2020,5.305450,0.094794,
2020-08-17,5.449700,cambio_dolar,2020,8,3,Aug/2020,5.310157,1.197727,
2020-08-18,5.465900,cambio_dolar,2020,8,3,Aug/2020,5.314627,0.297264,
2020-08-19,5.490600,cambio_dolar,2020,8,3,Aug/2020,5.319373,0.451893,
2020-08-20,5.651000,cambio_dolar,2020,8,3,Aug/2020,5.331147,2.921357,
2020-08-21,5.606400,cambio_dolar,2020,8,3,Aug/2020,5.339893,-0.789241,
2020-08-24,5.595400,cambio_dolar,2020,8,3,Aug/2020,5.348120,-0.196204,
2020-08-25,5.599700,cambio_dolar,2020,8,3,Aug/2020,5.353817,0.076849,
2020-08-26,5.568000,cambio_dolar,2020,8,3,Aug/2020,5.361113,-0.566102,
2020-08-27,5.595600,cambio_dolar,2020,8,3,Aug/2020,5.369100,0.495690,
2020-08-28,5.467900,cambio_dolar,2020,8,3,Aug/2020,5.372997,-2.282150,
2020-08-31,5.471300,cambio_dolar,2020,8,3,Aug/2020,5.376590,0.062181,
2020-09-01,5.373200,cambio_dolar,2020,9,3,Sep/2020,5.381420,-1.792993,
2020-09-02,5.374100,cambio_dolar,2020,9,3,Sep/2020,5.390187,0.016750,
2020-09-03,5.307900,cambio_dolar,2020,9,3,Sep/2020,5.394960,-1.231834,
2020-09-04,5.284800,cambio_dolar,2020,9,3,Sep/2020,5.397300,-0.435200,
2020-09-08,5.369800,cambio_dolar,2020,9,3,Sep/2020,5.403330,1.608386,
2020-09-09,5.302400,cambio_dolar,2020,9,3,Sep/2020,5.407487,-1.255168,
2020-09-10,5.293600,cambio_dolar,2020,9,3,Sep/2020,5.412623,-0.165963,
2020-09-11,5.285400,cambio_dolar,2020,9,3,Sep/2020,5.416013,-0.154904,
2020-09-14,5.298400,cambio_dolar,2020,9,3,Sep/2020,5.419183,0.245961,
2020-09-15,5.272800,cambio_dolar,2020,9,3,Sep/2020,5.418027,-0.483165,
2020-09-16,5.253200,cambio_dolar,2020,9,3,Sep/2020,5.415370,-0.371719,
2020-09-17,5.259300,cambio_dolar,2020,9,3,Sep/2020,5.414813,0.116120,
2020-09-18,5.288900,cambio_dolar,2020,9,3,Sep/2020,5.413007,0.562813,
2020-09-21,5.444000,cambio_dolar,2020,9,3,Sep/2020,5.413717,2.932557,
2020-09-22,5.432900,cambio_dolar,2020,9,3,Sep/2020,5.415037,-0.203894,
2020-09-23,5.531100,cambio_dolar,2020,9,3,Sep/2020,5.418457,1.807506,
2020-09-24,5.571400,cambio_dolar,2020,9,3,Sep/2020,5.422333,0.728607,
2020-09-25,5.566700,cambio_dolar,2020,9,3,Sep/2020,5.428553,-0.084359,
2020-09-28,5.585800,cambio_dolar,2020,9,3,Sep/2020,5.435240,0.343112,
2020-09-29,5.652800,cambio_dolar,2020,9,3,Sep/2020,5.442010,1.199470,
2020-09-30,5.640700,cambio_dolar,2020,9,3,Sep/2020,5.447837,-0.214053,
2020-10-01,5.644100,cambio_dolar,2020,10,4,Oct/2020,5.452953,0.060276,
2020-10-02,5.646400,cambio_dolar,2020,10,4,Oct/2020,5.452800,0.040751,
2020-10-05,5.629900,cambio_dolar,2020,10,4,Oct/2020,5.453583,-0.292222,
2020-10-06,5.520500,cambio_dolar,2020,10,4,Oct/2020,5.451087,-1.943196,
2020-10-07,5.601800,cambio_dolar,2020,10,4,Oct/2020,5.451157,1.472693,
2020-10-08,5.620000,cambio_dolar,2020,10,4,Oct/2020,5.452890,0.324896,
2020-10-09,5.539300,cambio_dolar,2020,10,4,Oct/2020,5.451013,-1.435943,
2020-10-13,5.585900,cambio_dolar,2020,10,4,Oct/2020,5.454947,0.841262,
2020-10-14,5.567500,cambio_dolar,2020,10,4,Oct/2020,5.458153,-0.329401,
2020-10-15,5.617200,cambio_dolar,2020,10,4,Oct/2020,5.466287,0.892681,
2020-10-16,5.622600,cambio_dolar,2020,10,4,Oct/2020,5.474570,0.096133,
2020-10-19,5.602300,cambio_dolar,2020,10,4,Oct/2020,5.484383,-0.361043,
2020-10-20,5.583000,cambio_dolar,2020,10,4,Oct/2020,5.494323,-0.344501,
2020-10-21,5.600600,cambio_dolar,2020,10,4,Oct/2020,5.502017,0.315243,
2020-10-22,5.582000,cambio_dolar,2020,10,4,Oct/2020,5.511337,-0.332107,
2020-10-23,5.612000,cambio_dolar,2020,10,4,Oct/2020,5.521950,0.537442,
2020-10-26,5.632800,cambio_dolar,2020,10,4,Oct/2020,5.533530,0.370634,
2020-10-27,5.649100,cambio_dolar,2020,10,4,Oct/2020,5.545220,0.289377,
2020-10-28,5.732500,cambio_dolar,2020,10,4,Oct/2020,5.560543,1.476341,
2020-10-29,5.780300,cambio_dolar,2020,10,4,Oct/2020,5.578113,0.833842,
2020-10-30,5.771800,cambio_dolar,2020,10,4,Oct/2020,5.595197,-0.147051,
2020-11-03,5.689500,cambio_dolar,2020,11,4,Nov/2020,5.608550,-1.425898,
2020-11-04,5.693200,cambio_dolar,2020,11,4,Nov/2020,5.616857,0.065032,
2020-11-05,5.562400,cambio_dolar,2020,11,4,Nov/2020,5.621173,-2.297478,
2020-11-06,5.531300,cambio_dolar,2020,11,4,Nov/2020,5.621180,-0.559111,
2020-11-09,5.282100,cambio_dolar,2020,11,4,Nov/2020,5.611537,-4.505270,
2020-11-10,5.369600,cambio_dolar,2020,11,4,Nov/2020,5.604967,1.656538,
2020-11-11,5.402000,cambio_dolar,2020,11,4,Nov/2020,5.598840,0.603397,
2020-11-12,5.409400,cambio_dolar,2020,11,4,Nov/2020,5.590727,0.136986,
2020-11-13,5.485400,cambio_dolar,2020,11,4,Nov/2020,5.585550,1.404962,
2020-11-16,5.419800,cambio_dolar,2020,11,4,Nov/2020,5.578073,-1.195902,
2020-11-17,5.396800,cambio_dolar,2020,11,4,Nov/2020,5.569753,-0.424370,
2020-11-18,5.293200,cambio_dolar,2020,11,4,Nov/2020,5.558530,-1.919656,
2020-11-19,5.333000,cambio_dolar,2020,11,4,Nov/2020,5.552280,0.751908,
2020-11-20,5.350500,cambio_dolar,2020,11,4,Nov/2020,5.543903,0.328146,
2020-11-23,5.382800,cambio_dolar,2020,11,4,Nov/2020,5.535997,0.603682,
2020-11-24,5.403700,cambio_dolar,2020,11,4,Nov/2020,5.531477,0.388274,
2020-11-25,5.350800,cambio_dolar,2020,11,4,Nov/2020,5.523640,-0.978959,
2020-11-26,5.320100,cambio_dolar,2020,11,4,Nov/2020,5.515393,-0.573746,
2020-11-27,5.349400,cambio_dolar,2020,11,4,Nov/2020,5.506467,0.550742,
2020-11-30,5.331700,cambio_dolar,2020,11,4,Nov/2020,5.496770,-0.330878,
2020-12-01,5.278900,cambio_dolar,2020,12,4,Dec/2020,5.485990,-0.990303,
2020-12-02,5.226700,cambio_dolar,2020,12,4,Dec/2020,5.474113,-0.988842,
2020-12-03,5.162500,cambio_dolar,2020,12,4,Dec/2020,5.459510,-1.228308,
2020-12-04,5.170600,cambio_dolar,2020,12,4,Dec/2020,5.445797,0.156901,
2020-12-07,5.101800,cambio_dolar,2020,12,4,Dec/2020,5.428790,-1.330600,
2020-12-08,5.092000,cambio_dolar,2020,12,4,Dec/2020,5.410763,-0.192089,
2020-12-09,5.110900,cambio_dolar,2020,12,4,Dec/2020,5.392823,0.371170,
2020-12-10,5.085200,cambio_dolar,2020,12,4,Dec/2020,5.371247,-0.502847,
2020-12-11,5.069100,cambio_dolar,2020,12,4,Dec/2020,5.347540,-0.316605,
2020-12-14,5.057800,cambio_dolar,2020,12,4,Dec/2020,5.323740,-0.222919,
2020-12-15,5.096800,cambio_dolar,2020,12,4,Dec/2020,5.303983,0.771086,
2020-12-16,5.105700,cambio_dolar,2020,12,4,Dec/2020,5.284400,0.174619,
2020-12-17,5.061200,cambio_dolar,2020,12,4,Dec/2020,5.267693,-0.871575,
2020-12-18,5.098600,cambio_dolar,2020,12,4,Dec/2020,5.253270,0.738955,
2020-12-21,5.157200,cambio_dolar,2020,12,4,Dec/2020,5.249107,1.149335,
2020-12-22,5.147300,cambio_dolar,2020,12,4,Dec/2020,5.241697,-0.191965,
2020-12-23,5.174000,cambio_dolar,2020,12,4,Dec/2020,5.234097,0.518719,
2020-12-24,5.180000,cambio_dolar,2020,12,4,Dec/2020,5.226450,0.115964,
2020-12-28,5.239000,cambio_dolar,2020,12,4,Dec/2020,5.218237,1.138996,
2020-12-29,5.194200,cambio_dolar,2020,12,4,Dec/2020,5.210717,-0.855125,
2020-12-30,5.196700,cambio_dolar,2020,12,4,Dec/2020,5.204047,0.048131,
2020-12-31,5.196700,cambio_dolar,2020,12,4,Dec/2020,5.200830,0.000000,
2021-01-04,5.162600,cambio_dolar,2021,1,1,Jan/2021,5.195150,-0.656186,
2021-01-05,5.326900,cambio_dolar,2021,1,1,Jan/2021,5.194363,3.182505,
2021-01-06,5.318200,cambio_dolar,2021,1,1,Jan/2021,5.192210,-0.163322,
2021-01-07,5.343300,cambio_dolar,2021,1,1,Jan/2021,5.190197,0.471964,
2021-01-08,5.368300,cambio_dolar,2021,1,1,Jan/2021,5.190780,0.467876,
2021-01-11,5.496600,cambio_dolar,2021,1,1,Jan/2021,5.196663,2.389956,
2021-01-12,5.463700,cambio_dolar,2021,1,1,Jan/2021,5.200473,-0.598552,
2021-01-13,5.307000,cambio_dolar,2021,1,1,Jan/2021,5.199650,-2.868020,
2021-01-14,5.261700,cambio_dolar,2021,1,1,Jan/2021,5.199077,-0.853590,
2021-01-15,5.271400,cambio_dolar,2021,1,1,Jan/2021,5.200567,0.184351,
2021-01-18,5.278800,cambio_dolar,2021,1,1,Jan/2021,5.204443,0.140380,
2021-01-19,5.294500,cambio_dolar,2021,1,1,Jan/2021,5.208573,0.297416,
2021-01-20,5.303300,cambio_dolar,2021,1,1,Jan/2021,5.215290,0.166210,
2021-01-21,5.316600,cambio_dolar,2021,1,1,Jan/2021,5.222777,0.250787,
2021-01-22,5.430100,cambio_dolar,2021,1,1,Jan/2021,5.233417,2.134823,
2021-01-25,5.508900,cambio_dolar,2021,1,1,Jan/2021,5.247540,1.451170,
2021-01-26,5.386500,cambio_dolar,2021,1,1,Jan/2021,5.258120,-2.221859,
2021-01-27,5.382400,cambio_dolar,2021,1,1,Jan/2021,5.268940,-0.076116,
2021-01-28,5.428200,cambio_dolar,2021,1,1,Jan/2021,5.279987,0.850922,
2021-01-29,5.475900,cambio_dolar,2021,1,1,Jan/2021,5.292327,0.878744,
2021-02-01,5.460800,cambio_dolar,2021,2,1,Feb/2021,5.305647,-0.275754,
2021-02-02,5.387500,cambio_dolar,2021,2,1,Feb/2021,5.315277,-1.342294,
2021-02-03,5.342300,cambio_dolar,2021,2,1,Feb/2021,5.321447,-0.838979,
2021-02-04,5.391000,cambio_dolar,2021,2,1,Feb/2021,5.329570,0.911592,
2021-02-05,5.388400,cambio_dolar,2021,2,1,Feb/2021,5.336717,-0.048229,
2021-02-08,5.367000,cambio_dolar,2021,2,1,Feb/2021,5.342950,-0.397149,
2021-02-09,5.421600,cambio_dolar,2021,2,1,Feb/2021,5.349037,1.017328,
2021-02-10,5.402400,cambio_dolar,2021,2,1,Feb/2021,5.355977,-0.354139,
2021-02-11,5.362600,cambio_dolar,2021,2,1,Feb/2021,5.361507,-0.736710,
2021-02-12,5.381500,cambio_dolar,2021,2,1,Feb/2021,5.367667,0.352441,
2021-02-17,5.413800,cambio_dolar,2021,2,1,Feb/2021,5.376040,0.600204,
2021-02-18,5.423800,cambio_dolar,2021,2,1,Feb/2021,5.379270,0.184713,
2021-02-19,5.392400,cambio_dolar,2021,2,1,Feb/2021,5.381743,-0.578930,
2021-02-22,5.504400,cambio_dolar,2021,2,1,Feb/2021,5.387113,2.076997,
2021-02-23,5.449000,cambio_dolar,2021,2,1,Feb/2021,5.389803,-1.006468,
2021-02-24,5.418200,cambio_dolar,2021,2,1,Feb/2021,5.387190,-0.565241,
2021-02-25,5.460000,cambio_dolar,2021,2,1,Feb/2021,5.387067,0.771474,
2021-02-26,5.530200,cambio_dolar,2021,2,1,Feb/2021,5.394507,1.285714,
2021-03-01,5.583200,cambio_dolar,2021,3,1,Mar/2021,5.405223,0.958374,
2021-03-02,5.684400,cambio_dolar,2021,3,1,Mar/2021,5.418990,1.812581,
2021-03-03,5.734200,cambio_dolar,2021,3,1,Mar/2021,5.434170,0.876082,
2021-03-04,5.600800,cambio_dolar,2021,3,1,Mar/2021,5.444380,-2.326393,
2021-03-05,5.687000,cambio_dolar,2021,3,1,Mar/2021,5.457170,1.539066,
2021-03-08,5.734300,cambio_dolar,2021,3,1,Mar/2021,5.471093,0.831721,
2021-03-09,5.839700,cambio_dolar,2021,3,1,Mar/2021,5.484747,1.838062,
2021-03-10,5.744900,cambio_dolar,2021,3,1,Mar/2021,5.492613,-1.623371,
2021-03-11,5.589000,cambio_dolar,2021,3,1,Mar/2021,5.499363,-2.713711,
2021-03-12,5.564000,cambio_dolar,2021,3,1,Mar/2021,5.505417,-0.447307,
2021-03-15,5.629600,cambio_dolar,2021,3,1,Mar/2021,5.512130,1.179008,
2021-03-16,5.585100,cambio_dolar,2021,3,1,Mar/2021,5.515770,-0.790465,
2021-03-17,5.657900,cambio_dolar,2021,3,1,Mar/2021,5.522340,1.303468,
2021-03-18,5.547400,cambio_dolar,2021,3,1,Mar/2021,5.527670,-1.953021,
2021-03-19,5.508200,cambio_dolar,2021,3,1,Mar/2021,5.533200,-0.706637,
2021-03-22,5.526900,cambio_dolar,2021,3,1,Mar/2021,5.537730,0.339494,
2021-03-23,5.495100,cambio_dolar,2021,3,1,Mar/2021,5.541287,-0.575368,
2021-03-24,5.533000,cambio_dolar,2021,3,1,Mar/2021,5.546820,0.689705,
2021-03-25,5.658500,cambio_dolar,2021,3,1,Mar/2021,5.554717,2.268209,
2021-03-26,5.704200,cambio_dolar,2021,3,1,Mar/2021,5.564777,0.807635,
2021-03-29,5.792500,cambio_dolar,2021,3,1,Mar/2021,5.579107,1.547982,
2021-03-30,5.764200,cambio_dolar,2021,3,1,Mar/2021,5.591863,-0.488563,
2021-03-31,5.697300,cambio_dolar,2021,3,1,Mar/2021,5.601313,-1.160612,
2021-04-01,5.684900,cambio_dolar,2021,4,2,Apr/2021,5.610017,-0.217647,
2021-04-05,5.657900,cambio_dolar,2021,4,2,Apr/2021,5.618867,-0.474942,
2021-04-06,5.626300,cambio_dolar,2021,4,2,Apr/2021,5.622930,-0.558511,
2021-04-07,5.586400,cambio_dolar,2021,4,2,Apr/2021,5.627510,-0.709169,
2021-04-08,5.581700,cambio_dolar,2021,4,2,Apr/2021,5.632960,-0.084133,
2021-04-09,5.644500,cambio_dolar,2021,4,2,Apr/2021,5.639110,1.125105,
2021-04-12,5.658200,cambio_dolar,2021,4,2,Apr/2021,5.643377,0.242714,
2021-04-13,5.706400,cambio_dolar,2021,4,2,Apr/2021,5.647483,0.851861,
2021-04-14,5.693600,cambio_dolar,2021,4,2,Apr/2021,5.647790,-0.224310,
2021-04-15,5.623400,cambio_dolar,2021,4,2,Apr/2021,5.644097,-1.232963,
2021-04-16,5.632800,cambio_dolar,2021,4,2,Apr/2021,5.645163,0.167159,
2021-04-19,5.575000,cambio_dolar,2021,4,2,Apr/2021,5.641430,-1.026133,
2021-04-20,5.526600,cambio_dolar,2021,4,2,Apr/2021,5.634507,-0.868161,
2021-04-22,5.497000,cambio_dolar,2021,4,2,Apr/2021,5.623083,-0.535592,
2021-04-23,5.478700,cambio_dolar,2021,4,2,Apr/2021,5.614210,-0.332909,
2021-04-26,5.456600,cambio_dolar,2021,4,2,Apr/2021,5.609797,-0.403380,
2021-04-27,5.442400,cambio_dolar,2021,4,2,Apr/2021,5.605743,-0.260235,
2021-04-28,5.400500,cambio_dolar,2021,4,2,Apr/2021,5.598107,-0.769881,
2021-04-29,5.366200,cambio_dolar,2021,4,2,Apr/2021,5.590810,-0.635126,
2021-04-30,5.403600,cambio_dolar,2021,4,2,Apr/2021,5.582333,0.696955,
2021-05-03,5.408700,cambio_dolar,2021,5,2,May/2021,5.577710,0.094382,
2021-05-04,5.450500,cambio_dolar,2021,5,2,May/2021,5.575787,0.772829,
2021-05-05,5.387200,cambio_dolar,2021,5,2,May/2021,5.571130,-1.161361,
2021-05-06,5.289700,cambio_dolar,2021,5,2,May/2021,5.564283,-1.809846,
2021-05-07,5.221700,cambio_dolar,2021,5,2,May/2021,5.553907,-1.285517,
2021-05-10,5.222700,cambio_dolar,2021,5,2,May/2021,5.539380,0.019151,
2021-05-11,5.240300,cambio_dolar,2021,5,2,May/2021,5.523917,0.336990,
2021-05-12,5.235300,cambio_dolar,2021,5,2,May/2021,5.505343,-0.095414,
2021-05-13,5.281500,cambio_dolar,2021,5,2,May/2021,5.489253,0.882471,
2021-05-14,5.270100,cambio_dolar,2021,5,2,May/2021,5.475013,-0.215848,
2021-05-17,5.275500,cambio_dolar,2021,5,2,May/2021,5.461367,0.102465,
2021-05-18,5.258800,cambio_dolar,2021,5,2,May/2021,5.448063,-0.316558,
2021-05-19,5.282200,cambio_dolar,2021,5,2,May/2021,5.436593,0.444968,
2021-05-20,5.290500,cambio_dolar,2021,5,2,May/2021,5.426730,0.157131,
2021-05-21,5.302700,cambio_dolar,2021,5,2,May/2021,5.417430,0.230602,
2021-05-24,5.319800,cambio_dolar,2021,5,2,May/2021,5.406607,0.322477,
2021-05-25,5.314300,cambio_dolar,2021,5,2,May/2021,5.395143,-0.103387,
2021-05-26,5.316400,cambio_dolar,2021,5,2,May/2021,5.382143,0.039516,
2021-05-27,5.284000,cambio_dolar,2021,5,2,May/2021,5.368490,-0.609435,
2021-05-28,5.228100,cambio_dolar,2021,5,2,May/2021,5.355313,-1.057911,
2021-05-31,5.232200,cambio_dolar,2021,5,2,May/2021,5.341960,0.078422,
2021-06-01,5.163600,cambio_dolar,2021,6,2,Jun/2021,5.328247,-1.311112,
2021-06-02,5.114700,cambio_dolar,2021,6,2,Jun/2021,5.314517,-0.947014,
2021-06-04,5.066600,cambio_dolar,2021,6,2,Jun/2021,5.300170,-0.940427,
2021-06-07,5.049800,cambio_dolar,2021,6,2,Jun/2021,5.285873,-0.331583,
2021-06-08,5.048900,cambio_dolar,2021,6,2,Jun/2021,5.272283,-0.017822,
2021-06-09,5.053300,cambio_dolar,2021,6,2,Jun/2021,5.259313,0.087148,
2021-06-10,5.063500,cambio_dolar,2021,6,2,Jun/2021,5.248080,0.201848,
2021-06-11,5.119000,cambio_dolar,2021,6,2,Jun/2021,5.239840,1.096080,
2021-06-14,5.070700,cambio_dolar,2021,6,2,Jun/2021,5.228743,-0.943544,
2021-06-15,5.087400,cambio_dolar,2021,6,2,Jun/2021,5.218033,0.329343,
2021-06-16,5.020700,cambio_dolar,2021,6,2,Jun/2021,5.203707,-1.311082,
2021-06-17,5.035900,cambio_dolar,2021,6,2,Jun/2021,5.191997,0.302747,
2021-06-18,5.031400,cambio_dolar,2021,6,2,Jun/2021,5.183387,-0.089358,
2021-06-21,5.037300,cambio_dolar,2021,6,2,Jun/2021,5.177240,0.117264,
2021-06-22,5.017800,cambio_dolar,2021,6,2,Jun/2021,5.170410,-0.387112,
2021-06-23,4.951900,cambio_dolar,2021,6,2,Jun/2021,5.160797,-1.313325,
2021-06-24,4.927700,cambio_dolar,2021,6,2,Jun/2021,5.150543,-0.488701,
2021-06-25,4.920600,cambio_dolar,2021,6,2,Jun/2021,5.138513,-0.144083,
2021-06-28,4.942000,cambio_dolar,2021,6,2,Jun/2021,5.127577,0.434906,
2021-06-29,4.945000,cambio_dolar,2021,6,2,Jun/2021,5.116560,0.060704,
2021-06-30,5.002200,cambio_dolar,2021,6,2,Jun/2021,5.108007,1.156724,
2021-07-01,5.005500,cambio_dolar,2021,7,3,Jul/2021,5.098783,0.065971,
2021-07-02,5.029300,cambio_dolar,2021,7,3,Jul/2021,5.090077,0.475477,
2021-07-05,5.074900,cambio_dolar,2021,7,3,Jul/2021,5.082483,0.906687,
2021-07-06,5.164500,cambio_dolar,2021,7,3,Jul/2021,5.077307,1.765552,
2021-07-07,5.232800,cambio_dolar,2021,7,3,Jul/2021,5.074590,1.322490,
2021-07-08,5.258700,cambio_dolar,2021,7,3,Jul/2021,5.072667,0.494955,
2021-07-09,5.239300,cambio_dolar,2021,7,3,Jul/2021,5.071177,-0.368912,
2021-07-12,5.223900,cambio_dolar,2021,7,3,Jul/2021,5.071037,-0.293932,
2021-07-13,5.177000,cambio_dolar,2021,7,3,Jul/2021,5.069197,-0.897797,
2021-07-14,5.088000,cambio_dolar,2021,7,3,Jul/2021,5.066677,-1.719142,
2021-07-15,5.100000,cambio_dolar,2021,7,3,Jul/2021,5.066187,0.235849,
2021-07-16,5.094100,cambio_dolar,2021,7,3,Jul/2021,5.067103,-0.115686,
2021-07-19,5.197800,cambio_dolar,2021,7,3,Jul/2021,5.072037,2.035688,
2021-07-20,5.246500,cambio_dolar,2021,7,3,Jul/2021,5.078623,0.936935,
2021-07-21,5.251600,cambio_dolar,2021,7,3,Jul/2021,5.085233,0.097208,
2021-07-22,5.197800,cambio_dolar,2021,7,3,Jul/2021,5.089710,-1.024450,
2021-07-23,5.170100,cambio_dolar,2021,7,3,Jul/2021,5.091413,-0.532918,
2021-07-26,5.186300,cambio_dolar,2021,7,3,Jul/2021,5.095267,0.313340,
2021-07-27,5.166900,cambio_dolar,2021,7,3,Jul/2021,5.097917,-0.374062,
2021-07-28,5.152700,cambio_dolar,2021,7,3,Jul/2021,5.102317,-0.274826,
2021-07-29,5.068200,cambio_dolar,2021,7,3,Jul/2021,5.103393,-1.639917,
2021-07-30,5.121600,cambio_dolar,2021,7,3,Jul/2021,5.106400,1.053629,
2021-08-02,5.137900,cambio_dolar,2021,8,3,Aug/2021,5.109753,0.318260,
2021-08-03,5.246400,cambio_dolar,2021,8,3,Aug/2021,5.117373,2.111758,
2021-08-04,5.209100,cambio_dolar,2021,8,3,Aug/2021,5.125947,-0.710964,
2021-08-05,5.146400,cambio_dolar,2021,8,3,Aug/2021,5.133237,-1.203663,
2021-08-06,5.241000,cambio_dolar,2021,8,3,Aug/2021,5.143917,1.838178,
2021-08-09,5.277400,cambio_dolar,2021,8,3,Aug/2021,5.155097,0.694524,
2021-08-10,5.221700,cambio_dolar,2021,8,3,Aug/2021,5.164320,-1.055444,
2021-08-11,5.201300,cambio_dolar,2021,8,3,Aug/2021,5.170957,-0.390677,
2021-08-12,5.235100,cambio_dolar,2021,8,3,Aug/2021,5.178610,0.649838,
2021-08-13,5.247400,cambio_dolar,2021,8,3,Aug/2021,5.185880,0.234953,
2021-08-16,5.249500,cambio_dolar,2021,8,3,Aug/2021,5.191700,0.040020,
2021-08-17,5.258500,cambio_dolar,2021,8,3,Aug/2021,5.194833,0.171445,
2021-08-18,5.302500,cambio_dolar,2021,8,3,Aug/2021,5.197157,0.836741,
2021-08-19,5.418000,cambio_dolar,2021,8,3,Aug/2021,5.202467,2.178218,
2021-08-20,5.427400,cambio_dolar,2021,8,3,Aug/2021,5.208737,0.173496,
2021-08-23,5.368600,cambio_dolar,2021,8,3,Aug/2021,5.213560,-1.083392,
2021-08-24,5.301700,cambio_dolar,2021,8,3,Aug/2021,5.217717,-1.246135,
2021-08-25,5.246500,cambio_dolar,2021,8,3,Aug/2021,5.223000,-1.041175,
2021-08-26,5.242900,cambio_dolar,2021,8,3,Aug/2021,5.227763,-0.068617,
2021-08-27,5.220000,cambio_dolar,2021,8,3,Aug/2021,5.231960,-0.436781,
2021-08-30,5.195200,cambio_dolar,2021,8,3,Aug/2021,5.231873,-0.475096,
2021-08-31,5.143300,cambio_dolar,2021,8,3,Aug/2021,5.228433,-0.998999,
2021-09-01,5.157600,cambio_dolar,2021,9,3,Sep/2021,5.225300,0.278032,
2021-09-02,5.173500,cambio_dolar,2021,9,3,Sep/2021,5.224490,0.308283,
2021-09-03,5.168500,cambio_dolar,2021,9,3,Sep/2021,5.224437,-0.096646,
2021-09-06,5.177300,cambio_dolar,2021,9,3,Sep/2021,5.224137,0.170262,
2021-09-08,5.252400,cambio_dolar,2021,9,3,Sep/2021,5.226987,1.450563,
2021-09-09,5.282500,cambio_dolar,2021,9,3,Sep/2021,5.231313,0.573071,
2021-09-10,5.215800,cambio_dolar,2021,9,3,Sep/2021,5.236233,-1.262660,
2021-09-13,5.219000,cambio_dolar,2021,9,3,Sep/2021,5.239480,0.061352,
2021-09-14,5.226000,cambio_dolar,2021,9,3,Sep/2021,5.242417,0.134125,
2021-09-15,5.257600,cambio_dolar,2021,9,3,Sep/2021,5.242790,0.604669,
2021-09-16,5.259400,cambio_dolar,2021,9,3,Sep/2021,5.244467,0.034236,
2021-09-17,5.310300,cambio_dolar,2021,9,3,Sep/2021,5.249930,0.967791,
2021-09-20,5.333200,cambio_dolar,2021,9,3,Sep/2021,5.253003,0.431237,
2021-09-21,5.304400,cambio_dolar,2021,9,3,Sep/2021,5.253903,-0.540014,
2021-09-22,5.278300,cambio_dolar,2021,9,3,Sep/2021,5.255790,-0.492044,
2021-09-23,5.289100,cambio_dolar,2021,9,3,Sep/2021,5.258717,0.204611,
2021-09-24,5.343500,cambio_dolar,2021,9,3,Sep/2021,5.262330,1.028530,
2021-09-27,5.347800,cambio_dolar,2021,9,3,Sep/2021,5.265677,0.080472,
2021-09-28,5.420600,cambio_dolar,2021,9,3,Sep/2021,5.271380,1.361307,
2021-09-29,5.417300,cambio_dolar,2021,9,3,Sep/2021,5.276673,-0.060879,
2021-09-30,5.439400,cambio_dolar,2021,9,3,Sep/2021,5.281237,0.407952,
2021-10-01,5.391100,cambio_dolar,2021,10,4,Oct/2021,5.280340,-0.887966,
2021-10-04,5.420400,cambio_dolar,2021,10,4,Oct/2021,5.280107,0.543488,
2021-10-05,5.461100,cambio_dolar,2021,10,4,Oct/2021,5.283190,0.750867,
2021-10-06,5.509700,cambio_dolar,2021,10,4,Oct/2021,5.290123,0.889931,
2021-10-07,5.514000,cambio_dolar,2021,10,4,Oct/2021,5.299040,0.078044,
2021-10-08,5.508400,cambio_dolar,2021,10,4,Oct/2021,5.307890,-0.101560,
2021-10-11,5.516100,cambio_dolar,2021,10,4,Oct/2021,5.317760,0.139787,
2021-10-13,5.547100,cambio_dolar,2021,10,4,Oct/2021,5.329490,0.561991,
2021-10-14,5.498800,cambio_dolar,2021,10,4,Oct/2021,5.341340,-0.870725,
2021-10-15,5.451000,cambio_dolar,2021,10,4,Oct/2021,5.351120,-0.869281,
2021-10-18,5.519300,cambio_dolar,2021,10,4,Oct/2021,5.362647,1.252981,
2021-10-19,5.552100,cambio_dolar,2021,10,4,Oct/2021,5.375433,0.594278,
2021-10-20,5.557100,cambio_dolar,2021,10,4,Oct/2021,5.388093,0.090056,
2021-10-21,5.642300,cambio_dolar,2021,10,4,Oct/2021,5.401090,1.533174,
2021-10-22,5.711700,cambio_dolar,2021,10,4,Oct/2021,5.415397,1.229995,
2021-10-25,5.597300,cambio_dolar,2021,10,4,Oct/2021,5.428113,-2.002906,
2021-10-26,5.580000,cambio_dolar,2021,10,4,Oct/2021,5.440147,-0.309078,
2021-10-27,5.566700,cambio_dolar,2021,10,4,Oct/2021,5.451503,-0.238351,
2021-10-28,5.612400,cambio_dolar,2021,10,4,Oct/2021,5.463330,0.820953,
2021-10-29,5.643000,cambio_dolar,2021,10,4,Oct/2021,5.476117,0.545221,
2021-11-01,5.669400,cambio_dolar,2021,11,4,Nov/2021,5.488087,0.467836,
2021-11-03,5.667200,cambio_dolar,2021,11,4,Nov/2021,5.499220,-0.038805,
2021-11-04,5.594200,cambio_dolar,2021,11,4,Nov/2021,5.508880,-1.288114,
2021-11-05,5.545500,cambio_dolar,2021,11,4,Nov/2021,5.517787,-0.870544,
2021-11-08,5.562700,cambio_dolar,2021,11,4,Nov/2021,5.526907,0.310161,
2021-11-09,5.495700,cambio_dolar,2021,11,4,Nov/2021,5.531980,-1.204451,
2021-11-10,5.459000,cambio_dolar,2021,11,4,Nov/2021,5.535687,-0.667795,
2021-11-11,5.417100,cambio_dolar,2021,11,4,Nov/2021,5.535570,-0.767540,
2021-11-12,5.419900,cambio_dolar,2021,11,4,Nov/2021,5.535657,0.051688,
2021-11-16,5.477200,cambio_dolar,2021,11,4,Nov/2021,5.536917,1.057215,
2021-11-17,5.499300,cambio_dolar,2021,11,4,Nov/2021,5.540523,0.403491,
2021-11-18,5.547000,cambio_dolar,2021,11,4,Nov/2021,5.544743,0.867383,
2021-11-19,5.558400,cambio_dolar,2021,11,4,Nov/2021,5.547987,0.205516,
2021-11-22,5.584100,cambio_dolar,2021,11,4,Nov/2021,5.550467,0.462363,
2021-11-23,5.645600,cambio_dolar,2021,11,4,Nov/2021,5.554853,1.101341,
2021-11-24,5.602700,cambio_dolar,2021,11,4,Nov/2021,5.557997,-0.759884,
2021-11-25,5.574000,cambio_dolar,2021,11,4,Nov/2021,5.559927,-0.512253,
2021-11-26,5.586500,cambio_dolar,2021,11,4,Nov/2021,5.561240,0.224255,
2021-11-29,5.611800,cambio_dolar,2021,11,4,Nov/2021,5.565007,0.452877,
2021-11-30,5.619900,cambio_dolar,2021,11,4,Nov/2021,5.570637,0.144339,
2021-12-01,5.616800,cambio_dolar,2021,12,4,Dec/2021,5.573887,-0.055161,
2021-12-02,5.634500,cambio_dolar,2021,12,4,Dec/2021,5.576633,0.315126,
2021-12-03,5.643200,cambio_dolar,2021,12,4,Dec/2021,5.579503,0.154406,
2021-12-06,5.687700,cambio_dolar,2021,12,4,Dec/2021,5.581017,0.788560,
2021-12-07,5.641100,cambio_dolar,2021,12,4,Dec/2021,5.578663,-0.819312,
2021-12-08,5.577900,cambio_dolar,2021,12,4,Dec/2021,5.578017,-1.120349,
2021-12-09,5.556400,cambio_dolar,2021,12,4,Dec/2021,5.577230,-0.385450,
2021-12-10,5.593100,cambio_dolar,2021,12,4,Dec/2021,5.578110,0.660500,
2021-12-13,5.635700,cambio_dolar,2021,12,4,Dec/2021,5.578887,0.761653,
2021-12-14,5.646100,cambio_dolar,2021,12,4,Dec/2021,5.578990,0.184538,
2021-12-15,5.712700,cambio_dolar,2021,12,4,Dec/2021,5.580433,1.179575,
2021-12-16,5.696300,cambio_dolar,2021,12,4,Dec/2021,5.581403,-0.287080,
2021-12-17,5.695900,cambio_dolar,2021,12,4,Dec/2021,5.584793,-0.007022,
2021-12-20,5.705500,cambio_dolar,2021,12,4,Dec/2021,5.590127,0.168542,
2021-12-21,5.737200,cambio_dolar,2021,12,4,Dec/2021,5.595943,0.555604,
2021-12-22,5.720100,cambio_dolar,2021,12,4,Dec/2021,5.603423,-0.298055,
2021-12-23,5.691000,cambio_dolar,2021,12,4,Dec/2021,5.611157,-0.508732,
2021-12-24,5.659100,cambio_dolar,2021,12,4,Dec/2021,5.619223,-0.560534,
2021-12-27,5.665000,cambio_dolar,2021,12,4,Dec/2021,5.627393,0.104257,
2021-12-28,5.643800,cambio_dolar,2021,12,4,Dec/2021,5.632947,-0.374228,
2021-12-29,5.661900,cambio_dolar,2021,12,4,Dec/2021,5.638367,0.320706,
2021-12-30,5.580500,cambio_dolar,2021,12,4,Dec/2021,5.639483,-1.437680,
2021-12-31,5.580500,cambio_dolar,2021,12,4,Dec/2021,5.640220,0.000000,
2022-01-03,5.630900,cambio_dolar,2022,1,1,Jan/2022,5.641780,0.903145,
2022-01-04,5.677600,cambio_dolar,2022,1,1,Jan/2022,5.642847,0.829352,
2022-01-05,5.662800,cambio_dolar,2022,1,1,Jan/2022,5.644850,-0.260674,
2022-01-06,5.704200,cambio_dolar,2022,1,1,Jan/2022,5.649190,0.731087,
2022-01-07,5.675300,cambio_dolar,2022,1,1,Jan/2022,5.652150,-0.506644,
2022-01-10,5.673600,cambio_dolar,2022,1,1,Jan/2022,5.654210,-0.029954,
2022-01-11,5.635100,cambio_dolar,2022,1,1,Jan/2022,5.654717,-0.678582,
2022-01-12,5.561100,cambio_dolar,2022,1,1,Jan/2022,5.652860,-1.313198,
2022-01-13,5.524600,cambio_dolar,2022,1,1,Jan/2022,5.649197,-0.656345,
2022-01-14,5.534900,cambio_dolar,2022,1,1,Jan/2022,5.645587,0.186439,
2022-01-17,5.505800,cambio_dolar,2022,1,1,Jan/2022,5.639523,-0.525755,
2022-01-18,5.521300,cambio_dolar,2022,1,1,Jan/2022,5.635530,0.281521,
2022-01-19,5.497800,cambio_dolar,2022,1,1,Jan/2022,5.632860,-0.425624,
2022-01-20,5.416600,cambio_dolar,2022,1,1,Jan/2022,5.628200,-1.476954,
2022-01-21,5.440100,cambio_dolar,2022,1,1,Jan/2022,5.623100,0.433851,
2022-01-24,5.491000,cambio_dolar,2022,1,1,Jan/2022,5.618277,0.935645,
2022-01-25,5.497100,cambio_dolar,2022,1,1,Jan/2022,5.613310,0.111091,
2022-01-26,5.432400,cambio_dolar,2022,1,1,Jan/2022,5.603967,-1.176984,
2022-01-27,5.381200,cambio_dolar,2022,1,1,Jan/2022,5.593463,-0.942493,
2022-01-28,5.395400,cambio_dolar,2022,1,1,Jan/2022,5.583447,0.263882,
2022-01-31,5.357400,cambio_dolar,2022,1,1,Jan/2022,5.571843,-0.704304,
2022-02-01,5.281000,cambio_dolar,2022,2,1,Feb/2022,5.556637,-1.426065,
2022-02-02,5.295600,cambio_dolar,2022,2,1,Feb/2022,5.542487,0.276463,
2022-02-03,5.302500,cambio_dolar,2022,2,1,Feb/2022,5.529537,0.130297,
2022-02-04,5.328400,cambio_dolar,2022,2,1,Feb/2022,5.518513,0.488449,
2022-02-07,5.291300,cambio_dolar,2022,2,1,Feb/2022,5.506057,-0.696269,
2022-02-08,5.269900,cambio_dolar,2022,2,1,Feb/2022,5.493593,-0.404437,
2022-02-09,5.273500,cambio_dolar,2022,2,1,Feb/2022,5.480647,0.068312,
2022-02-10,5.210100,cambio_dolar,2022,2,1,Feb/2022,5.468300,-1.202238,
2022-02-11,5.198700,cambio_dolar,2022,2,1,Feb/2022,5.455573,-0.218806,
2022-02-14,5.210600,cambio_dolar,2022,2,1,Feb/2022,5.441563,0.228903,
2022-02-15,5.188100,cambio_dolar,2022,2,1,Feb/2022,5.425247,-0.431812,
2022-02-16,5.163000,cambio_dolar,2022,2,1,Feb/2022,5.408587,-0.483799,
2022-02-17,5.156500,cambio_dolar,2022,2,1,Feb/2022,5.390330,-0.125896,
2022-02-18,5.133900,cambio_dolar,2022,2,1,Feb/2022,5.372283,-0.438282,
2022-02-21,5.099700,cambio_dolar,2022,2,1,Feb/2022,5.353153,-0.666160,
2022-02-22,5.061100,cambio_dolar,2022,2,1,Feb/2022,5.334020,-0.756907,
2022-02-23,5.014300,cambio_dolar,2022,2,1,Feb/2022,5.315793,-0.924700,
2022-02-24,5.117400,cambio_dolar,2022,2,1,Feb/2022,5.302220,2.056119,
2022-02-25,5.139400,cambio_dolar,2022,2,1,Feb/2022,5.289037,0.429906,
2022-03-02,5.134700,cambio_dolar,2022,3,1,Mar/2022,5.276667,-0.091450,
2022-03-03,5.047900,cambio_dolar,2022,3,1,Mar/2022,5.260887,-1.690459,
2022-03-04,5.075800,cambio_dolar,2022,3,1,Mar/2022,5.246820,0.552705,
2022-03-07,5.057900,cambio_dolar,2022,3,1,Mar/2022,5.234863,-0.352654,
2022-03-08,5.090300,cambio_dolar,2022,3,1,Mar/2022,5.223203,0.640582,
2022-03-09,5.009400,cambio_dolar,2022,3,1,Mar/2022,5.207150,-1.589297,
2022-03-10,5.051300,cambio_dolar,2022,3,1,Mar/2022,5.192290,0.836428,
2022-03-11,5.025500,cambio_dolar,2022,3,1,Mar/2022,5.178727,-0.510760,
2022-03-14,5.064700,cambio_dolar,2022,3,1,Mar/2022,5.168177,0.780022,
2022-03-15,5.131400,cambio_dolar,2022,3,1,Mar/2022,5.159377,1.316959,
2022-03-16,5.128700,cambio_dolar,2022,3,1,Mar/2022,5.151753,-0.052617,
2022-03-17,5.076400,cambio_dolar,2022,3,1,Mar/2022,5.144933,-1.019752,
2022-03-18,5.041100,cambio_dolar,2022,3,1,Mar/2022,5.136450,-0.695375,
2022-03-21,4.966600,cambio_dolar,2022,3,1,Mar/2022,5.125253,-1.477852,
2022-03-22,4.920800,cambio_dolar,2022,3,1,Mar/2022,5.111667,-0.922160,
2022-03-23,4.870400,cambio_dolar,2022,3,1,Mar/2022,5.097637,-1.024224,
2022-03-24,4.806700,cambio_dolar,2022,3,1,Mar/2022,5.082197,-1.307901,
2022-03-25,4.778200,cambio_dolar,2022,3,1,Mar/2022,5.065687,-0.592922,
2022-03-28,4.790500,cambio_dolar,2022,3,1,Mar/2022,5.051700,0.257419,
2022-03-29,4.748600,cambio_dolar,2022,3,1,Mar/2022,5.036697,-0.874648,
2022-03-30,4.749700,cambio_dolar,2022,3,1,Mar/2022,5.021333,0.023165,
2022-03-31,4.737800,cambio_dolar,2022,3,1,Mar/2022,5.006323,-0.250542,
2022-04-01,4.698400,cambio_dolar,2022,4,2,Apr/2022,4.990837,-0.831610,
2022-04-04,4.617500,cambio_dolar,2022,4,2,Apr/2022,4.972870,-1.721863,
2022-04-05,4.640000,cambio_dolar,2022,4,2,Apr/2022,4.956407,0.487277,
2022-04-06,4.696700,cambio_dolar,2022,4,2,Apr/2022,4.942973,1.221983,
2022-04-07,4.742200,cambio_dolar,2022,4,2,Apr/2022,4.932343,0.968765,
2022-04-08,4.751300,cambio_dolar,2022,4,2,Apr/2022,4.923577,0.191894,
2022-04-11,4.702500,cambio_dolar,2022,4,2,Apr/2022,4.909747,-1.027087,
2022-04-12,4.648300,cambio_dolar,2022,4,2,Apr/2022,4.893377,-1.152578,
2022-04-13,4.681100,cambio_dolar,2022,4,2,Apr/2022,4.878257,0.705634,
2022-04-14,4.715800,cambio_dolar,2022,4,2,Apr/2022,4.867187,0.741279,
2022-04-18,4.674600,cambio_dolar,2022,4,2,Apr/2022,4.853813,-0.873659,
2022-04-19,4.666400,cambio_dolar,2022,4,2,Apr/2022,4.840763,-0.175416,
2022-04-20,4.639700,cambio_dolar,2022,4,2,Apr/2022,4.825743,-0.572176,
2022-04-22,4.732600,cambio_dolar,2022,4,2,Apr/2022,4.816517,2.002285,
2022-04-25,4.881800,cambio_dolar,2022,4,2,Apr/2022,4.810867,3.152601,
2022-04-26,4.966600,cambio_dolar,2022,4,2,Apr/2022,4.808903,1.737064,
2022-04-27,5.016700,cambio_dolar,2022,4,2,Apr/2022,4.807303,1.008738,
2022-04-28,5.011000,cambio_dolar,2022,4,2,Apr/2022,4.803290,-0.113621,
2022-04-29,4.919100,cambio_dolar,2022,4,2,Apr/2022,4.796303,-1.833965,
2022-05-02,5.026600,cambio_dolar,2022,5,2,May/2022,4.794643,2.185359,
2022-05-03,5.016700,cambio_dolar,2022,5,2,May/2022,4.793830,-0.196952,
2022-05-04,5.009300,cambio_dolar,2022,5,2,May/2022,4.795253,-0.147507,
2022-05-05,5.005100,cambio_dolar,2022,5,2,May/2022,4.798063,-0.083844,
2022-05-06,5.075000,cambio_dolar,2022,5,2,May/2022,4.804883,1.396575,
2022-05-09,5.134000,cambio_dolar,2022,5,2,May/2022,4.815793,1.162562,
2022-05-10,5.139000,cambio_dolar,2022,5,2,May/2022,4.827820,0.097390,
2022-05-11,5.124400,cambio_dolar,2022,5,2,May/2022,4.838950,-0.284102,
2022-05-12,5.148200,cambio_dolar,2022,5,2,May/2022,4.852270,0.464445,
2022-05-13,5.107500,cambio_dolar,2022,5,2,May/2022,4.864197,-0.790568,
2022-05-16,5.066600,cambio_dolar,2022,5,2,May/2022,4.875157,-0.800783,
2022-05-17,4.967600,cambio_dolar,2022,5,2,May/2022,4.884130,-1.953973,
2022-05-18,4.959200,cambio_dolar,2022,5,2,May/2022,4.895520,-0.169096,
2022-05-19,4.919800,cambio_dolar,2022,5,2,May/2022,4.904847,-0.794483,
2022-05-20,4.877700,cambio_dolar,2022,5,2,May/2022,4.910880,-0.855726,
2022-05-23,4.797300,cambio_dolar,2022,5,2,May/2022,4.912717,-1.648318,
2022-05-24,4.810600,cambio_dolar,2022,5,2,May/2022,4.914693,0.277239,
2022-05-25,4.835900,cambio_dolar,2022,5,2,May/2022,4.919140,0.525922,
2022-05-26,4.796700,cambio_dolar,2022,5,2,May/2022,4.924087,-0.810604,
2022-05-27,4.743400,cambio_dolar,2022,5,2,May/2022,4.926163,-1.111181,
2022-05-30,4.721600,cambio_dolar,2022,5,2,May/2022,4.926357,-0.459586,
2022-05-31,4.728900,cambio_dolar,2022,5,2,May/2022,4.928167,0.154609,
2022-06-01,4.776500,cambio_dolar,2022,6,2,Jun/2022,4.931837,1.006577,
2022-06-02,4.787900,cambio_dolar,2022,6,2,Jun/2022,4.936777,0.238668,
2022-06-03,4.795600,cambio_dolar,2022,6,2,Jun/2022,4.938877,0.160822,
2022-06-06,4.783900,cambio_dolar,2022,6,2,Jun/2022,4.935613,-0.243974,
2022-06-07,4.890900,cambio_dolar,2022,6,2,Jun/2022,4.933090,2.236669,
2022-06-08,4.871100,cambio_dolar,2022,6,2,Jun/2022,4.928237,-0.404833,
2022-06-09,4.895100,cambio_dolar,2022,6,2,Jun/2022,4.924373,0.492702,
2022-06-10,4.983600,cambio_dolar,2022,6,2,Jun/2022,4.926523,1.807930,
2022-06-13,5.103300,cambio_dolar,2022,6,2,Jun/2022,4.929080,2.401878,
2022-06-14,5.120300,cambio_dolar,2022,6,2,Jun/2022,4.932533,0.333118,
2022-06-15,5.111900,cambio_dolar,2022,6,2,Jun/2022,4.935953,-0.164053,
2022-06-17,5.131300,cambio_dolar,2022,6,2,Jun/2022,4.940160,0.379507,
2022-06-20,5.164100,cambio_dolar,2022,6,2,Jun/2022,4.943130,0.639214,
2022-06-21,5.146200,cambio_dolar,2022,6,2,Jun/2022,4.943537,-0.346624,
2022-06-22,5.150900,cambio_dolar,2022,6,2,Jun/2022,4.943933,0.091330,
2022-06-23,5.183300,cambio_dolar,2022,6,2,Jun/2022,4.945897,0.629016,
2022-06-24,5.233400,cambio_dolar,2022,6,2,Jun/2022,4.948737,0.966566,
2022-06-27,5.221400,cambio_dolar,2022,6,2,Jun/2022,4.952533,-0.229296,
2022-06-28,5.217900,cambio_dolar,2022,6,2,Jun/2022,4.957577,-0.067032,
2022-06-29,5.226800,cambio_dolar,2022,6,2,Jun/2022,4.966217,0.170567,
2022-06-30,5.238000,cambio_dolar,2022,6,2,Jun/2022,4.975510,0.214280,
2022-07-01,5.314200,cambio_dolar,2022,7,3,Jul/2022,4.988657,1.454754,
2022-07-04,5.303800,cambio_dolar,2022,7,3,Jul/2022,5.002860,-0.195702,
2022-07-05,5.389900,cambio_dolar,2022,7,3,Jul/2022,5.022613,1.623364,
2022-07-06,5.432100,cambio_dolar,2022,7,3,Jul/2022,5.043330,0.782946,
2022-07-07,5.364000,cambio_dolar,2022,7,3,Jul/2022,5.060933,-1.253659,
2022-07-08,5.308600,cambio_dolar,2022,7,3,Jul/2022,5.077997,-1.032811,
2022-07-11,5.347700,cambio_dolar,2022,7,3,Jul/2022,5.098140,0.736541,
2022-07-12,5.412000,cambio_dolar,2022,7,3,Jul/2022,5.121153,1.202386,
2022-07-13,5.399200,cambio_dolar,2022,7,3,Jul/2022,5.143497,-0.236511,
2022-07-14,5.456800,cambio_dolar,2022,7,3,Jul/2022,5.166173,1.066825,
2022-07-15,5.401400,cambio_dolar,2022,7,3,Jul/2022,5.186623,-1.015247,
2022-07-18,5.367500,cambio_dolar,2022,7,3,Jul/2022,5.205687,-0.627615,
2022-07-19,5.390400,cambio_dolar,2022,7,3,Jul/2022,5.225903,0.426642,
2022-07-20,5.428800,cambio_dolar,2022,7,3,Jul/2022,5.243833,0.712378,
2022-07-21,5.475000,cambio_dolar,2022,7,3,Jul/2022,5.263963,0.851017,
2022-07-22,5.452200,cambio_dolar,2022,7,3,Jul/2022,5.282533,-0.416438,
2022-07-25,5.414400,cambio_dolar,2022,7,3,Jul/2022,5.296893,-0.693298,
2022-07-26,5.360800,cambio_dolar,2022,7,3,Jul/2022,5.305477,-0.989953,
2022-07-27,5.307400,cambio_dolar,2022,7,3,Jul/2022,5.311713,-0.996120,
2022-07-28,5.214900,cambio_dolar,2022,7,3,Jul/2022,5.315147,-1.742850,
2022-07-29,5.188400,cambio_dolar,2022,7,3,Jul/2022,5.317050,-0.508159,
2022-08-01,5.160600,cambio_dolar,2022,8,3,Aug/2022,5.316933,-0.535811,
2022-08-02,5.232900,cambio_dolar,2022,8,3,Aug/2022,5.319823,1.401000,
2022-08-03,5.284600,cambio_dolar,2022,8,3,Aug/2022,5.324280,0.987980,
2022-08-04,5.240900,cambio_dolar,2022,8,3,Aug/2022,5.326200,-0.826931,
2022-08-05,5.216500,cambio_dolar,2022,8,3,Aug/2022,5.325637,-0.465569,
2022-08-08,5.124700,cambio_dolar,2022,8,3,Aug/2022,5.322413,-1.759801,
2022-08-09,5.122400,cambio_dolar,2022,8,3,Aug/2022,5.319230,-0.044881,
2022-08-10,5.049700,cambio_dolar,2022,8,3,Aug/2022,5.313327,-1.419257,
2022-08-11,5.112700,cambio_dolar,2022,8,3,Aug/2022,5.309150,1.247599,
2022-08-12,5.102300,cambio_dolar,2022,8,3,Aug/2022,5.302087,-0.203415,
2022-08-15,5.092500,cambio_dolar,2022,8,3,Aug/2022,5.295043,-0.192070,
2022-08-16,5.134000,cambio_dolar,2022,8,3,Aug/2022,5.286513,0.814924,
2022-08-17,5.178400,cambio_dolar,2022,8,3,Aug/2022,5.278057,0.864823,
2022-08-18,5.177300,cambio_dolar,2022,8,3,Aug/2022,5.271833,-0.021242,
2022-08-19,5.196100,cambio_dolar,2022,8,3,Aug/2022,5.268083,0.363124,
2022-08-22,5.170900,cambio_dolar,2022,8,3,Aug/2022,5.262190,-0.484979,
2022-08-23,5.103000,cambio_dolar,2022,8,3,Aug/2022,5.251890,-1.313118,
2022-08-24,5.105000,cambio_dolar,2022,8,3,Aug/2022,5.242083,0.039193,
2022-08-25,5.117300,cambio_dolar,2022,8,3,Aug/2022,5.230767,0.240940,
2022-08-26,5.090300,cambio_dolar,2022,8,3,Aug/2022,5.220397,-0.527622,
2022-08-29,5.042800,cambio_dolar,2022,8,3,Aug/2022,5.209573,-0.933147,
2022-08-30,5.061700,cambio_dolar,2022,8,3,Aug/2022,5.198617,0.374792,
2022-08-31,5.179000,cambio_dolar,2022,8,3,Aug/2022,5.190290,2.317403,
2022-09-01,5.200700,cambio_dolar,2022,9,3,Sep/2022,5.181147,0.419000,
2022-09-02,5.187800,cambio_dolar,2022,9,3,Sep/2022,5.172333,-0.248044,
2022-09-05,5.168600,cambio_dolar,2022,9,3,Sep/2022,5.164140,-0.370099,
2022-09-06,5.222800,cambio_dolar,2022,9,3,Sep/2022,5.159540,1.048640,
2022-09-08,5.215500,cambio_dolar,2022,9,3,Sep/2022,5.156477,-0.139772,
2022-09-09,5.163300,cambio_dolar,2022,9,3,Sep/2022,5.154757,-1.000863,
2022-09-12,5.118300,cambio_dolar,2022,9,3,Sep/2022,5.152420,-0.871536,
2022-09-13,5.179400,cambio_dolar,2022,9,3,Sep/2022,5.153047,1.193756,
2022-09-14,5.177400,cambio_dolar,2022,9,3,Sep/2022,5.151197,-0.038615,
2022-09-15,5.221100,cambio_dolar,2022,9,3,Sep/2022,5.149080,0.844053,
2022-09-16,5.288200,cambio_dolar,2022,9,3,Sep/2022,5.150657,1.285170,
2022-09-19,5.236700,cambio_dolar,2022,9,3,Sep/2022,5.151330,-0.973866,
2022-09-20,5.170500,cambio_dolar,2022,9,3,Sep/2022,5.152857,-1.264155,
2022-09-21,5.169200,cambio_dolar,2022,9,3,Sep/2022,5.154417,-0.025143,
2022-09-22,5.167700,cambio_dolar,2022,9,3,Sep/2022,5.158350,-0.029018,
2022-09-23,5.225700,cambio_dolar,2022,9,3,Sep/2022,5.162117,1.122356,
2022-09-26,5.354800,cambio_dolar,2022,9,3,Sep/2022,5.170533,2.470482,
2022-09-27,5.350800,cambio_dolar,2022,9,3,Sep/2022,5.179143,-0.074699,
2022-09-28,5.359400,cambio_dolar,2022,9,3,Sep/2022,5.186657,0.160724,
2022-09-29,5.391600,cambio_dolar,2022,9,3,Sep/2022,5.193763,0.600814,
2022-09-30,5.406600,cambio_dolar,2022,9,3,Sep/2022,5.201407,0.278211,
2022-10-03,5.200200,cambio_dolar,2022,10,4,Oct/2022,5.201543,-3.817556,
2022-10-04,5.141100,cambio_dolar,2022,10,4,Oct/2022,5.200550,-1.136495,
2022-10-05,5.214400,cambio_dolar,2022,10,4,Oct/2022,5.204263,1.425765,
2022-10-06,5.200900,cambio_dolar,2022,10,4,Oct/2022,5.207460,-0.258898,
2022-10-07,5.222100,cambio_dolar,2022,10,4,Oct/2022,5.210953,0.407622,
2022-10-10,5.194100,cambio_dolar,2022,10,4,Oct/2022,5.214413,-0.536183,
2022-10-11,5.206800,cambio_dolar,2022,10,4,Oct/2022,5.219880,0.244508,
2022-10-13,5.301700,cambio_dolar,2022,10,4,Oct/2022,5.227880,1.822617,
2022-10-14,5.282400,cambio_dolar,2022,10,4,Oct/2022,5.231327,-0.364034,
2022-10-17,5.271300,cambio_dolar,2022,10,4,Oct/2022,5.233680,-0.210132,
2022-10-18,5.269700,cambio_dolar,2022,10,4,Oct/2022,5.236410,-0.030353,
2022-10-19,5.280800,cambio_dolar,2022,10,4,Oct/2022,5.240150,0.210638,
2022-10-20,5.217600,cambio_dolar,2022,10,4,Oct/2022,5.239977,-1.196788,
2022-10-21,5.191900,cambio_dolar,2022,10,4,Oct/2022,5.239190,-0.492564,
2022-10-24,5.274400,cambio_dolar,2022,10,4,Oct/2022,5.242893,1.589014,
2022-10-25,5.309100,cambio_dolar,2022,10,4,Oct/2022,5.249253,0.657895,
2022-10-26,5.324800,cambio_dolar,2022,10,4,Oct/2022,5.254100,0.295719,
2022-10-27,5.300300,cambio_dolar,2022,10,4,Oct/2022,5.258197,-0.460111,
2022-10-28,5.345400,cambio_dolar,2022,10,4,Oct/2022,5.262340,0.850895,
2022-10-31,5.257000,cambio_dolar,2022,10,4,Oct/2022,5.261300,-1.653758,
2022-11-01,5.150000,cambio_dolar,2022,11,4,Nov/2022,5.258410,-2.035381,
2022-11-03,5.134900,cambio_dolar,2022,11,4,Nov/2022,5.257223,-0.293204,
2022-11-04,5.036000,cambio_dolar,2022,11,4,Nov/2022,5.252783,-1.926036,
2022-11-07,5.088600,cambio_dolar,2022,11,4,Nov/2022,5.250147,1.044480,
2022-11-08,5.174400,cambio_dolar,2022,11,4,Nov/2022,5.248437,1.686122,
2022-11-09,5.162900,cambio_dolar,2022,11,4,Nov/2022,5.242040,-0.222248,
2022-11-10,5.306400,cambio_dolar,2022,11,4,Nov/2022,5.240560,2.779446,
2022-11-11,5.305100,cambio_dolar,2022,11,4,Nov/2022,5.238750,-0.024499,
2022-11-14,5.301300,cambio_dolar,2022,11,4,Nov/2022,5.235740,-0.071629,
2022-11-16,5.320400,cambio_dolar,2022,11,4,Nov/2022,5.232867,0.360289,
2022-11-17,5.465500,cambio_dolar,2022,11,4,Nov/2022,5.241710,2.727239,
2022-11-18,5.347700,cambio_dolar,2022,11,4,Nov/2022,5.248597,-2.155338,
2022-11-21,5.325900,cambio_dolar,2022,11,4,Nov/2022,5.252313,-0.407652,
2022-11-22,5.333900,cambio_dolar,2022,11,4,Nov/2022,5.256747,0.150209,
2022-11-23,5.393000,cambio_dolar,2022,11,4,Nov/2022,5.262443,1.108007,
2022-11-24,5.314900,cambio_dolar,2022,11,4,Nov/2022,5.266470,-1.448174,
2022-11-25,5.350800,cambio_dolar,2022,11,4,Nov/2022,5.271270,0.675460,
2022-11-28,5.379600,cambio_dolar,2022,11,4,Nov/2022,5.273867,0.538237,
2022-11-29,5.307600,cambio_dolar,2022,11,4,Nov/2022,5.274707,-1.338389,
2022-11-30,5.294100,cambio_dolar,2022,11,4,Nov/2022,5.275467,-0.254352,
2022-12-01,5.194800,cambio_dolar,2022,12,4,Dec/2022,5.272970,-1.875673,
2022-12-02,5.197400,cambio_dolar,2022,12,4,Dec/2022,5.270190,0.050050,
2022-12-05,5.246400,cambio_dolar,2022,12,4,Dec/2022,5.271150,0.942779,
2022-12-06,5.239600,cambio_dolar,2022,12,4,Dec/2022,5.272740,-0.129613,
2022-12-07,5.220800,cambio_dolar,2022,12,4,Dec/2022,5.270953,-0.358806,
2022-12-08,5.209100,cambio_dolar,2022,12,4,Dec/2022,5.267620,-0.224104,
2022-12-09,5.239600,cambio_dolar,2022,12,4,Dec/2022,5.264780,0.585514,
2022-12-12,5.306600,cambio_dolar,2022,12,4,Dec/2022,5.264990,1.278724,
2022-12-13,5.266900,cambio_dolar,2022,12,4,Dec/2022,5.262373,-0.748125,
2022-12-14,5.340600,cambio_dolar,2022,12,4,Dec/2022,5.265160,1.399305,
2022-12-15,5.318300,cambio_dolar,2022,12,4,Dec/2022,5.270770,-0.417556,
2022-12-16,5.280600,cambio_dolar,2022,12,4,Dec/2022,5.275627,-0.708873,
2022-12-19,5.316000,cambio_dolar,2022,12,4,Dec/2022,5.284960,0.670378,
2022-12-20,5.242700,cambio_dolar,2022,12,4,Dec/2022,5.290097,-1.378856,
2022-12-21,5.203100,cambio_dolar,2022,12,4,Dec/2022,5.291053,-0.755336,
2022-12-22,5.187100,cambio_dolar,2022,12,4,Dec/2022,5.291860,-0.307509,
2022-12-23,5.144500,cambio_dolar,2022,12,4,Dec/2022,5.286463,-0.821268,
2022-12-26,5.187200,cambio_dolar,2022,12,4,Dec/2022,5.282533,0.830013,
2022-12-27,5.283200,cambio_dolar,2022,12,4,Dec/2022,5.281930,1.850709,
2022-12-28,5.273600,cambio_dolar,2022,12,4,Dec/2022,5.280370,-0.181708,
2022-12-29,5.217700,cambio_dolar,2022,12,4,Dec/2022,5.272110,-1.059997,
2022-12-30,5.217700,cambio_dolar,2022,12,4,Dec/2022,5.267777,0.000000,
2023-01-02,5.343600,cambio_dolar,2023,1,1,Jan/2023,5.268367,2.412941,
2023-01-03,5.375900,cambio_dolar,2023,1,1,Jan/2023,5.269767,0.604461,
2023-01-04,5.445900,cambio_dolar,2023,1,1,Jan/2023,5.271530,1.302108,
2023-01-05,5.402600,cambio_dolar,2023,1,1,Jan/2023,5.274453,-0.795094,
2023-01-06,5.285500,cambio_dolar,2023,1,1,Jan/2023,5.272277,-2.167475,
2023-01-09,5.296700,cambio_dolar,2023,1,1,Jan/2023,5.269513,0.211900,
2023-01-10,5.239500,cambio_dolar,2023,1,1,Jan/2023,5.267243,-1.079918,
2023-01-11,5.202000,cambio_dolar,2023,1,1,Jan/2023,5.264173,-0.715717,
2023-01-12,5.140000,cambio_dolar,2023,1,1,Jan/2023,5.262347,-1.191849,
2023-01-13,5.114600,cambio_dolar,2023,1,1,Jan/2023,5.259587,-0.494163,
2023-01-16,5.111500,cambio_dolar,2023,1,1,Jan/2023,5.255090,-0.060611,
2023-01-17,5.120300,cambio_dolar,2023,1,1,Jan/2023,5.251113,0.172161,
2023-01-18,5.090900,cambio_dolar,2023,1,1,Jan/2023,5.246783,-0.574185,
2023-01-19,5.214400,cambio_dolar,2023,1,1,Jan/2023,5.246960,2.425897,
2023-01-20,5.198600,cambio_dolar,2023,1,1,Jan/2023,5.245593,-0.303007,
2023-01-23,5.192200,cambio_dolar,2023,1,1,Jan/2023,5.241780,-0.123110,
2023-01-24,5.169600,cambio_dolar,2023,1,1,Jan/2023,5.238537,-0.435268,
2023-01-25,5.104200,cambio_dolar,2023,1,1,Jan/2023,5.230657,-1.265088,
2023-01-26,5.095100,cambio_dolar,2023,1,1,Jan/2023,5.223217,-0.178285,
2023-01-27,5.076700,cambio_dolar,2023,1,1,Jan/2023,5.216420,-0.361131,
2023-01-30,5.095900,cambio_dolar,2023,1,1,Jan/2023,5.209083,0.378198,
2023-01-31,5.099300,cambio_dolar,2023,1,1,Jan/2023,5.204303,0.066720,
2023-02-01,5.072100,cambio_dolar,2023,2,1,Feb/2023,5.199937,-0.533407,
2023-02-02,4.990100,cambio_dolar,2023,2,1,Feb/2023,5.193370,-1.616687,
2023-02-03,5.103000,cambio_dolar,2023,2,1,Feb/2023,5.191987,2.262480,
2023-02-06,5.176300,cambio_dolar,2023,2,1,Feb/2023,5.191623,1.436410,
2023-02-07,5.169500,cambio_dolar,2023,2,1,Feb/2023,5.187833,-0.131368,
2023-02-08,5.203600,cambio_dolar,2023,2,1,Feb/2023,5.185500,0.659638,
2023-02-09,5.231500,cambio_dolar,2023,2,1,Feb/2023,5.185960,0.536167,
2023-02-10,5.252600,cambio_dolar,2023,2,1,Feb/2023,5.187123,0.403326,
2023-02-13,5.183400,cambio_dolar,2023,2,1,Feb/2023,5.181783,-1.317443,
2023-02-14,5.150700,cambio_dolar,2023,2,1,Feb/2023,5.174277,-0.630860,
2023-02-15,5.224300,cambio_dolar,2023,2,1,Feb/2023,5.166890,1.428932,
2023-02-16,5.243200,cambio_dolar,2023,2,1,Feb/2023,5.161577,0.361771,
2023-02-17,5.201200,cambio_dolar,2023,2,1,Feb/2023,5.158767,-0.801038,
2023-02-22,5.173000,cambio_dolar,2023,2,1,Feb/2023,5.154643,-0.542183,
2023-02-23,5.133000,cambio_dolar,2023,2,1,Feb/2023,5.151093,-0.773246,
2023-02-24,5.179100,cambio_dolar,2023,2,1,Feb/2023,5.150330,0.898110,
2023-02-27,5.196000,cambio_dolar,2023,2,1,Feb/2023,5.152197,0.326312,
2023-02-28,5.207800,cambio_dolar,2023,2,1,Feb/2023,5.155303,0.227098,
2023-03-01,5.207000,cambio_dolar,2023,3,1,Mar/2023,5.158487,-0.015362,
2023-03-02,5.208000,cambio_dolar,2023,3,1,Mar/2023,5.161410,0.019205,
2023-03-03,5.203700,cambio_dolar,2023,3,1,Mar/2023,5.165170,-0.082565,
2023-03-06,5.197000,cambio_dolar,2023,3,1,Mar/2023,5.164590,-0.128755,
2023-03-07,5.190100,cambio_dolar,2023,3,1,Mar/2023,5.164307,-0.132769,
2023-03-08,5.138700,cambio_dolar,2023,3,1,Mar/2023,5.162523,-0.990347,
2023-03-09,5.135300,cambio_dolar,2023,3,1,Mar/2023,5.161380,-0.066165,
2023-03-10,5.182200,cambio_dolar,2023,3,1,Mar/2023,5.163980,0.913286,
2023-03-13,5.240000,cambio_dolar,2023,3,1,Mar/2023,5.168810,1.115356,
2023-03-14,5.236200,cambio_dolar,2023,3,1,Mar/2023,5.174127,-0.072519,
2023-03-15,5.298100,cambio_dolar,2023,3,1,Mar/2023,5.180867,1.182155,
2023-03-16,5.289200,cambio_dolar,2023,3,1,Mar/2023,5.187197,-0.167985,
2023-03-17,5.267900,cambio_dolar,2023,3,1,Mar/2023,5.193723,-0.402707,
2023-03-20,5.246700,cambio_dolar,2023,3,1,Mar/2023,5.202277,-0.402437,
2023-03-21,5.244400,cambio_dolar,2023,3,1,Mar/2023,5.206990,-0.043837,
2023-03-22,5.264800,cambio_dolar,2023,3,1,Mar/2023,5.209940,0.388986,
2023-03-23,5.263200,cambio_dolar,2023,3,1,Mar/2023,5.213063,-0.030391,
2023-03-24,5.292100,cambio_dolar,2023,3,1,Mar/2023,5.216013,0.549096,
2023-03-27,5.230600,cambio_dolar,2023,3,1,Mar/2023,5.215983,-1.162110,
2023-03-28,5.173300,cambio_dolar,2023,3,1,Mar/2023,5.213340,-1.095477,
2023-03-29,5.149300,cambio_dolar,2023,3,1,Mar/2023,5.212203,-0.463921,
2023-03-30,5.125400,cambio_dolar,2023,3,1,Mar/2023,5.211360,-0.464141,
2023-03-31,5.080400,cambio_dolar,2023,3,1,Mar/2023,5.206563,-0.877980,
2023-04-03,5.063700,cambio_dolar,2023,4,2,Apr/2023,5.200580,-0.328714,
2023-04-04,5.076200,cambio_dolar,2023,4,2,Apr/2023,5.196413,0.246855,
2023-04-05,5.044700,cambio_dolar,2023,4,2,Apr/2023,5.192137,-0.620543,
2023-04-06,5.068300,cambio_dolar,2023,4,2,Apr/2023,5.189980,0.467818,
2023-04-10,5.083400,cambio_dolar,2023,4,2,Apr/2023,5.186790,0.297930,
2023-04-11,5.012800,cambio_dolar,2023,4,2,Apr/2023,5.180683,-1.388834,
2023-04-12,4.949600,cambio_dolar,2023,4,2,Apr/2023,5.172077,-1.260772,
2023-04-13,4.909700,cambio_dolar,2023,4,2,Apr/2023,5.162167,-0.806126,
2023-04-14,4.945500,cambio_dolar,2023,4,2,Apr/2023,5.153417,0.729169,
2023-04-17,4.942100,cambio_dolar,2023,4,2,Apr/2023,5.144697,-0.068749,
2023-04-18,4.967800,cambio_dolar,2023,4,2,Apr/2023,5.137057,0.520022,
2023-04-19,5.046700,cambio_dolar,2023,4,2,Apr/2023,5.132277,1.588228,
2023-04-20,5.049700,cambio_dolar,2023,4,2,Apr/2023,5.129310,0.059445,
2023-04-24,5.059500,cambio_dolar,2023,4,2,Apr/2023,5.126783,0.194071,
2023-04-25,5.061300,cambio_dolar,2023,4,2,Apr/2023,5.122753,0.035577,
2023-04-26,5.058500,cambio_dolar,2023,4,2,Apr/2023,5.116703,-0.055322,
2023-04-27,5.015000,cambio_dolar,2023,4,2,Apr/2023,5.109330,-0.859939,
2023-04-28,5.000700,cambio_dolar,2023,4,2,Apr/2023,5.099417,-0.285145,
2023-05-02,5.033400,cambio_dolar,2023,5,2,May/2023,5.090890,0.653908,
2023-05-03,5.022700,cambio_dolar,2023,5,2,May/2023,5.082717,-0.212580,
2023-05-04,5.010600,cambio_dolar,2023,5,2,May/2023,5.074847,-0.240906,
2023-05-05,4.969600,cambio_dolar,2023,5,2,May/2023,5.065687,-0.818265,
2023-05-08,4.969600,cambio_dolar,2023,5,2,May/2023,5.055847,0.000000,
2023-05-09,5.000700,cambio_dolar,2023,5,2,May/2023,5.047097,0.625805,
2023-05-10,4.954700,cambio_dolar,2023,5,2,May/2023,5.035850,-0.919871,
2023-05-11,4.969600,cambio_dolar,2023,5,2,May/2023,5.027150,0.300725,
2023-05-12,4.923400,cambio_dolar,2023,5,2,May/2023,5.018820,-0.929652,
2023-05-15,4.910300,cambio_dolar,2023,5,2,May/2023,5.010853,-0.266076,
2023-05-16,4.912200,cambio_dolar,2023,5,2,May/2023,5.003747,0.038694,
2023-05-17,4.951300,cambio_dolar,2023,5,2,May/2023,4.999443,0.795977,
2023-05-18,4.964700,cambio_dolar,2023,5,2,May/2023,4.996143,0.270636,
2023-05-19,4.985800,cambio_dolar,2023,5,2,May/2023,4.993130,0.425001,
2023-05-22,4.968000,cambio_dolar,2023,5,2,May/2023,4.990573,-0.357014,
2023-05-23,4.967400,cambio_dolar,2023,5,2,May/2023,4.987210,-0.012077,
2023-05-24,4.947400,cambio_dolar,2023,5,2,May/2023,4.982677,-0.402625,
2023-05-25,4.999000,cambio_dolar,2023,5,2,May/2023,4.982217,1.042972,
2023-05-26,5.011400,cambio_dolar,2023,5,2,May/2023,4.984277,0.248050,
2023-05-29,4.995400,cambio_dolar,2023,5,2,May/2023,4.987133,-0.319272,
2023-05-30,5.059300,cambio_dolar,2023,5,2,May/2023,4.990927,1.279177,
2023-05-31,5.095900,cambio_dolar,2023,5,2,May/2023,4.996053,0.723420,
2023-06-01,5.035000,cambio_dolar,2023,6,2,Jun/2023,4.998293,-1.195078,
2023-06-02,4.955800,cambio_dolar,2023,6,2,Jun/2023,4.995263,-1.572989,
2023-06-05,4.923600,cambio_dolar,2023,6,2,Jun/2023,4.991060,-0.649744,
2023-06-06,4.929200,cambio_dolar,2023,6,2,Jun/2023,4.986717,0.113738,
2023-06-07,4.911900,cambio_dolar,2023,6,2,Jun/2023,4.981737,-0.350970,
2023-06-09,4.892200,cambio_dolar,2023,6,2,Jun/2023,4.976193,-0.401067,
2023-06-12,4.883200,cambio_dolar,2023,6,2,Jun/2023,4.971800,-0.183966,
2023-06-13,4.853300,cambio_dolar,2023,6,2,Jun/2023,4.966887,-0.612303,
2023-06-14,4.846200,cambio_dolar,2023,6,2,Jun/2023,4.960647,-0.146292,
2023-06-15,4.822200,cambio_dolar,2023,6,2,Jun/2023,4.953963,-0.495233,
2023-06-16,4.828600,cambio_dolar,2023,6,2,Jun/2023,4.947897,0.132720,
2023-06-19,4.780300,cambio_dolar,2023,6,2,Jun/2023,4.941587,-1.000290,
2023-06-20,4.793000,cambio_dolar,2023,6,2,Jun/2023,4.935700,0.265674,
2023-06-21,4.779500,cambio_dolar,2023,6,2,Jun/2023,4.928327,-0.281661,
2023-06-22,4.775000,cambio_dolar,2023,6,2,Jun/2023,4.922337,-0.094152,
2023-06-23,4.779900,cambio_dolar,2023,6,2,Jun/2023,4.916013,0.102618,
2023-06-26,4.769800,cambio_dolar,2023,6,2,Jun/2023,4.910893,-0.211301,
2023-06-27,4.790300,cambio_dolar,2023,6,2,Jun/2023,4.906893,0.429787,
2023-06-28,4.856300,cambio_dolar,2023,6,2,Jun/2023,4.905030,1.377784,
2023-06-29,4.858400,cambio_dolar,2023,6,2,Jun/2023,4.901933,0.043243,
2023-06-30,4.819200,cambio_dolar,2023,6,2,Jun/2023,4.897083,-0.806850,
2023-07-03,4.787600,cambio_dolar,2023,7,3,Jul/2023,4.890477,-0.655710,
2023-07-04,4.805600,cambio_dolar,2023,7,3,Jul/2023,4.885063,0.375971,
2023-07-05,4.857700,cambio_dolar,2023,7,3,Jul/2023,4.881407,1.084152,
2023-07-06,4.897700,cambio_dolar,2023,7,3,Jul/2023,4.879750,0.823435,
2023-07-07,4.879900,cambio_dolar,2023,7,3,Jul/2023,4.875780,-0.363436,
2023-07-10,4.873500,cambio_dolar,2023,7,3,Jul/2023,4.871183,-0.131150,
2023-07-11,4.894900,cambio_dolar,2023,7,3,Jul/2023,4.867833,0.439109,
2023-07-12,4.805800,cambio_dolar,2023,7,3,Jul/2023,4.859383,-1.820262,
2023-07-13,4.803800,cambio_dolar,2023,7,3,Jul/2023,4.849647,-0.041616,
2023-07-14,4.795700,cambio_dolar,2023,7,3,Jul/2023,4.841670,-0.168617,
2023-07-17,4.830200,cambio_dolar,2023,7,3,Jul/2023,4.837483,0.719394,
2023-07-18,4.804000,cambio_dolar,2023,7,3,Jul/2023,4.833497,-0.542421,
2023-07-19,4.800000,cambio_dolar,2023,7,3,Jul/2023,4.829190,-0.083264,
2023-07-20,4.788800,cambio_dolar,2023,7,3,Jul/2023,4.825087,-0.233333,
2023-07-21,4.773200,cambio_dolar,2023,7,3,Jul/2023,4.821120,-0.325760,
2023-07-24,4.745700,cambio_dolar,2023,7,3,Jul/2023,4.816537,-0.576133,
2023-07-25,4.749600,cambio_dolar,2023,7,3,Jul/2023,4.813080,0.082180,
2023-07-26,4.736800,cambio_dolar,2023,7,3,Jul/2023,4.809433,-0.269496,
2023-07-27,4.720200,cambio_dolar,2023,7,3,Jul/2023,4.806033,-0.350448,
2023-07-28,4.725300,cambio_dolar,2023,7,3,Jul/2023,4.802590,0.108046,
2023-07-31,4.741500,cambio_dolar,2023,7,3,Jul/2023,4.801297,0.342835,
2023-08-01,4.775200,cambio_dolar,2023,8,3,Aug/2023,4.800703,0.710746,
2023-08-02,4.808300,cambio_dolar,2023,8,3,Aug/2023,4.801663,0.693165,
2023-08-03,4.879700,cambio_dolar,2023,8,3,Aug/2023,4.805153,1.484932,
2023-08-04,4.860900,cambio_dolar,2023,8,3,Aug/2023,4.807853,-0.385270,
2023-08-07,4.901000,cambio_dolar,2023,8,3,Aug/2023,4.812227,0.824950,
2023-08-08,4.921700,cambio_dolar,2023,8,3,Aug/2023,4.816607,0.422363,
2023-08-09,4.901500,cambio_dolar,2023,8,3,Aug/2023,4.818113,-0.410427,
2023-08-10,4.851800,cambio_dolar,2023,8,3,Aug/2023,4.817893,-1.013975,
2023-08-11,4.891800,cambio_dolar,2023,8,3,Aug/2023,4.820313,0.824436,
2023-08-14,4.948100,cambio_dolar,2023,8,3,Aug/2023,4.825663,1.150906,
2023-08-15,4.981200,cambio_dolar,2023,8,3,Aug/2023,4.831517,0.668944,
2023-08-16,4.977200,cambio_dolar,2023,8,3,Aug/2023,4.835500,-0.080302,
2023-08-17,4.981600,cambio_dolar,2023,8,3,Aug/2023,4.838297,0.088403,
2023-08-18,4.972400,cambio_dolar,2023,8,3,Aug/2023,4.841380,-0.184680,
2023-08-21,4.984700,cambio_dolar,2023,8,3,Aug/2023,4.845087,0.247365,
2023-08-22,4.943100,cambio_dolar,2023,8,3,Aug/2023,4.846693,-0.834554,
2023-08-23,4.897700,cambio_dolar,2023,8,3,Aug/2023,4.849757,-0.918452,
2023-08-24,4.874800,cambio_dolar,2023,8,3,Aug/2023,4.852123,-0.467566,
2023-08-25,4.877200,cambio_dolar,2023,8,3,Aug/2023,4.854840,0.049233,
2023-08-28,4.893800,cambio_dolar,2023,8,3,Aug/2023,4.856960,0.340359,
2023-08-29,4.870600,cambio_dolar,2023,8,3,Aug/2023,4.859180,-0.474069,
2023-08-30,4.865300,cambio_dolar,2023,8,3,Aug/2023,4.861357,-0.108816,
2023-08-31,4.921900,cambio_dolar,2023,8,3,Aug/2023,4.865793,1.163340,
2023-09-01,4.931800,cambio_dolar,2023,9,3,Sep/2023,4.871080,0.201142,
2023-09-04,4.917600,cambio_dolar,2023,9,3,Sep/2023,4.876810,-0.287927,
2023-09-05,4.970500,cambio_dolar,2023,9,3,Sep/2023,4.884173,1.075728,
2023-09-06,4.976200,cambio_dolar,2023,9,3,Sep/2023,4.892153,0.114677,
2023-09-08,4.983500,cambio_dolar,2023,9,3,Sep/2023,4.900930,0.146698,
2023-09-11,4.936600,cambio_dolar,2023,9,3,Sep/2023,4.907973,-0.941106,
2023-09-12,4.950500,cambio_dolar,2023,9,3,Sep/2023,4.914940,0.281570,
2023-09-13,4.917100,cambio_dolar,2023,9,3,Sep/2023,4.919670,-0.674679,
2023-09-14,4.875100,cambio_dolar,2023,9,3,Sep/2023,4.921897,-0.854162,
2023-09-15,4.868900,cambio_dolar,2023,9,3,Sep/2023,4.921537,-0.127177,
2023-09-18,4.853500,cambio_dolar,2023,9,3,Sep/2023,4.921290,-0.316293,
2023-09-19,4.857500,cambio_dolar,2023,9,3,Sep/2023,4.919840,0.082415,
2023-09-20,4.848700,cambio_dolar,2023,9,3,Sep/2023,4.917407,-0.181163,
2023-09-21,4.922900,cambio_dolar,2023,9,3,Sep/2023,4.918120,1.530307,
2023-09-22,4.913100,cambio_dolar,2023,9,3,Sep/2023,4.920163,-0.199070,
2023-09-25,4.960600,cambio_dolar,2023,9,3,Sep/2023,4.922457,0.966803,
2023-09-26,4.971700,cambio_dolar,2023,9,3,Sep/2023,4.923243,0.223763,
2023-09-27,5.028900,cambio_dolar,2023,9,3,Sep/2023,4.924833,1.150512,
2023-09-28,5.047500,cambio_dolar,2023,9,3,Sep/2023,4.927177,0.369862,
2023-09-29,5.007600,cambio_dolar,2023,9,3,Sep/2023,4.928043,-0.790490,
2023-10-02,5.067900,cambio_dolar,2023,10,4,Oct/2023,4.931227,1.204170,
2023-10-03,5.110000,cambio_dolar,2023,10,4,Oct/2023,4.935403,0.830719,
2023-10-04,5.152600,cambio_dolar,2023,10,4,Oct/2023,4.942387,0.833659,
2023-10-05,5.171300,cambio_dolar,2023,10,4,Oct/2023,4.951507,0.362924,
2023-10-06,5.191800,cambio_dolar,2023,10,4,Oct/2023,4.962073,0.396419,
2023-10-09,5.166600,cambio_dolar,2023,10,4,Oct/2023,4.971720,-0.485381,
2023-10-10,5.086200,cambio_dolar,2023,10,4,Oct/2023,4.978133,-1.556149,
2023-10-11,5.049600,cambio_dolar,2023,10,4,Oct/2023,4.984100,-0.719594,
2023-10-13,5.062500,cambio_dolar,2023,10,4,Oct/2023,4.990673,0.255466,
2023-10-16,5.061800,cambio_dolar,2023,10,4,Oct/2023,4.995337,-0.013827,
2023-10-17,5.038400,cambio_dolar,2023,10,4,Oct/2023,4.998890,-0.462286,
2023-10-18,5.056800,cambio_dolar,2023,10,4,Oct/2023,5.003530,0.365195,
2023-10-19,5.054000,cambio_dolar,2023,10,4,Oct/2023,5.006313,-0.055371,
2023-10-20,5.052800,cambio_dolar,2023,10,4,Oct/2023,5.008867,-0.023744,
2023-10-23,5.016400,cambio_dolar,2023,10,4,Oct/2023,5.009963,-0.720393,
2023-10-24,5.006500,cambio_dolar,2023,10,4,Oct/2023,5.012293,-0.197353,
2023-10-25,4.998100,cambio_dolar,2023,10,4,Oct/2023,5.013880,-0.167782,
2023-10-26,5.005500,cambio_dolar,2023,10,4,Oct/2023,5.016827,0.148056,
2023-10-27,4.948000,cambio_dolar,2023,10,4,Oct/2023,5.019257,-1.148736,
2023-10-30,5.007400,cambio_dolar,2023,10,4,Oct/2023,5.023873,1.200485,
2023-10-31,5.057500,cambio_dolar,2023,10,4,Oct/2023,5.030673,1.000519,
2023-11-01,5.019400,cambio_dolar,2023,11,4,Nov/2023,5.036070,-0.753337,
2023-11-03,4.891000,cambio_dolar,2023,11,4,Nov/2023,5.037480,-2.558075,
2023-11-06,4.899900,cambio_dolar,2023,11,4,Nov/2023,5.036713,0.181967,
2023-11-07,4.867000,cambio_dolar,2023,11,4,Nov/2023,5.035177,-0.671442,
2023-11-08,4.885500,cambio_dolar,2023,11,4,Nov/2023,5.032673,0.380111,
2023-11-09,4.900700,cambio_dolar,2023,11,4,Nov/2023,5.030307,0.311125,
2023-11-10,4.921900,cambio_dolar,2023,11,4,Nov/2023,5.026740,0.432591,
2023-11-13,4.924700,cambio_dolar,2023,11,4,Nov/2023,5.022647,0.056889,
2023-11-14,4.868200,cambio_dolar,2023,11,4,Nov/2023,5.018000,-1.147278,
2023-11-16,4.857500,cambio_dolar,2023,11,4,Nov/2023,5.010987,-0.219794,
2023-11-17,4.884900,cambio_dolar,2023,11,4,Nov/2023,5.003483,0.564076,
2023-11-20,4.872300,cambio_dolar,2023,11,4,Nov/2023,4.994140,-0.257938,
2023-11-21,4.880600,cambio_dolar,2023,11,4,Nov/2023,4.984450,0.170351,
2023-11-22,4.896800,cambio_dolar,2023,11,4,Nov/2023,4.974617,0.331926,
2023-11-23,4.893100,cambio_dolar,2023,11,4,Nov/2023,4.965500,-0.075560,
2023-11-24,4.892700,cambio_dolar,2023,11,4,Nov/2023,4.959050,-0.008175,
2023-11-27,4.895100,cambio_dolar,2023,11,4,Nov/2023,4.953900,0.049053,
2023-11-28,4.886700,cambio_dolar,2023,11,4,Nov/2023,4.948040,-0.171600,
2023-11-29,4.893300,cambio_dolar,2023,11,4,Nov/2023,4.942423,0.135060,
2023-11-30,4.935500,cambio_dolar,2023,11,4,Nov/2023,4.938993,0.862404,
2023-12-01,4.919100,cambio_dolar,2023,12,4,Dec/2023,4.934403,-0.332286,
2023-12-04,4.909100,cambio_dolar,2023,12,4,Dec/2023,4.929573,-0.203289,
2023-12-05,4.952200,cambio_dolar,2023,12,4,Dec/2023,4.926220,0.877961,
2023-12-06,4.903100,cambio_dolar,2023,12,4,Dec/2023,4.922443,-0.991479,
2023-12-07,4.894900,cambio_dolar,2023,12,4,Dec/2023,4.918723,-0.167241,
2023-12-08,4.915800,cambio_dolar,2023,12,4,Dec/2023,4.915980,0.426975,
2023-12-11,4.944000,cambio_dolar,2023,12,4,Dec/2023,4.913930,0.573660,
2023-12-12,4.947600,cambio_dolar,2023,12,4,Dec/2023,4.913917,0.072816,
2023-12-13,4.958000,cambio_dolar,2023,12,4,Dec/2023,4.912270,0.210203,
2023-12-14,4.891200,cambio_dolar,2023,12,4,Dec/2023,4.906727,-1.347317,
2023-12-15,4.939700,cambio_dolar,2023,12,4,Dec/2023,4.904070,0.991577,
2023-12-18,4.939900,cambio_dolar,2023,12,4,Dec/2023,4.905700,0.004049,
2023-12-19,4.866300,cambio_dolar,2023,12,4,Dec/2023,4.904580,-1.489909,
2023-12-20,4.876600,cambio_dolar,2023,12,4,Dec/2023,4.904900,0.211660,
2023-12-21,4.875500,cambio_dolar,2023,12,4,Dec/2023,4.904567,-0.022557,
2023-12-22,4.861900,cambio_dolar,2023,12,4,Dec/2023,4.903273,-0.278946,
2023-12-26,4.836800,cambio_dolar,2023,12,4,Dec/2023,4.900437,-0.516259,
2023-12-27,4.830600,cambio_dolar,2023,12,4,Dec/2023,4.897300,-0.128184,
2023-12-28,4.841300,cambio_dolar,2023,12,4,Dec/2023,4.896403,0.221505,
2023-12-29,4.841300,cambio_dolar,2023,12,4,Dec/2023,4.895863,0.000000,
2024-01-02,4.891600,cambio_dolar,2024,1,1,Jan/2024,4.896087,1.038977,
2024-01-03,4.921200,cambio_dolar,2024,1,1,Jan/2024,4.897717,0.605119,
2024-01-04,4.918800,cambio_dolar,2024,1,1,Jan/2024,4.898990,-0.048769,
2024-01-05,4.889900,cambio_dolar,2024,1,1,Jan/2024,4.898760,-0.587542,
2024-01-08,4.885000,cambio_dolar,2024,1,1,Jan/2024,4.898490,-0.100207,
2024-01-09,4.893700,cambio_dolar,2024,1,1,Jan/2024,4.898523,0.178096,
2024-01-10,4.890100,cambio_dolar,2024,1,1,Jan/2024,4.898357,-0.073564,
2024-01-11,4.879400,cambio_dolar,2024,1,1,Jan/2024,4.898113,-0.218809,
2024-01-12,4.854300,cambio_dolar,2024,1,1,Jan/2024,4.896813,-0.514408,
2024-01-15,4.876500,cambio_dolar,2024,1,1,Jan/2024,4.894847,0.457326,
2024-01-16,4.903800,cambio_dolar,2024,1,1,Jan/2024,4.894337,0.559828,
2024-01-17,4.934600,cambio_dolar,2024,1,1,Jan/2024,4.895187,0.628084,
2024-01-18,4.940300,cambio_dolar,2024,1,1,Jan/2024,4.894790,0.115511,
2024-01-19,4.922300,cambio_dolar,2024,1,1,Jan/2024,4.895430,-0.364350,
2024-01-22,4.949000,cambio_dolar,2024,1,1,Jan/2024,4.897233,0.542429,
2024-01-23,4.971500,cambio_dolar,2024,1,1,Jan/2024,4.899090,0.454637,
2024-01-24,4.919200,cambio_dolar,2024,1,1,Jan/2024,4.898263,-1.051996,
2024-01-25,4.923200,cambio_dolar,2024,1,1,Jan/2024,4.897450,0.081314,
2024-01-26,4.912500,cambio_dolar,2024,1,1,Jan/2024,4.895933,-0.217338,
2024-01-29,4.922500,cambio_dolar,2024,1,1,Jan/2024,4.896977,0.203562,
2024-01-30,4.963800,cambio_dolar,2024,1,1,Jan/2024,4.897780,0.839005,
2024-01-31,4.953500,cambio_dolar,2024,1,1,Jan/2024,4.898233,-0.207502,
2024-02-01,4.935000,cambio_dolar,2024,2,1,Feb/2024,4.900523,-0.373473,
2024-02-02,4.947100,cambio_dolar,2024,2,1,Feb/2024,4.902873,0.245187,
2024-02-05,5.005300,cambio_dolar,2024,2,1,Feb/2024,4.907200,1.176447,
2024-02-06,4.968700,cambio_dolar,2024,2,1,Feb/2024,4.910760,-0.731225,
2024-02-07,4.960800,cambio_dolar,2024,2,1,Feb/2024,4.914893,-0.158995,
2024-02-08,4.980400,cambio_dolar,2024,2,1,Feb/2024,4.919887,0.395098,
2024-02-09,4.971700,cambio_dolar,2024,2,1,Feb/2024,4.924233,-0.174685,
2024-02-14,4.972300,cambio_dolar,2024,2,1,Feb/2024,4.928600,0.012068,
2024-02-15,4.971000,cambio_dolar,2024,2,1,Feb/2024,4.931247,-0.026145,
2024-02-16,4.976100,cambio_dolar,2024,2,1,Feb/2024,4.933077,0.102595,
2024-02-19,4.958500,cambio_dolar,2024,2,1,Feb/2024,4.934400,-0.353691,
2024-02-20,4.940800,cambio_dolar,2024,2,1,Feb/2024,4.936097,-0.356963,
2024-02-21,4.930300,cambio_dolar,2024,2,1,Feb/2024,4.937607,-0.212516,
2024-02-22,4.941900,cambio_dolar,2024,2,1,Feb/2024,4.939213,0.235280,
2024-02-23,4.985100,cambio_dolar,2024,2,1,Feb/2024,4.942380,0.874158,
2024-02-26,4.981900,cambio_dolar,2024,2,1,Feb/2024,4.945797,-0.064191,
2024-02-27,4.957500,cambio_dolar,2024,2,1,Feb/2024,4.949237,-0.489773,
2024-02-28,4.955700,cambio_dolar,2024,2,1,Feb/2024,4.951877,-0.036309,
2024-02-29,4.983300,cambio_dolar,2024,2,1,Feb/2024,4.954527,0.556934,
2024-03-01,4.959600,cambio_dolar,2024,3,1,Mar/2024,4.955360,-0.475588,
2024-03-04,4.947500,cambio_dolar,2024,3,1,Mar/2024,4.955600,-0.243971,
2024-03-05,4.948800,cambio_dolar,2024,3,1,Mar/2024,4.956483,0.026276,
2024-03-06,4.939800,cambio_dolar,2024,3,1,Mar/2024,4.956177,-0.181862,
2024-03-07,4.936400,cambio_dolar,2024,3,1,Mar/2024,4.955007,-0.068829,
2024-03-08,4.975100,cambio_dolar,2024,3,1,Mar/2024,4.956870,0.783972,
2024-03-11,4.977700,cambio_dolar,2024,3,1,Mar/2024,4.958687,0.052260,
2024-03-12,4.981300,cambio_dolar,2024,3,1,Mar/2024,4.960980,0.072323,
2024-03-13,4.980300,cambio_dolar,2024,3,1,Mar/2024,4.962907,-0.020075,
2024-03-14,4.976800,cambio_dolar,2024,3,1,Mar/2024,4.963340,-0.070277,
2024-03-15,4.993700,cambio_dolar,2024,3,1,Mar/2024,4.964680,0.339576,
2024-03-18,5.012400,cambio_dolar,2024,3,1,Mar/2024,4.967260,0.374472,
2024-03-19,5.035200,cambio_dolar,2024,3,1,Mar/2024,4.970197,0.454872,
2024-03-20,5.012000,cambio_dolar,2024,3,1,Mar/2024,4.970420,-0.460756,
2024-03-21,4.980700,cambio_dolar,2024,3,1,Mar/2024,4.970820,-0.624501,
2024-03-22,4.989700,cambio_dolar,2024,3,1,Mar/2024,4.971783,0.180697,
2024-03-25,4.986900,cambio_dolar,2024,3,1,Mar/2024,4.972000,-0.056116,
2024-03-26,4.987000,cambio_dolar,2024,3,1,Mar/2024,4.972510,0.002005,
2024-03-27,4.985600,cambio_dolar,2024,3,1,Mar/2024,4.972953,-0.028073,
2024-03-28,4.996200,cambio_dolar,2024,3,1,Mar/2024,4.973793,0.212612,
2024-04-01,5.053200,cambio_dolar,2024,4,2,Apr/2024,4.976363,1.140867,
2024-04-02,5.047600,cambio_dolar,2024,4,2,Apr/2024,4.979333,-0.110821,
2024-04-03,5.072400,cambio_dolar,2024,4,2,Apr/2024,4.983720,0.491323,
2024-04-04,5.023700,cambio_dolar,2024,4,2,Apr/2024,4.986833,-0.960098,
2024-04-05,5.052000,cambio_dolar,2024,4,2,Apr/2024,4.990503,0.563330,
2024-04-08,5.042100,cambio_dolar,2024,4,2,Apr/2024,4.992403,-0.195962,
2024-04-09,5.008000,cambio_dolar,2024,4,2,Apr/2024,4.993273,-0.676306,
2024-04-10,5.065400,cambio_dolar,2024,4,2,Apr/2024,4.996870,1.146166,
2024-04-11,5.076500,cambio_dolar,2024,4,2,Apr/2024,5.000897,0.219134,
2024-04-12,5.136400,cambio_dolar,2024,4,2,Apr/2024,5.006000,1.179947,
2024-04-15,5.174600,cambio_dolar,2024,4,2,Apr/2024,5.013167,0.743712,
2024-04-16,5.263500,cambio_dolar,2024,4,2,Apr/2024,5.023700,1.718007,
2024-04-17,5.246900,cambio_dolar,2024,4,2,Apr/2024,5.033637,-0.315380,
2024-04-18,5.251200,cambio_dolar,2024,4,2,Apr/2024,5.044017,0.081953,
2024-04-19,5.226900,cambio_dolar,2024,4,2,Apr/2024,5.053700,-0.462751,
2024-04-22,5.204300,cambio_dolar,2024,4,2,Apr/2024,5.061340,-0.432379,
2024-04-23,5.162600,cambio_dolar,2024,4,2,Apr/2024,5.067503,-0.801260,
2024-04-24,5.159200,cambio_dolar,2024,4,2,Apr/2024,5.073433,-0.065858,
2024-04-25,5.167900,cambio_dolar,2024,4,2,Apr/2024,5.079687,0.168631,
2024-04-26,5.118400,cambio_dolar,2024,4,2,Apr/2024,5.084407,-0.957836,
2024-04-29,5.115500,cambio_dolar,2024,4,2,Apr/2024,5.088467,-0.056658,
2024-04-30,5.171800,cambio_dolar,2024,4,2,Apr/2024,5.093780,1.100577,
2024-05-02,5.118400,cambio_dolar,2024,5,2,May/2024,5.096553,-1.032523,
2024-05-03,5.066800,cambio_dolar,2024,5,2,May/2024,5.098380,-1.008128,
2024-05-06,5.072700,cambio_dolar,2024,5,2,May/2024,5.101447,0.116444,
2024-05-07,5.061000,cambio_dolar,2024,5,2,May/2024,5.103823,-0.230646,
2024-05-08,5.088700,cambio_dolar,2024,5,2,May/2024,5.107217,0.547323,
2024-05-09,5.157700,cambio_dolar,2024,5,2,May/2024,5.112907,1.355946,
2024-05-10,5.146400,cambio_dolar,2024,5,2,May/2024,5.118267,-0.219090,
2024-05-13,5.141200,cambio_dolar,2024,5,2,May/2024,5.123100,-0.101042,
2024-05-14,5.135600,cambio_dolar,2024,5,2,May/2024,5.125847,-0.108924,
2024-05-15,5.142300,cambio_dolar,2024,5,2,May/2024,5.129003,0.130462,
2024-05-16,5.127000,cambio_dolar,2024,5,2,May/2024,5.130823,-0.297532,
2024-05-17,5.115700,cambio_dolar,2024,5,2,May/2024,5.133890,-0.220402,
2024-05-20,5.108500,cambio_dolar,2024,5,2,May/2024,5.135773,-0.140743,
2024-05-21,5.103700,cambio_dolar,2024,5,2,May/2024,5.137827,-0.093961,
2024-05-22,5.150200,cambio_dolar,2024,5,2,May/2024,5.142567,0.911104,
2024-05-23,5.144300,cambio_dolar,2024,5,2,May/2024,5.145197,-0.114559,
2024-05-24,5.150800,cambio_dolar,2024,5,2,May/2024,5.147673,0.126353,
2024-05-27,5.170400,cambio_dolar,2024,5,2,May/2024,5.148807,0.380523,
2024-05-28,5.153800,cambio_dolar,2024,5,2,May/2024,5.148113,-0.321058,
2024-05-29,5.197200,cambio_dolar,2024,5,2,May/2024,5.145903,0.842097,
2024-05-31,5.241600,cambio_dolar,2024,5,2,May/2024,5.145727,0.854306,
2024-06-03,5.237300,cambio_dolar,2024,6,2,Jun/2024,5.145263,-0.082036,
2024-06-04,5.268700,cambio_dolar,2024,6,2,Jun/2024,5.146657,0.599546,
2024-06-05,5.284100,cambio_dolar,2024,6,2,Jun/2024,5.149317,0.292292,
2024-06-06,5.268100,cambio_dolar,2024,6,2,Jun/2024,5.152833,-0.302795,
2024-06-07,5.280200,cambio_dolar,2024,6,2,Jun/2024,5.156867,0.229684,
2024-06-10,5.366600,cambio_dolar,2024,6,2,Jun/2024,5.163490,1.636302,
2024-06-11,5.352400,cambio_dolar,2024,6,2,Jun/2024,5.171290,-0.264600,
2024-06-12,5.389100,cambio_dolar,2024,6,2,Jun/2024,5.180410,0.685674,
2024-06-13,5.397400,cambio_dolar,2024,6,2,Jun/2024,5.187930,0.154015,
2024-06-14,5.363000,cambio_dolar,2024,6,2,Jun/2024,5.196083,-0.637344,
2024-06-17,5.413000,cambio_dolar,2024,6,2,Jun/2024,5.207623,0.932314,
2024-06-18,5.407400,cambio_dolar,2024,6,2,Jun/2024,5.218780,-0.103455,
2024-06-19,5.464700,cambio_dolar,2024,6,2,Jun/2024,5.232237,1.059659,
2024-06-20,5.425400,cambio_dolar,2024,6,2,Jun/2024,5.243460,-0.719161,
2024-06-21,5.441600,cambio_dolar,2024,6,2,Jun/2024,5.252923,0.298595,
2024-06-24,5.400000,cambio_dolar,2024,6,2,Jun/2024,5.261377,-0.764481,
2024-06-25,5.429000,cambio_dolar,2024,6,2,Jun/2024,5.270970,0.537037,
2024-06-26,5.509700,cambio_dolar,2024,6,2,Jun/2024,5.283440,1.486462,
2024-06-27,5.522900,cambio_dolar,2024,6,2,Jun/2024,5.296127,0.239577,
2024-06-28,5.558900,cambio_dolar,2024,6,2,Jun/2024,5.310523,0.651831,
2024-07-01,5.589300,cambio_dolar,2024,7,3,Jul/2024,5.326310,0.546871,
2024-07-02,5.667700,cambio_dolar,2024,7,3,Jul/2024,5.344950,1.402680,
2024-07-03,5.586300,cambio_dolar,2024,7,3,Jul/2024,5.361037,-1.436209,
2024-07-04,5.483900,cambio_dolar,2024,7,3,Jul/2024,5.372160,-1.833056,
2024-07-05,5.497000,cambio_dolar,2024,7,3,Jul/2024,5.383917,0.238881,
2024-07-08,5.472000,cambio_dolar,2024,7,3,Jul/2024,5.394623,-0.454794,
2024-07-09,5.438700,cambio_dolar,2024,7,3,Jul/2024,5.403567,-0.608553,
2024-07-10,5.396700,cambio_dolar,2024,7,3,Jul/2024,5.411663,-0.772243,
2024-07-11,5.410000,cambio_dolar,2024,7,3,Jul/2024,5.418757,0.246447,
2024-07-12,5.452900,cambio_dolar,2024,7,3,Jul/2024,5.425800,0.792976,
2024-07-15,5.456300,cambio_dolar,2024,7,3,Jul/2024,5.433100,0.062352,
2024-07-16,5.427400,cambio_dolar,2024,7,3,Jul/2024,5.438390,-0.529663,
2024-07-17,5.467000,cambio_dolar,2024,7,3,Jul/2024,5.444487,0.729631,
2024-07-18,5.542600,cambio_dolar,2024,7,3,Jul/2024,5.453637,1.382843,
2024-07-19,5.554300,cambio_dolar,2024,7,3,Jul/2024,5.462773,0.211092,
2024-07-22,5.559800,cambio_dolar,2024,7,3,Jul/2024,5.469213,0.099022,
2024-07-23,5.580700,cambio_dolar,2024,7,3,Jul/2024,5.476823,0.375913,
2024-07-24,5.634600,cambio_dolar,2024,7,3,Jul/2024,5.485007,0.965829,
2024-07-25,5.640200,cambio_dolar,2024,7,3,Jul/2024,5.493100,0.099386,
2024-07-26,5.646500,cambio_dolar,2024,7,3,Jul/2024,5.502550,0.111698,
2024-07-29,5.647900,cambio_dolar,2024,7,3,Jul/2024,5.510380,0.024794,
2024-07-30,5.653200,cambio_dolar,2024,7,3,Jul/2024,5.518573,0.093840,
2024-07-31,5.662100,cambio_dolar,2024,7,3,Jul/2024,5.525153,0.157433,
2024-08-01,5.668100,cambio_dolar,2024,8,3,Aug/2024,5.533243,0.105968,
2024-08-02,5.736600,cambio_dolar,2024,8,3,Aug/2024,5.543077,1.208518,
2024-08-05,5.764600,cambio_dolar,2024,8,3,Aug/2024,5.555230,0.488094,
2024-08-06,5.652800,cambio_dolar,2024,8,3,Aug/2024,5.562690,-1.939423,
2024-08-07,5.609300,cambio_dolar,2024,8,3,Aug/2024,5.566010,-0.769530,
2024-08-08,5.617200,cambio_dolar,2024,8,3,Aug/2024,5.569153,0.140838,
2024-08-09,5.511500,cambio_dolar,2024,8,3,Aug/2024,5.567573,-1.881720,
2024-08-12,5.491100,cambio_dolar,2024,8,3,Aug/2024,5.564300,-0.370135,
2024-08-13,5.487500,cambio_dolar,2024,8,3,Aug/2024,5.558293,-0.065561,
2024-08-14,5.450200,cambio_dolar,2024,8,3,Aug/2024,5.553757,-0.679727,
2024-08-15,5.465100,cambio_dolar,2024,8,3,Aug/2024,5.553130,0.273384,
2024-08-16,5.463200,cambio_dolar,2024,8,3,Aug/2024,5.552003,-0.034766,
2024-08-19,5.423700,cambio_dolar,2024,8,3,Aug/2024,5.550393,-0.723019,
2024-08-20,5.454700,cambio_dolar,2024,8,3,Aug/2024,5.550927,0.571566,
2024-08-21,5.470700,cambio_dolar,2024,8,3,Aug/2024,5.553393,0.293325,
2024-08-22,5.552400,cambio_dolar,2024,8,3,Aug/2024,5.558140,1.493410,
2024-08-23,5.526300,cambio_dolar,2024,8,3,Aug/2024,5.560587,-0.470067,
2024-08-26,5.492100,cambio_dolar,2024,8,3,Aug/2024,5.561780,-0.618859,
2024-08-27,5.496900,cambio_dolar,2024,8,3,Aug/2024,5.564097,0.087398,
2024-08-28,5.531500,cambio_dolar,2024,8,3,Aug/2024,5.566247,0.629446,
2024-08-29,5.635800,cambio_dolar,2024,8,3,Aug/2024,5.569353,1.885564,
2024-08-30,5.656200,cambio_dolar,2024,8,3,Aug/2024,5.572750,0.361972,
2024-09-02,5.623000,cambio_dolar,2024,9,3,Sep/2024,5.574857,-0.586967,
2024-09-03,5.622400,cambio_dolar,2024,9,3,Sep/2024,5.576247,-0.010670,
2024-09-04,5.635900,cambio_dolar,2024,9,3,Sep/2024,5.576290,0.240111,
2024-09-05,5.604900,cambio_dolar,2024,9,3,Sep/2024,5.575113,-0.550045,
2024-09-06,5.570200,cambio_dolar,2024,9,3,Sep/2024,5.572570,-0.619101,
2024-09-09,5.609700,cambio_dolar,2024,9,3,Sep/2024,5.571297,0.709131,
2024-09-10,5.625400,cambio_dolar,2024,9,3,Sep/2024,5.570370,0.279872,
2024-09-11,5.638700,cambio_dolar,2024,9,3,Sep/2024,5.569590,0.236428,
2024-09-12,5.655400,cambio_dolar,2024,9,3,Sep/2024,5.569167,0.296168,
2024-09-13,5.571700,cambio_dolar,2024,9,3,Sep/2024,5.563670,-1.480001,
2024-09-16,5.520700,cambio_dolar,2024,9,3,Sep/2024,5.555540,-0.915340,
2024-09-17,5.501000,cambio_dolar,2024,9,3,Sep/2024,5.550480,-0.356839,
2024-09-18,5.476700,cambio_dolar,2024,9,3,Sep/2024,5.546060,-0.441738,
2024-09-19,5.418900,cambio_dolar,2024,9,3,Sep/2024,5.539450,-1.055380,
2024-09-20,5.477500,cambio_dolar,2024,9,3,Sep/2024,5.538317,1.081400,
2024-09-23,5.544600,cambio_dolar,2024,9,3,Sep/2024,5.540100,1.225011,
2024-09-24,5.470200,cambio_dolar,2024,9,3,Sep/2024,5.539523,-1.341846,
2024-09-25,5.473600,cambio_dolar,2024,9,3,Sep/2024,5.540303,0.062155,
2024-09-26,5.441200,cambio_dolar,2024,9,3,Sep/2024,5.539507,-0.591932,
2024-09-27,5.443100,cambio_dolar,2024,9,3,Sep/2024,5.538837,0.034919,
2024-09-30,5.448100,cambio_dolar,2024,9,3,Sep/2024,5.539650,0.091859,
2024-10-01,5.452100,cambio_dolar,2024,10,4,Oct/2024,5.539563,0.073420,
2024-10-02,5.430500,cambio_dolar,2024,10,4,Oct/2024,5.538223,-0.396178,
2024-10-03,5.485000,cambio_dolar,2024,10,4,Oct/2024,5.535977,1.003591,
2024-10-04,5.468600,cambio_dolar,2024,10,4,Oct/2024,5.534053,-0.298997,
2024-10-07,5.462600,cambio_dolar,2024,10,4,Oct/2024,5.533070,-0.109717,
2024-10-08,5.519700,cambio_dolar,2024,10,4,Oct/2024,5.533830,1.045290,
2024-10-09,5.573700,cambio_dolar,2024,10,4,Oct/2024,5.535237,0.978314,
2024-10-10,5.581900,cambio_dolar,2024,10,4,Oct/2024,5.533440,0.147120,
2024-10-11,5.626300,cambio_dolar,2024,10,4,Oct/2024,5.532443,0.795428,
2024-10-14,5.604500,cambio_dolar,2024,10,4,Oct/2024,5.531827,-0.387466,
2024-10-15,5.637800,cambio_dolar,2024,10,4,Oct/2024,5.532340,0.594165,
2024-10-16,5.674900,cambio_dolar,2024,10,4,Oct/2024,5.533640,0.658058,
2024-10-17,5.675800,cambio_dolar,2024,10,4,Oct/2024,5.536003,0.015859,
2024-10-18,5.667200,cambio_dolar,2024,10,4,Oct/2024,5.539237,-0.151520,
2024-10-21,5.706800,cambio_dolar,2024,10,4,Oct/2024,5.542473,0.698758,
2024-10-22,5.695800,cambio_dolar,2024,10,4,Oct/2024,5.544820,-0.192753,
2024-10-23,5.714900,cambio_dolar,2024,10,4,Oct/2024,5.547360,0.335335,
2024-10-24,5.708700,cambio_dolar,2024,10,4,Oct/2024,5.549137,-0.108488,
2024-10-25,5.696900,cambio_dolar,2024,10,4,Oct/2024,5.553310,-0.206702,
2024-10-28,5.698800,cambio_dolar,2024,10,4,Oct/2024,5.559247,0.033351,
2024-10-29,5.714000,cambio_dolar,2024,10,4,Oct/2024,5.566347,0.266723,
2024-10-30,5.780100,cambio_dolar,2024,10,4,Oct/2024,5.576460,1.156808,
2024-10-31,5.777900,cambio_dolar,2024,10,4,Oct/2024,5.588427,-0.038062,
2024-11-01,5.807300,cambio_dolar,2024,11,4,Nov/2024,5.599420,0.508835,
2024-11-04,5.789800,cambio_dolar,2024,11,4,Nov/2024,5.607593,-0.301345,
2024-11-05,5.784600,cambio_dolar,2024,11,4,Nov/2024,5.618073,-0.089813,
2024-11-06,5.764800,cambio_dolar,2024,11,4,Nov/2024,5.627780,-0.342288,
2024-11-07,5.662400,cambio_dolar,2024,11,4,Nov/2024,5.635153,-1.776298,
2024-11-08,5.764800,cambio_dolar,2024,11,4,Nov/2024,5.645877,1.808420,
2024-11-11,5.798000,cambio_dolar,2024,11,4,Nov/2024,5.657540,0.575909,
2024-11-12,5.769400,cambio_dolar,2024,11,4,Nov/2024,5.668117,-0.493274,
2024-11-13,5.771300,cambio_dolar,2024,11,4,Nov/2024,5.679477,0.032932,
2024-11-14,5.788500,cambio_dolar,2024,11,4,Nov/2024,5.689593,0.298026,
2024-11-18,5.760300,cambio_dolar,2024,11,4,Nov/2024,5.699317,-0.487173,
2024-11-19,5.774300,cambio_dolar,2024,11,4,Nov/2024,5.709707,0.243043,
2024-11-21,5.817300,cambio_dolar,2024,11,4,Nov/2024,5.719627,0.744679,
2024-11-22,5.812400,cambio_dolar,2024,11,4,Nov/2024,5.727583,-0.084232,
2024-11-25,5.800200,cambio_dolar,2024,11,4,Nov/2024,5.734860,-0.209896,
2024-11-26,5.799000,cambio_dolar,2024,11,4,Nov/2024,5.740617,-0.020689,
2024-11-27,5.829100,cambio_dolar,2024,11,4,Nov/2024,5.748103,0.519055,
2024-11-28,5.987100,cambio_dolar,2024,11,4,Nov/2024,5.759747,2.710539,
2024-11-29,6.053500,cambio_dolar,2024,11,4,Nov/2024,5.772367,1.109051,
2024-12-02,6.063400,cambio_dolar,2024,12,4,Dec/2024,5.785287,0.163542,
2024-12-03,6.070700,cambio_dolar,2024,12,4,Dec/2024,5.798737,0.120394,
2024-12-04,6.058100,cambio_dolar,2024,12,4,Dec/2024,5.810447,-0.207554,
2024-12-05,5.984900,cambio_dolar,2024,12,4,Dec/2024,5.820083,-1.208300,
2024-12-06,6.029300,cambio_dolar,2024,12,4,Dec/2024,5.830563,0.741867,
2024-12-09,6.057000,cambio_dolar,2024,12,4,Dec/2024,5.842173,0.459423,
2024-12-10,6.052900,cambio_dolar,2024,12,4,Dec/2024,5.854040,-0.067690,
2024-12-11,6.032000,cambio_dolar,2024,12,4,Dec/2024,5.865147,-0.345289,
2024-12-12,5.940800,cambio_dolar,2024,12,4,Dec/2024,5.872707,-1.511936,
2024-12-13,6.040000,cambio_dolar,2024,12,4,Dec/2024,5.881370,1.669809,
2024-12-16,6.050900,cambio_dolar,2024,12,4,Dec/2024,5.890470,0.180464,
2024-12-17,6.168500,cambio_dolar,2024,12,4,Dec/2024,5.902510,1.943513,
2024-12-18,6.162400,cambio_dolar,2024,12,4,Dec/2024,5.914930,-0.098890,
2024-12-19,6.184100,cambio_dolar,2024,12,4,Dec/2024,5.928247,0.352136,
2024-12-20,6.078000,cambio_dolar,2024,12,4,Dec/2024,5.938687,-1.715690,
2024-12-23,6.161200,cambio_dolar,2024,12,4,Dec/2024,5.955313,1.368871,
2024-12-24,6.154100,cambio_dolar,2024,12,4,Dec/2024,5.968290,-0.115237,
2024-12-26,6.165600,cambio_dolar,2024,12,4,Dec/2024,5.980543,0.186867,
2024-12-27,6.199100,cambio_dolar,2024,12,4,Dec/2024,5.994867,0.543337,
2024-12-30,6.192300,cambio_dolar,2024,12,4,Dec/2024,6.008900,-0.109693,
2024-12-31,6.192300,cambio_dolar,2024,12,4,Dec/2024,6.022360,0.000000,
2025-01-02,6.208600,cambio_dolar,2025,1,1,Jan/2025,6.037303,0.263230,
2025-01-03,6.156300,cambio_dolar,2025,1,1,Jan/2025,6.050037,-0.842380,
2025-01-06,6.111900,cambio_dolar,2025,1,1,Jan/2025,6.059857,-0.721212,
2025-01-07,6.074100,cambio_dolar,2025,1,1,Jan/2025,6.068580,-0.618466,
2025-01-08,6.132100,cambio_dolar,2025,1,1,Jan/2025,6.079643,0.954874,
2025-01-09,6.089600,cambio_dolar,2025,1,1,Jan/2025,6.089330,-0.693074,
2025-01-10,6.096500,cambio_dolar,2025,1,1,Jan/2025,6.098243,0.113308,
2025-01-13,6.107900,cambio_dolar,2025,1,1,Jan/2025,6.102270,0.186993,
2025-01-14,6.067100,cambio_dolar,2025,1,1,Jan/2025,6.102723,-0.667987,
2025-01-15,6.037700,cambio_dolar,2025,1,1,Jan/2025,6.101867,-0.484581,
2025-01-16,6.032200,cambio_dolar,2025,1,1,Jan/2025,6.100583,-0.091094,
2025-01-17,6.060900,cambio_dolar,2025,1,1,Jan/2025,6.100677,0.475780,
2025-01-20,6.049800,cambio_dolar,2025,1,1,Jan/2025,6.102840,-0.183141,
2025-01-21,6.044000,cambio_dolar,2025,1,1,Jan/2025,6.103330,-0.095871,
2025-01-22,5.967400,cambio_dolar,2025,1,1,Jan/2025,6.100343,-1.267373,
2025-01-23,5.939900,cambio_dolar,2025,1,1,Jan/2025,6.096577,-0.460837,
2025-01-24,5.892500,cambio_dolar,2025,1,1,Jan/2025,6.091927,-0.797993,
2025-01-27,5.927200,cambio_dolar,2025,1,1,Jan/2025,6.091473,0.588884,
2025-01-28,5.893000,cambio_dolar,2025,1,1,Jan/2025,6.086573,-0.577001,
2025-01-29,5.859600,cambio_dolar,2025,1,1,Jan/2025,6.080197,-0.566774,
2025-01-30,5.900600,cambio_dolar,2025,1,1,Jan/2025,6.071267,0.699706,
2025-01-31,5.830100,cambio_dolar,2025,1,1,Jan/2025,6.060190,-1.194794,
2025-02-03,5.868700,cambio_dolar,2025,2,1,Feb/2025,6.049677,0.662081,
2025-02-04,5.792700,cambio_dolar,2025,2,1,Feb/2025,6.040167,-1.295006,
2025-02-05,5.799700,cambio_dolar,2025,2,1,Feb/2025,6.028117,0.120842,
2025-02-06,5.785600,cambio_dolar,2025,2,1,Feb/2025,6.015833,-0.243116,
2025-02-07,5.755700,cambio_dolar,2025,2,1,Feb/2025,6.002170,-0.516800,
2025-02-10,5.780800,cambio_dolar,2025,2,1,Feb/2025,5.988227,0.436089,
2025-02-11,5.778800,cambio_dolar,2025,2,1,Feb/2025,5.974443,-0.034597,
2025-02-12,5.771100,cambio_dolar,2025,2,1,Feb/2025,5.960403,-0.133246,
2025-02-13,5.778800,cambio_dolar,2025,2,1,Feb/2025,5.946077,0.133423,
2025-02-14,5.728300,cambio_dolar,2025,2,1,Feb/2025,5.931810,-0.873884,
2025-02-17,5.710500,cambio_dolar,2025,2,1,Feb/2025,5.918430,-0.310738,
2025-02-18,5.697900,cambio_dolar,2025,2,1,Feb/2025,5.905890,-0.220646,
2025-02-19,5.708700,cambio_dolar,2025,2,1,Feb/2025,5.891777,0.189544,
2025-02-20,5.701900,cambio_dolar,2025,2,1,Feb/2025,5.878853,-0.119116,
2025-02-21,5.702700,cambio_dolar,2025,2,1,Feb/2025,5.865727,0.014030,
2025-02-24,5.725800,cambio_dolar,2025,2,1,Feb/2025,5.852990,0.405071,
2025-02-25,5.777900,cambio_dolar,2025,2,1,Feb/2025,5.843350,0.909917,
2025-02-26,5.775700,cambio_dolar,2025,2,1,Feb/2025,5.834617,-0.038076,
2025-02-27,5.822800,cambio_dolar,2025,2,1,Feb/2025,5.827637,0.815486,
2025-02-28,5.848800,cambio_dolar,2025,2,1,Feb/2025,5.820567,0.446521,
2025-03-05,5.791400,cambio_dolar,2025,3,1,Mar/2025,5.811953,-0.981398,
2025-03-06,5.748900,cambio_dolar,2025,3,1,Mar/2025,5.802117,-0.733847,
2025-03-07,5.768800,cambio_dolar,2025,3,1,Mar/2025,5.795497,0.346153,
2025-03-10,5.793000,cambio_dolar,2025,3,1,Mar/2025,5.790600,0.419498,
2025-03-11,5.834600,cambio_dolar,2025,3,1,Mar/2025,5.788670,0.718108,
2025-03-12,5.826800,cambio_dolar,2025,3,1,Mar/2025,5.785323,-0.133685,
2025-03-13,5.813100,cambio_dolar,2025,3,1,Mar/2025,5.782660,-0.235120,
2025-03-14,5.741900,cambio_dolar,2025,3,1,Mar/2025,5.778737,-1.224820,
2025-03-17,5.708200,cambio_dolar,2025,3,1,Mar/2025,5.772323,-0.586914,
2025-03-18,5.685200,cambio_dolar,2025,3,1,Mar/2025,5.767493,-0.402929,
2025-03-19,5.665700,cambio_dolar,2025,3,1,Mar/2025,5.760727,-0.342996,
2025-03-20,5.662800,cambio_dolar,2025,3,1,Mar/2025,5.756397,-0.051185,
2025-03-21,5.724100,cambio_dolar,2025,3,1,Mar/2025,5.753877,1.082503,
2025-03-24,5.740300,cambio_dolar,2025,3,1,Mar/2025,5.752367,0.283014,
2025-03-25,5.699200,cambio_dolar,2025,3,1,Mar/2025,5.750483,-0.715990,
2025-03-26,5.729800,cambio_dolar,2025,3,1,Mar/2025,5.748783,0.536917,
2025-03-27,5.747400,cambio_dolar,2025,3,1,Mar/2025,5.747737,0.307166,
2025-03-28,5.766000,cambio_dolar,2025,3,1,Mar/2025,5.747567,0.323625,
2025-03-31,5.742200,cambio_dolar,2025,3,1,Mar/2025,5.746347,-0.412764,
2025-04-01,5.705100,cambio_dolar,2025,4,2,Apr/2025,5.745573,-0.646094,
2025-04-02,5.692300,cambio_dolar,2025,4,2,Apr/2025,5.744967,-0.224361,
2025-04-03,5.606700,cambio_dolar,2025,4,2,Apr/2025,5.741927,-1.503786,
2025-04-04,5.777700,cambio_dolar,2025,4,2,Apr/2025,5.744227,3.049922,
2025-04-07,5.887700,cambio_dolar,2025,4,2,Apr/2025,5.750420,1.903872,
2025-04-08,5.936800,cambio_dolar,2025,4,2,Apr/2025,5.758223,0.833942,
2025-04-09,6.060500,cambio_dolar,2025,4,2,Apr/2025,5.769380,2.083614,
2025-04-10,5.911500,cambio_dolar,2025,4,2,Apr/2025,5.773833,-2.458543,
2025-04-11,5.873700,cambio_dolar,2025,4,2,Apr/2025,5.777100,-0.639432,
2025-04-14,5.842500,cambio_dolar,2025,4,2,Apr/2025,5.777757,-0.531181,
2025-04-15,5.870700,cambio_dolar,2025,4,2,Apr/2025,5.778487,0.482670,
2025-04-16,5.880800,cambio_dolar,2025,4,2,Apr/2025,5.781467,0.172041,
2025-04-17,5.855900,cambio_dolar,2025,4,2,Apr/2025,5.785033,-0.423412,
2025-04-22,5.749600,cambio_dolar,2025,4,2,Apr/2025,5.784393,-1.815263,
2025-04-23,5.688000,cambio_dolar,2025,4,2,Apr/2025,5.780893,-1.071379,
2025-04-24,5.673800,cambio_dolar,2025,4,2,Apr/2025,5.775533,-0.249648,
2025-04-25,5.684600,cambio_dolar,2025,4,2,Apr/2025,5.770793,0.190349,
2025-04-28,5.668100,cambio_dolar,2025,4,2,Apr/2025,5.765960,-0.290258,
2025-04-29,5.646700,cambio_dolar,2025,4,2,Apr/2025,5.762787,-0.377552,
2025-04-30,5.660800,cambio_dolar,2025,4,2,Apr/2025,5.761207,0.249703,
2025-05-02,5.639400,cambio_dolar,2025,5,2,May/2025,5.759680,-0.378038,
2025-05-05,5.652000,cambio_dolar,2025,5,2,May/2025,5.759223,0.223428,
2025-05-06,5.721000,cambio_dolar,2025,5,2,May/2025,5.761163,1.220807,
2025-05-07,5.737500,cambio_dolar,2025,5,2,May/2025,5.761610,0.288411,
2025-05-08,5.686000,cambio_dolar,2025,5,2,May/2025,5.759800,-0.897603,
2025-05-09,5.651100,cambio_dolar,2025,5,2,May/2025,5.758197,-0.613788,
2025-05-12,5.682200,cambio_dolar,2025,5,2,May/2025,5.756610,0.550335,
2025-05-13,5.626200,cambio_dolar,2025,5,2,May/2025,5.752570,-0.985534,
2025-05-14,5.610000,cambio_dolar,2025,5,2,May/2025,5.747370,-0.287939,
2025-05-15,5.632800,cambio_dolar,2025,5,2,May/2025,5.743723,0.406417,
2025-05-16,5.692500,cambio_dolar,2025,5,2,May/2025,5.743303,1.059864,
2025-05-19,5.659100,cambio_dolar,2025,5,2,May/2025,5.742197,-0.586737,
2025-05-20,5.662000,cambio_dolar,2025,5,2,May/2025,5.744040,0.051245,
2025-05-21,5.657100,cambio_dolar,2025,5,2,May/2025,5.740020,-0.086542,
2025-05-22,5.639000,cambio_dolar,2025,5,2,May/2025,5.731730,-0.319952,
2025-05-23,5.693200,cambio_dolar,2025,5,2,May/2025,5.723610,0.961163,
2025-05-26,5.661900,cambio_dolar,2025,5,2,May/2025,5.710323,-0.549779,
2025-05-27,5.653900,cambio_dolar,2025,5,2,May/2025,5.701737,-0.141295,
2025-05-28,5.693600,cambio_dolar,2025,5,2,May/2025,5.695733,0.702170,
2025-05-29,5.655900,cambio_dolar,2025,5,2,May/2025,5.689513,-0.662147,
2025-05-30,5.708700,cambio_dolar,2025,5,2,May/2025,5.684113,0.933538,
2025-06-02,5.693700,cambio_dolar,2025,6,2,Jun/2025,5.677877,-0.262757,
2025-06-03,5.669400,cambio_dolar,2025,6,2,Jun/2025,5.671660,-0.426788,
2025-06-04,5.633200,cambio_dolar,2025,6,2,Jun/2025,5.667780,-0.638516,
2025-06-05,5.596900,cambio_dolar,2025,6,2,Jun/2025,5.664743,-0.644394,
2025-06-06,5.594700,cambio_dolar,2025,6,2,Jun/2025,5.662107,-0.039307,
2025-06-09,5.576000,cambio_dolar,2025,6,2,Jun/2025,5.658487,-0.334245,
2025-06-10,5.555700,cambio_dolar,2025,6,2,Jun/2025,5.654740,-0.364060,
2025-06-11,5.539000,cambio_dolar,2025,6,2,Jun/2025,5.651150,-0.300592,
2025-06-12,5.538800,cambio_dolar,2025,6,2,Jun/2025,5.647083,-0.003611,
2025-06-13,5.565200,cambio_dolar,2025,6,2,Jun/2025,5.644610,0.476638,
2025-06-16,5.512300,cambio_dolar,2025,6,2,Jun/2025,5.639953,-0.950550,
2025-06-17,5.477300,cambio_dolar,2025,6,2,Jun/2025,5.631830,-0.634944,
2025-06-18,5.487900,cambio_dolar,2025,6,2,Jun/2025,5.623510,0.193526,
2025-06-20,5.495700,cambio_dolar,2025,6,2,Jun/2025,5.617167,0.142131,
2025-06-23,5.521300,cambio_dolar,2025,6,2,Jun/2025,5.612840,0.465819,
2025-06-24,5.493800,cambio_dolar,2025,6,2,Jun/2025,5.606560,-0.498071,
2025-06-25,5.542700,cambio_dolar,2025,6,2,Jun/2025,5.603777,0.890094,
2025-06-26,5.514500,cambio_dolar,2025,6,2,Jun/2025,5.600593,-0.508777,
2025-06-27,5.475900,cambio_dolar,2025,6,2,Jun/2025,5.595363,-0.699973,
2025-06-30,5.457100,cambio_dolar,2025,6,2,Jun/2025,5.587517,-0.343323,
2025-07-01,5.451100,cambio_dolar,2025,7,3,Jul/2025,5.580583,-0.109949,
2025-07-02,5.451200,cambio_dolar,2025,7,3,Jul/2025,5.573557,0.001834,
2025-07-03,5.420800,cambio_dolar,2025,7,3,Jul/2025,5.565680,-0.557675,
2025-07-04,5.409000,cambio_dolar,2025,7,3,Jul/2025,5.558013,-0.217680,
2025-07-07,5.455200,cambio_dolar,2025,7,3,Jul/2025,5.550080,0.854132,
2025-07-08,5.457100,cambio_dolar,2025,7,3,Jul/2025,5.543253,0.034829,
2025-07-09,5.462600,cambio_dolar,2025,7,3,Jul/2025,5.536877,0.100786,
2025-07-10,5.543300,cambio_dolar,2025,7,3,Jul/2025,5.531867,1.477318,
2025-07-11,5.572200,cambio_dolar,2025,7,3,Jul/2025,5.529077,0.521350,
2025-07-14,5.559500,cambio_dolar,2025,7,3,Jul/2025,5.524103,-0.227917,
2025-07-15,5.557600,cambio_dolar,2025,7,3,Jul/2025,5.519567,-0.034176,
2025-07-16,5.572200,cambio_dolar,2025,7,3,Jul/2025,5.516327,0.262703,
2025-07-17,5.573700,cambio_dolar,2025,7,3,Jul/2025,5.514343,0.026919,
2025-07-18,5.546600,cambio_dolar,2025,7,3,Jul/2025,5.512667,-0.486212,
2025-07-21,5.562500,cambio_dolar,2025,7,3,Jul/2025,5.511593,0.286662,
2025-07-22,5.570900,cambio_dolar,2025,7,3,Jul/2025,5.511423,0.151011,
2025-07-23,5.553700,cambio_dolar,2025,7,3,Jul/2025,5.511357,-0.308747,
2025-07-24,5.523900,cambio_dolar,2025,7,3,Jul/2025,5.510853,-0.536579,
2025-07-25,5.542600,cambio_dolar,2025,7,3,Jul/2025,5.510980,0.338529,
2025-07-28,5.587700,cambio_dolar,2025,7,3,Jul/2025,5.511730,0.813698,
2025-07-29,5.576400,cambio_dolar,2025,7,3,Jul/2025,5.513867,-0.202230,
2025-07-30,5.603400,cambio_dolar,2025,7,3,Jul/2025,5.518070,0.484183,
2025-07-31,5.602100,cambio_dolar,2025,7,3,Jul/2025,5.521877,-0.023200,
2025-08-01,5.543600,cambio_dolar,2025,8,3,Aug/2025,5.523473,-1.044251,
2025-08-04,5.511300,cambio_dolar,2025,8,3,Aug/2025,5.523140,-0.582654,
2025-08-05,5.511900,cambio_dolar,2025,8,3,Aug/2025,5.523743,0.010887,
2025-08-06,5.480200,cambio_dolar,2025,8,3,Aug/2025,5.521660,-0.575119,
2025-08-07,5.463800,cambio_dolar,2025,8,3,Aug/2025,5.519970,-0.299259,
2025-08-08,5.425400,cambio_dolar,2025,8,3,Aug/2025,5.518287,-0.702808,
2025-08-11,5.447300,cambio_dolar,2025,8,3,Aug/2025,5.517960,0.403657,
2025-08-12,5.405200,cambio_dolar,2025,8,3,Aug/2025,5.516430,-0.772860,
2025-08-13,5.392800,cambio_dolar,2025,8,3,Aug/2025,5.514483,-0.229409,
2025-08-14,5.409500,cambio_dolar,2025,8,3,Aug/2025,5.514107,0.309672,
2025-08-15,5.392800,cambio_dolar,2025,8,3,Aug/2025,5.513567,-0.308716,
2025-08-18,5.415500,cambio_dolar,2025,8,3,Aug/2025,5.512243,0.420932,
2025-08-19,5.471600,cambio_dolar,2025,8,3,Aug/2025,5.512727,1.035915,
2025-08-20,5.472600,cambio_dolar,2025,8,3,Aug/2025,5.513060,0.018276,
2025-08-21,5.482800,cambio_dolar,2025,8,3,Aug/2025,5.511043,0.186383,
2025-08-22,5.439200,cambio_dolar,2025,8,3,Aug/2025,5.506610,-0.795214,
2025-08-25,5.417400,cambio_dolar,2025,8,3,Aug/2025,5.501873,-0.400794,
2025-08-26,5.421800,cambio_dolar,2025,8,3,Aug/2025,5.497347,0.081220,
2025-08-27,5.442800,cambio_dolar,2025,8,3,Aug/2025,5.493033,0.387325,
2025-08-28,5.411500,cambio_dolar,2025,8,3,Aug/2025,5.487627,-0.575072,
2025-08-29,5.426400,cambio_dolar,2025,8,3,Aug/2025,5.483620,0.275340,
2025-09-01,5.437800,cambio_dolar,2025,9,3,Sep/2025,5.479463,0.210084,
2025-09-02,5.468000,cambio_dolar,2025,9,3,Sep/2025,5.476033,0.555372,
2025-09-03,5.448500,cambio_dolar,2025,9,3,Sep/2025,5.472527,-0.356620,
2025-09-04,5.458700,cambio_dolar,2025,9,3,Sep/2025,5.470353,0.187207,
2025-09-05,5.396800,cambio_dolar,2025,9,3,Sep/2025,5.465493,-1.133970,
2025-09-08,5.427800,cambio_dolar,2025,9,3,Sep/2025,5.460163,0.574414,
2025-09-09,5.427800,cambio_dolar,2025,9,3,Sep/2025,5.455210,0.000000,
2025-09-10,5.412300,cambio_dolar,2025,9,3,Sep/2025,5.448840,-0.285567,
2025-09-11,5.385800,cambio_dolar,2025,9,3,Sep/2025,5.441630,-0.489625,
2025-09-12,5.367700,cambio_dolar,2025,9,3,Sep/2025,5.435767,-0.336069,
2025-09-15,5.320800,cambio_dolar,2025,9,3,Sep/2025,5.429417,-0.873745,
2025-09-16,5.309600,cambio_dolar,2025,9,3,Sep/2025,5.422673,-0.210495,
2025-09-17,5.301100,cambio_dolar,2025,9,3,Sep/2025,5.416703,-0.160087,
2025-09-18,5.301000,cambio_dolar,2025,9,3,Sep/2025,5.411277,-0.001886,
2025-09-19,5.327600,cambio_dolar,2025,9,3,Sep/2025,5.408017,0.501792,
2025-09-22,5.345700,cambio_dolar,2025,9,3,Sep/2025,5.404630,0.339740,
2025-09-23,5.306300,cambio_dolar,2025,9,3,Sep/2025,5.401333,-0.737041,
2025-09-24,5.311200,cambio_dolar,2025,9,3,Sep/2025,5.398613,0.092343,
2025-09-25,5.342500,cambio_dolar,2025,9,3,Sep/2025,5.396380,0.589321,
2025-09-26,5.344500,cambio_dolar,2025,9,3,Sep/2025,5.394770,0.037436,
2025-09-29,5.322900,cambio_dolar,2025,9,3,Sep/2025,5.391683,-0.404154,
2025-09-30,5.318600,cambio_dolar,2025,9,3,Sep/2025,5.386583,-0.080783,
2025-10-01,5.320800,cambio_dolar,2025,10,4,Oct/2025,5.381523,0.041364,
2025-10-02,5.344900,cambio_dolar,2025,10,4,Oct/2025,5.376927,0.452939,
2025-10-03,5.349800,cambio_dolar,2025,10,4,Oct/2025,5.373947,0.091676,
2025-10-06,5.322600,cambio_dolar,2025,10,4,Oct/2025,5.370787,-0.508430,
2025-10-07,5.336300,cambio_dolar,2025,10,4,Oct/2025,5.367937,0.257393,
2025-10-08,5.342700,cambio_dolar,2025,10,4,Oct/2025,5.364600,0.119933,
2025-10-09,5.353800,cambio_dolar,2025,10,4,Oct/2025,5.362677,0.207760,
2025-10-10,5.444600,cambio_dolar,2025,10,4,Oct/2025,5.363283,1.695992,
2025-10-13,5.462900,cambio_dolar,2025,10,4,Oct/2025,5.364120,0.336113,
2025-10-14,5.498200,cambio_dolar,2025,10,4,Oct/2025,5.365127,0.646177,
2025-10-15,5.446400,cambio_dolar,2025,10,4,Oct/2025,5.365057,-0.942127,
2025-10-16,5.435400,cambio_dolar,2025,10,4,Oct/2025,5.364280,-0.201968,
2025-10-17,5.439000,cambio_dolar,2025,10,4,Oct/2025,5.365687,0.066232,
2025-10-20,5.377100,cambio_dolar,2025,10,4,Oct/2025,5.363997,-1.138077,
2025-10-21,5.384800,cambio_dolar,2025,10,4,Oct/2025,5.362563,0.143200,
2025-10-22,5.389800,cambio_dolar,2025,10,4,Oct/2025,5.361813,0.092854,
2025-10-23,5.384000,cambio_dolar,2025,10,4,Oct/2025,5.361753,-0.107611,
2025-10-24,5.379700,cambio_dolar,2025,10,4,Oct/2025,5.362153,-0.079866,
2025-10-27,5.374400,cambio_dolar,2025,10,4,Oct/2025,5.363940,-0.098519,
2025-10-28,5.369000,cambio_dolar,2025,10,4,Oct/2025,5.365920,-0.100476,
2025-10-29,5.341600,cambio_dolar,2025,10,4,Oct/2025,5.367270,-0.510337,
2025-10-30,5.385000,cambio_dolar,2025,10,4,Oct/2025,5.370070,0.812491,
2025-10-31,5.384300,cambio_dolar,2025,10,4,Oct/2025,5.371960,-0.012999,
2025-11-03,5.350500,cambio_dolar,2025,11,4,Nov/2025,5.372120,-0.627751,
2025-11-04,5.384600,cambio_dolar,2025,11,4,Nov/2025,5.374730,0.637324,
2025-11-05,5.379800,cambio_dolar,2025,11,4,Nov/2025,5.377017,-0.089143,
2025-11-06,5.345100,cambio_dolar,2025,11,4,Nov/2025,5.377103,-0.645005,
2025-11-07,5.356700,cambio_dolar,2025,11,4,Nov/2025,5.377510,0.217021,
2025-11-10,5.318100,cambio_dolar,2025,11,4,Nov/2025,5.377350,-0.720593,
2025-11-11,5.272900,cambio_dolar,2025,11,4,Nov/2025,5.375827,-0.849928,
2025-11-12,5.288500,cambio_dolar,2025,11,4,Nov/2025,5.374750,0.295852,
2025-11-13,5.282000,cambio_dolar,2025,11,4,Nov/2025,5.372653,-0.122908,
2025-11-14,5.295200,cambio_dolar,2025,11,4,Nov/2025,5.370833,0.249905,
2025-11-17,5.310800,cambio_dolar,2025,11,4,Nov/2025,5.370440,0.294606,
2025-11-18,5.336100,cambio_dolar,2025,11,4,Nov/2025,5.370433,0.476388,
2025-11-19,5.334600,cambio_dolar,2025,11,4,Nov/2025,5.370163,-0.028110,
2025-11-21,5.390200,cambio_dolar,2025,11,4,Nov/2025,5.371377,1.042252,
2025-11-24,5.394800,cambio_dolar,2025,11,4,Nov/2025,5.369717,0.085340,
2025-11-25,5.384100,cambio_dolar,2025,11,4,Nov/2025,5.367090,-0.198339,
2025-11-26,5.369400,cambio_dolar,2025,11,4,Nov/2025,5.362797,-0.273026,
2025-11-27,5.349000,cambio_dolar,2025,11,4,Nov/2025,5.359550,-0.379931,
2025-11-28,5.333800,cambio_dolar,2025,11,4,Nov/2025,5.356163,-0.284165,
2025-12-01,5.346900,cambio_dolar,2025,12,4,Dec/2025,5.353093,0.245604,
2025-12-02,5.346500,cambio_dolar,2025,12,4,Dec/2025,5.352073,-0.007481,
2025-12-03,5.311400,cambio_dolar,2025,12,4,Dec/2025,5.349627,-0.656504,
2025-12-04,5.295200,cambio_dolar,2025,12,4,Dec/2025,5.346473,-0.305004,
2025-12-05,5.340500,cambio_dolar,2025,12,4,Dec/2025,5.345023,0.855492,
2025-12-08,5.424900,cambio_dolar,2025,12,4,Dec/2025,5.346530,1.580376,
2025-12-09,5.457000,cambio_dolar,2025,12,4,Dec/2025,5.349283,0.591716,
2025-12-10,5.465600,cambio_dolar,2025,12,4,Dec/2025,5.352503,0.157596,
2025-12-11,5.423700,cambio_dolar,2025,12,4,Dec/2025,5.355240,-0.766613,
2025-12-12,5.401100,cambio_dolar,2025,12,4,Dec/2025,5.355777,-0.416690,
2025-12-15,5.392900,cambio_dolar,2025,12,4,Dec/2025,5.356063,-0.151821,
2025-12-16,5.450500,cambio_dolar,2025,12,4,Dec/2025,5.359397,1.068071,
2025-12-17,5.509300,cambio_dolar,2025,12,4,Dec/2025,5.363553,1.078800,
2025-12-18,5.528300,cambio_dolar,2025,12,4,Dec/2025,5.368503,0.344871,
2025-12-19,5.516000,cambio_dolar,2025,12,4,Dec/2025,5.374200,-0.222492,
2025-12-22,5.538900,cambio_dolar,2025,12,4,Dec/2025,5.380273,0.415156,
2025-12-23,5.564300,cambio_dolar,2025,12,4,Dec/2025,5.388480,0.458575,
2025-12-24,5.535000,cambio_dolar,2025,12,4,Dec/2025,5.397217,-0.526571,
2025-12-26,5.541300,cambio_dolar,2025,12,4,Dec/2025,5.405643,0.113821,
2025-12-29,5.573900,cambio_dolar,2025,12,4,Dec/2025,5.415373,0.588310,
2025-12-30,5.502400,cambio_dolar,2025,12,4,Dec/2025,5.422280,-1.282764,
2025-12-31,5.502400,cambio_dolar,2025,12,4,Dec/2025,5.428667,0.000000,
2026-01-02,5.437200,cambio_dolar,2026,1,1,Jan/2026,5.432037,-1.184937,
2026-01-05,5.435100,cambio_dolar,2026,1,1,Jan/2026,5.435387,-0.038623,
2026-01-06,5.379700,cambio_dolar,2026,1,1,Jan/2026,5.435037,-1.019300,
2026-01-07,5.388000,cambio_dolar,2026,1,1,Jan/2026,5.434810,0.154284,
2026-01-08,5.386000,cambio_dolar,2026,1,1,Jan/2026,5.434873,-0.037120,
2026-01-09,5.370700,cambio_dolar,2026,1,1,Jan/2026,5.434917,-0.284070,
2026-01-12,5.376000,cambio_dolar,2026,1,1,Jan/2026,5.435817,0.098684,
2026-01-13,5.376400,cambio_dolar,2026,1,1,Jan/2026,5.437237,0.007440,
2026-01-14,5.379500,cambio_dolar,2026,1,1,Jan/2026,5.438323,0.057659,
2026-01-15,5.384600,cambio_dolar,2026,1,1,Jan/2026,5.439593,0.094804,
2026-01-16,5.379800,cambio_dolar,2026,1,1,Jan/2026,5.441873,-0.089143,
2026-01-19,5.365300,cambio_dolar,2026,1,1,Jan/2026,5.444210,-0.269527,
2026-01-20,5.379000,cambio_dolar,2026,1,1,Jan/2026,5.445493,0.255345,
2026-01-21,5.336800,cambio_dolar,2026,1,1,Jan/2026,5.442557,-0.784532,
2026-01-22,5.311800,cambio_dolar,2026,1,1,Jan/2026,5.437717,-0.468446,
2026-01-23,5.287900,cambio_dolar,2026,1,1,Jan/2026,5.431793,-0.449942,
2026-01-26,5.276000,cambio_dolar,2026,1,1,Jan/2026,5.426870,-0.225042,
2026-01-27,5.239200,cambio_dolar,2026,1,1,Jan/2026,5.421473,-0.697498,
2026-01-28,5.183800,cambio_dolar,2026,1,1,Jan/2026,5.414503,-1.057413,
2026-01-29,5.195600,cambio_dolar,2026,1,1,Jan/2026,5.406007,0.227632,
2026-01-30,5.230100,cambio_dolar,2026,1,1,Jan/2026,5.396700,0.664023,
2026-02-02,5.258700,cambio_dolar,2026,2,1,Feb/2026,5.387713,0.546835,
2026-02-03,5.223600,cambio_dolar,2026,2,1,Feb/2026,5.377967,-0.667465,
2026-02-04,5.235900,cambio_dolar,2026,2,1,Feb/2026,5.367867,0.235470,
2026-02-05,5.258000,cambio_dolar,2026,2,1,Feb/2026,5.357657,0.422086,
2026-02-06,5.234100,cambio_dolar,2026,2,1,Feb/2026,5.347627,-0.454545,
2026-02-09,5.194300,cambio_dolar,2026,2,1,Feb/2026,5.336060,-0.760398,
2026-02-10,5.202100,cambio_dolar,2026,2,1,Feb/2026,5.323667,0.150165,
2026-02-11,5.183600,cambio_dolar,2026,2,1,Feb/2026,5.313040,-0.355626,
2026-02-12,5.167400,cambio_dolar,2026,2,1,Feb/2026,5.301873,-0.312524,
2026-02-13,5.228800,cambio_dolar,2026,2,1,Feb/2026,5.294927,1.188218,
2026-02-18,5.234900,cambio_dolar,2026,2,1,Feb/2026,5.288253,0.116662,
2026-02-19,5.225700,cambio_dolar,2026,2,1,Feb/2026,5.283120,-0.175744,
2026-02-20,5.200600,cambio_dolar,2026,2,1,Feb/2026,5.276873,-0.480318,
2026-02-23,5.163500,cambio_dolar,2026,2,1,Feb/2026,5.269457,-0.713379,
2026-02-24,5.168200,cambio_dolar,2026,2,1,Feb/2026,5.262707,0.091024,
2026-02-25,5.144000,cambio_dolar,2026,2,1,Feb/2026,5.254973,-0.468248,
2026-02-26,5.138200,cambio_dolar,2026,2,1,Feb/2026,5.247033,-0.112753,
2026-02-27,5.149500,cambio_dolar,2026,2,1,Feb/2026,5.239367,0.219921,
2026-03-02,5.200100,cambio_dolar,2026,3,1,Mar/2026,5.233217,0.982620,
2026-03-03,5.287000,cambio_dolar,2026,3,1,Mar/2026,5.230123,1.671122,
2026-03-04,5.209100,cambio_dolar,2026,3,1,Mar/2026,5.224917,-1.473425,
2026-03-05,5.244700,cambio_dolar,2026,3,1,Mar/2026,5.220440,0.683419,
2026-03-06,5.287800,cambio_dolar,2026,3,1,Mar/2026,5.218807,0.821782,
2026-03-09,5.213900,cambio_dolar,2026,3,1,Mar/2026,5.215543,-1.397557,
2026-03-10,5.162200,cambio_dolar,2026,3,1,Mar/2026,5.211353,-0.991580,
2026-03-11,5.159600,cambio_dolar,2026,3,1,Mar/2026,5.207473,-0.050366,
2026-03-12,5.205100,cambio_dolar,2026,3,1,Mar/2026,5.206337,0.881851,
2026-03-13,5.254100,cambio_dolar,2026,3,1,Mar/2026,5.208680,0.941384,
2026-03-16,5.264700,cambio_dolar,2026,3,1,Mar/2026,5.210983,0.201747,
2026-03-17,5.202200,cambio_dolar,2026,3,1,Mar/2026,5.210053,-1.187152,
2026-03-18,5.211200,cambio_dolar,2026,3,1,Mar/2026,5.208470,0.173004,
2026-03-19,5.258700,cambio_dolar,2026,3,1,Mar/2026,5.209640,0.911498,
2026-03-20,5.280000,cambio_dolar,2026,3,1,Mar/2026,5.211110,0.405043,
2026-03-23,5.244000,cambio_dolar,2026,3,1,Mar/2026,5.210643,-0.681818,
2026-03-24,5.259900,cambio_dolar,2026,3,1,Mar/2026,5.211503,0.303204,
2026-03-25,5.227500,cambio_dolar,2026,3,1,Mar/2026,5.212610,-0.615981,
2026-03-26,5.230800,cambio_dolar,2026,3,1,Mar/2026,5.213567,0.063128,
2026-03-27,5.237600,cambio_dolar,2026,3,1,Mar/2026,5.215367,0.129999,
2026-03-30,5.235300,cambio_dolar,2026,3,1,Mar/2026,5.217630,-0.043913,
2026-03-31,5.219400,cambio_dolar,2026,3,1,Mar/2026,5.217317,-0.303708,
2026-04-01,5.160600,cambio_dolar,2026,4,2,Apr/2026,5.214840,-1.126566,
2026-04-02,5.165500,cambio_dolar,2026,4,2,Apr/2026,5.212833,0.094950,
2026-04-06,5.153200,cambio_dolar,2026,4,2,Apr/2026,5.211253,-0.238118,
2026-04-07,5.162500,cambio_dolar,2026,4,2,Apr/2026,5.211220,0.180470,
2026-04-08,5.089900,cambio_dolar,2026,4,2,Apr/2026,5.208610,-1.406295,
2026-04-09,5.082100,cambio_dolar,2026,4,2,Apr/2026,5.206547,-0.153245,
2026-04-10,5.022900,cambio_dolar,2026,4,2,Apr/2026,5.202703,-1.164873,
2026-04-13,5.024400,cambio_dolar,2026,4,2,Apr/2026,5.198533,0.029863,
2026-04-14,4.980600,cambio_dolar,2026,4,2,Apr/2026,5.191217,-0.871746,
2026-04-15,4.992800,cambio_dolar,2026,4,2,Apr/2026,5.181410,0.244950,
2026-04-16,5.000700,cambio_dolar,2026,4,2,Apr/2026,5.174463,0.158228,
2026-04-17,4.969500,cambio_dolar,2026,4,2,Apr/2026,5.165290,-0.623913,
2026-04-20,4.984400,cambio_dolar,2026,4,2,Apr/2026,5.155177,0.299829,
2026-04-22,4.965300,cambio_dolar,2026,4,2,Apr/2026,5.146890,-0.383196,
2026-04-23,4.953900,cambio_dolar,2026,4,2,Apr/2026,5.139947,-0.229593,
2026-04-24,5.008300,cambio_dolar,2026,4,2,Apr/2026,5.134903,1.098125,
2026-04-27,4.970000,cambio_dolar,2026,4,2,Apr/2026,5.127067,-0.764731,
2026-04-28,4.987800,cambio_dolar,2026,4,2,Apr/2026,5.118190,0.358149,
2026-04-29,4.998500,cambio_dolar,2026,4,2,Apr/2026,5.109317,0.214523,
2026-04-30,4.988600,cambio_dolar,2026,4,2,Apr/2026,5.102197,-0.198059,
2026-05-04,4.958700,cambio_dolar,2026,5,2,May/2026,5.093780,-0.599367,
2026-05-05,4.924200,cambio_dolar,2026,5,2,May/2026,5.082630,-0.695747,
2026-05-06,4.927400,cambio_dolar,2026,5,2,May/2026,5.070877,0.064985,
2026-05-07,4.917000,cambio_dolar,2026,5,2,May/2026,5.059977,-0.211065,
2026-05-08,4.899900,cambio_dolar,2026,5,2,May/2026,5.047977,-0.347773,
2026-05-11,4.897300,cambio_dolar,2026,5,2,May/2026,5.036970,-0.053062,
2026-05-12,4.897700,cambio_dolar,2026,5,2,May/2026,5.025867,0.008168,
2026-05-13,4.911800,cambio_dolar,2026,5,2,May/2026,5.015007,0.287890,
2026-05-14,4.980900,cambio_dolar,2026,5,2,May/2026,5.006527,1.406816,
2026-05-15,5.065400,cambio_dolar,2026,5,2,May/2026,5.001393,1.696481,
2026-05-18,5.009300,cambio_dolar,2026,5,2,May/2026,4.996350,-1.107514,
2026-05-19,5.037800,cambio_dolar,2026,5,2,May/2026,4.992093,0.568942,
2026-05-20,5.030100,cambio_dolar,2026,5,2,May/2026,4.987990,-0.152844,
2026-05-21,5.007700,cambio_dolar,2026,5,2,May/2026,4.982830,-0.445319,
2026-05-22,5.014000,cambio_dolar,2026,5,2,May/2026,4.980300,0.125806,
2026-05-25,5.007200,cambio_dolar,2026,5,2,May/2026,4.977803,-0.135620,
2026-05-26,5.021100,cambio_dolar,2026,5,2,May/2026,4.977743,0.277600,
2026-05-27,5.057900,cambio_dolar,2026,5,2,May/2026,4.978860,0.732907,
2026-05-28,5.051700,cambio_dolar,2026,5,2,May/2026,4.981230,-0.122581,
2026-05-29,5.056900,cambio_dolar,2026,5,2,May/2026,4.983367,0.102936,
2026-06-01,5.030300,cambio_dolar,2026,6,2,Jun/2026,4.984353,-0.526014,
2026-06-02,5.016000,cambio_dolar,2026,6,2,Jun/2026,4.985903,-0.284277,
2026-06-03,5.041500,cambio_dolar,2026,6,2,Jun/2026,4.987807,0.508373,
2026-06-05,5.124400,cambio_dolar,2026,6,2,Jun/2026,4.993110,1.644352,
2026-06-08,5.169500,cambio_dolar,2026,6,2,Jun/2026,5.000297,0.880103,
2026-06-09,5.169300,cambio_dolar,2026,6,2,Jun/2026,5.005663,-0.003869,
2026-06-10,5.176300,cambio_dolar,2026,6,2,Jun/2026,5.012540,0.135415,
2026-06-11,5.147800,cambio_dolar,2026,6,2,Jun/2026,5.017873,-0.550586,
2026-06-12,5.082700,cambio_dolar,2026,6,2,Jun/2026,5.020680,-1.264618,
2026-06-15,5.043000,cambio_dolar,2026,6,2,Jun/2026,5.022493,-0.781081,
2026-06-16,5.078000,cambio_dolar,2026,6,2,Jun/2026,5.026470,0.694031,
2026-06-17,5.064100,cambio_dolar,2026,6,2,Jun/2026,5.031133,-0.273730,
2026-06-18,5.161300,cambio_dolar,2026,6,2,Jun/2026,5.038930,1.919393,
2026-06-19,5.144200,cambio_dolar,2026,6,2,Jun/2026,5.046503,-0.331312,
2026-06-22,5.139500,cambio_dolar,2026,6,2,Jun/2026,5.054490,-0.091365,
2026-06-23,5.174300,cambio_dolar,2026,6,2,Jun/2026,5.063723,0.677109,
2026-06-24,5.209800,cambio_dolar,2026,6,2,Jun/2026,5.074127,0.686083,
2026-06-25,5.189200,cambio_dolar,2026,6,2,Jun/2026,5.083373,-0.395409,
2026-06-26,5.169500,cambio_dolar,2026,6,2,Jun/2026,5.089660,-0.379635,
2026-06-29,5.171700,cambio_dolar,2026,6,2,Jun/2026,5.093203,0.042557,
2026-06-30,5.176600,cambio_dolar,2026,6,2,Jun/2026,5.098780,0.094746,
2026-07-01,5.195000,cambio_dolar,2026,7,3,Jul/2026,5.104020,0.355446,
2026-07-02,5.194500,cambio_dolar,2026,7,3,Jul/2026,5.109500,-0.009625,
2026-07-03,5.171700,cambio_dolar,2026,7,3,Jul/2026,5.114967,-0.438926,
2026-07-06,5.167000,cambio_dolar,2026,7,3,Jul/2026,5.120067,-0.090879,
2026-07-07,5.145800,cambio_dolar,2026,7,3,Jul/2026,5.124687,-0.410296,
2026-07-08,5.155200,cambio_dolar,2026,7,3,Jul/2026,5.129157,0.182673,
2026-07-09,5.132900,cambio_dolar,2026,7,3,Jul/2026,5.131657,-0.432573,
2026-07-10,5.108800,cambio_dolar,2026,7,3,Jul/2026,5.133560,-0.469520,
2026-07-13,5.118300,cambio_dolar,2026,7,3,Jul/2026,5.135607,0.185954,
2026-07-14,5.074200,cambio_dolar,2026,7,3,Jul/2026,5.137070,-0.861614,
2026-07-15,5.072700,cambio_dolar,2026,7,3,Jul/2026,5.138960,-0.029561,
2026-07-16,5.097500,cambio_dolar,2026,7,3,Jul/2026,5.140827,0.488892,
2026-07-17,5.117600,cambio_dolar,2026,7,3,Jul/2026,5.140600,0.394311,
2026-07-20,5.089400,cambio_dolar,2026,7,3,Jul/2026,5.137930,-0.551040,
2026-07-21,5.078000,cambio_dolar,2026,7,3,Jul/2026,5.134887,-0.223995,
2026-07-22,5.063800,cambio_dolar,2026,7,3,Jul/2026,5.131137,-0.279638,
2026-07-23,5.080700,cambio_dolar,2026,7,3,Jul/2026,5.128900,0.333741,
2026-07-24,5.066600,cambio_dolar,2026,7,3,Jul/2026,5.128363,-0.277521,
2026-07-27,5.100500,cambio_dolar,2026,7,3,Jul/2026,5.130280,0.669088,
2026-07-28,5.117700,cambio_dolar,2026,7,3,Jul/2026,5.131603,0.337222,
2026-07-29,5.121700,cambio_dolar,2026,7,3,Jul/2026,5.133523,0.078160,
2026-07-30,5.073900,cambio_dolar,2026,7,3,Jul/2026,5.130610,-0.933284,
2026-07-31,5.077300,cambio_dolar,2026,7,3,Jul/2026,5.128380,0.067010,
2026-08-03,5.072300,cambio_dolar,2026,8,3,Aug/2026,5.126140,-0.098478,
2026-08-04,5.105300,cambio_dolar,2026,8,3,Aug/2026,5.123840,0.650592,
2026-08-05,5.115400,cambio_dolar,2026,8,3,Aug/2026,5.120693,0.197834,
2026-08-06,5.101700,cambio_dolar,2026,8,3,Aug/2026,5.117777,-0.267819,
2026-08-07,5.090800,cambio_dolar,2026,8,3,Aug/2026,5.115153,-0.213654,
2026-08-10,5.096300,cambio_dolar,2026,8,3,Aug/2026,5.112640,0.108038,
2026-08-11,5.128500,cambio_dolar,2026,8,3,Aug/2026,5.111037,0.631831,
2026-08-12,5.163900,cambio_dolar,2026,8,3,Aug/2026,5.110000,0.690260,
2026-08-13,5.185900,cambio_dolar,2026,8,3,Aug/2026,5.109713,0.426035,
2026-08-14,5.223600,cambio_dolar,2026,8,3,Aug/2026,5.111443,0.726971,
2026-08-17,5.201400,cambio_dolar,2026,8,3,Aug/2026,5.112590,-0.424994,
2026-08-18,5.204300,cambio_dolar,2026,8,3,Aug/2026,5.114540,0.055754,
2026-08-19,5.171400,cambio_dolar,2026,8,3,Aug/2026,5.115080,-0.632170,
2026-08-20,5.186200,cambio_dolar,2026,8,3,Aug/2026,5.116857,0.286189,
2020-01-02,0.017089,cdi,2020,1,1,Jan/2020,0.017089,,
2020-01-03,0.017089,cdi,2020,1,1,Jan/2020,0.017089,0.000000,
2020-01-06,0.017089,cdi,2020,1,1,Jan/2020,0.017089,0.000000,
2020-01-07,0.017089,cdi,2020,1,1,Jan/2020,0.017089,0.000000,
2020-01-08,0.017089,cdi,2020,1,1,Jan/2020,0.017089,0.000000,
2020-01-09,0.017089,cdi,2020,1,1,Jan/2020,0.017089,0.000000,
2020-01-10,0.017089,cdi,2020,1,1,Jan/2020,0.017089,0.000000,
2020-01-13,0.017089,cdi,2020,1,1,Jan/2020,0.017089,0.000000,
2020-01-14,0.017089,cdi,2020,1,1,Jan/2020,0.017089,0.000000,
2020-01-15,0.017089,cdi,2020,1,1,Jan/2020,0.017089,0.000000,
2020-01-16,0.017089,cdi,2020,1,1,Jan/2020,0.017089,0.000000,
2020-01-17,0.017089,cdi,2020,1,1,Jan/2020,0.017089,0.000000,
2020-01-20,0.017089,cdi,2020,1,1,Jan/2020,0.017089,0.000000,
2020-01-21,0.017089,cdi,2020,1,1,Jan/2020,0.017089,0.000000,
2020-01-22,0.017089,cdi,2020,1,1,Jan/2020,0.017089,0.000000,
2020-01-23,0.017089,cdi,2020,1,1,Jan/2020,0.017089,0.000000,
2020-01-24,0.017089,cdi,2020,1,1,Jan/2020,0.017089,0.000000,
2020-01-27,0.017089,cdi,2020,1,1,Jan/2020,0.017089,0.000000,
2020-01-28,0.017089,cdi,2020,1,1,Jan/2020,0.017089,0.000000,
2020-01-29,0.017089,cdi,2020,1,1,Jan/2020,0.017089,0.000000,
2020-01-30,0.017089,cdi,2020,1,1,Jan/2020,0.017089,0.000000,
2020-01-31,0.017089,cdi,2020,1,1,Jan/2020,0.017089,0.000000,
2020-02-03,0.017089,cdi,2020,2,1,Feb/2020,0.017089,0.000000,
2020-02-04,0.017089,cdi,2020,2,1,Feb/2020,0.017089,0.000000,
2020-02-05,0.017089,cdi,2020,2,1,Feb/2020,0.017089,0.000000,
2020-02-06,0.016137,cdi,2020,2,1,Feb/2020,0.017052,-5.570835,
2020-02-07,0.016137,cdi,2020,2,1,Feb/2020,0.017018,0.000000,
2020-02-10,0.016137,cdi,2020,2,1,Feb/2020,0.016987,0.000000,
2020-02-11,0.016137,cdi,2020,2,1,Feb/2020,0.016958,0.000000,
2020-02-12,0.016137,cdi,2020,2,1,Feb/2020,0.016930,0.000000,
2020-02-13,0.016137,cdi,2020,2,1,Feb/2020,0.016899,0.000000,
2020-02-14,0.016137,cdi,2020,2,1,Feb/2020,0.016867,0.000000,
2020-02-17,0.016137,cdi,2020,2,1,Feb/2020,0.016835,0.000000,
2020-02-18,0.016137,cdi,2020,2,1,Feb/2020,0.016803,0.000000,
2020-02-19,0.016137,cdi,2020,2,1,Feb/2020,0.016772,0.000000,
2020-02-20,0.016137,cdi,2020,2,1,Feb/2020,0.016740,0.000000,
2020-02-21,0.016137,cdi,2020,2,1,Feb/2020,0.016708,0.000000,
2020-02-26,0.016137,cdi,2020,2,1,Feb/2020,0.016676,0.000000,
2020-02-27,0.016137,cdi,2020,2,1,Feb/2020,0.016645,0.000000,
2020-02-28,0.016137,cdi,2020,2,1,Feb/2020,0.016613,0.000000,
2020-03-02,0.016137,cdi,2020,3,1,Mar/2020,0.016581,0.000000,
2020-03-03,0.016137,cdi,2020,3,1,Mar/2020,0.016550,0.000000,
2020-03-04,0.016137,cdi,2020,3,1,Mar/2020,0.016518,0.000000,
2020-03-05,0.016137,cdi,2020,3,1,Mar/2020,0.016486,0.000000,
2020-03-06,0.016137,cdi,2020,3,1,Mar/2020,0.016454,0.000000,
2020-03-09,0.016137,cdi,2020,3,1,Mar/2020,0.016423,0.000000,
2020-03-10,0.016137,cdi,2020,3,1,Mar/2020,0.016391,0.000000,
2020-03-11,0.016137,cdi,2020,3,1,Mar/2020,0.016359,0.000000,
2020-03-12,0.016137,cdi,2020,3,1,Mar/2020,0.016327,0.000000,
2020-03-13,0.016137,cdi,2020,3,1,Mar/2020,0.016296,0.000000,
2020-03-16,0.016137,cdi,2020,3,1,Mar/2020,0.016264,0.000000,
2020-03-17,0.016137,cdi,2020,3,1,Mar/2020,0.016232,0.000000,
2020-03-18,0.016137,cdi,2020,3,1,Mar/2020,0.016200,0.000000,
2020-03-19,0.014227,cdi,2020,3,1,Mar/2020,0.016105,-11.836153,
2020-03-20,0.014227,cdi,2020,3,1,Mar/2020,0.016010,0.000000,
2020-03-23,0.014227,cdi,2020,3,1,Mar/2020,0.015946,0.000000,
2020-03-24,0.014227,cdi,2020,3,1,Mar/2020,0.015882,0.000000,
2020-03-25,0.014227,cdi,2020,3,1,Mar/2020,0.015819,0.000000,
2020-03-26,0.014227,cdi,2020,3,1,Mar/2020,0.015755,0.000000,
2020-03-27,0.014227,cdi,2020,3,1,Mar/2020,0.015691,0.000000,
2020-03-30,0.014227,cdi,2020,3,1,Mar/2020,0.015628,0.000000,
2020-03-31,0.014227,cdi,2020,3,1,Mar/2020,0.015564,0.000000,
2020-04-01,0.014227,cdi,2020,4,2,Apr/2020,0.015500,0.000000,
2020-04-02,0.014227,cdi,2020,4,2,Apr/2020,0.015437,0.000000,
2020-04-03,0.014227,cdi,2020,4,2,Apr/2020,0.015373,0.000000,
2020-04-06,0.014227,cdi,2020,4,2,Apr/2020,0.015309,0.000000,
2020-04-07,0.014227,cdi,2020,4,2,Apr/2020,0.015246,0.000000,
2020-04-08,0.014227,cdi,2020,4,2,Apr/2020,0.015182,0.000000,
2020-04-09,0.014227,cdi,2020,4,2,Apr/2020,0.015118,0.000000,
2020-04-13,0.014227,cdi,2020,4,2,Apr/2020,0.015055,0.000000,
2020-04-14,0.014227,cdi,2020,4,2,Apr/2020,0.014991,0.000000,
2020-04-15,0.014227,cdi,2020,4,2,Apr/2020,0.014927,0.000000,
2020-04-16,0.014227,cdi,2020,4,2,Apr/2020,0.014864,0.000000,
2020-04-17,0.014227,cdi,2020,4,2,Apr/2020,0.014800,0.000000,
2020-04-20,0.014227,cdi,2020,4,2,Apr/2020,0.014736,0.000000,
2020-04-22,0.014227,cdi,2020,4,2,Apr/2020,0.014673,0.000000,
2020-04-23,0.014227,cdi,2020,4,2,Apr/2020,0.014609,0.000000,
2020-04-24,0.014227,cdi,2020,4,2,Apr/2020,0.014545,0.000000,
2020-04-27,0.014227,cdi,2020,4,2,Apr/2020,0.014482,0.000000,
2020-04-28,0.014227,cdi,2020,4,2,Apr/2020,0.014418,0.000000,
2020-04-29,0.014227,cdi,2020,4,2,Apr/2020,0.014354,0.000000,
2020-04-30,0.014227,cdi,2020,4,2,Apr/2020,0.014291,0.000000,
2020-05-04,0.014227,cdi,2020,5,2,May/2020,0.014227,0.000000,
2020-05-05,0.014227,cdi,2020,5,2,May/2020,0.014227,0.000000,
2020-05-06,0.014227,cdi,2020,5,2,May/2020,0.014227,0.000000,
2020-05-07,0.011345,cdi,2020,5,2,May/2020,0.014131,-20.257257,
2020-05-08,0.011345,cdi,2020,5,2,May/2020,0.014035,0.000000,
2020-05-11,0.011345,cdi,2020,5,2,May/2020,0.013939,0.000000,
2020-05-12,0.011345,cdi,2020,5,2,May/2020,0.013843,0.000000,
2020-05-13,0.011345,cdi,2020,5,2,May/2020,0.013747,0.000000,
2020-05-14,0.011345,cdi,2020,5,2,May/2020,0.013651,0.000000,
2020-05-15,0.011345,cdi,2020,5,2,May/2020,0.013555,0.000000,
2020-05-18,0.011345,cdi,2020,5,2,May/2020,0.013458,0.000000,
2020-05-19,0.011345,cdi,2020,5,2,May/2020,0.013362,0.000000,
2020-05-20,0.011345,cdi,2020,5,2,May/2020,0.013266,0.000000,
2020-05-21,0.011345,cdi,2020,5,2,May/2020,0.013170,0.000000,
2020-05-22,0.011345,cdi,2020,5,2,May/2020,0.013074,0.000000,
2020-05-25,0.011345,cdi,2020,5,2,May/2020,0.012978,0.000000,
2020-05-26,0.011345,cdi,2020,5,2,May/2020,0.012882,0.000000,
2020-05-27,0.011345,cdi,2020,5,2,May/2020,0.012786,0.000000,
2020-05-28,0.011345,cdi,2020,5,2,May/2020,0.012690,0.000000,
2020-05-29,0.011345,cdi,2020,5,2,May/2020,0.012594,0.000000,
2020-06-01,0.011345,cdi,2020,6,2,Jun/2020,0.012498,0.000000,
2020-06-02,0.011345,cdi,2020,6,2,Jun/2020,0.012402,0.000000,
2020-06-03,0.011345,cdi,2020,6,2,Jun/2020,0.012306,0.000000,
2020-06-04,0.011345,cdi,2020,6,2,Jun/2020,0.012210,0.000000,
2020-06-05,0.011345,cdi,2020,6,2,Jun/2020,0.012114,0.000000,
2020-06-08,0.011345,cdi,2020,6,2,Jun/2020,0.012017,0.000000,
2020-06-09,0.011345,cdi,2020,6,2,Jun/2020,0.011921,0.000000,
2020-06-10,0.011345,cdi,2020,6,2,Jun/2020,0.011825,0.000000,
2020-06-12,0.011345,cdi,2020,6,2,Jun/2020,0.011729,0.000000,
2020-06-15,0.011345,cdi,2020,6,2,Jun/2020,0.011633,0.000000,
2020-06-16,0.011345,cdi,2020,6,2,Jun/2020,0.011537,0.000000,
2020-06-17,0.011345,cdi,2020,6,2,Jun/2020,0.011441,0.000000,
2020-06-18,0.008442,cdi,2020,6,2,Jun/2020,0.011248,-25.588365,
2020-06-19,0.008442,cdi,2020,6,2,Jun/2020,0.011151,0.000000,
2020-06-22,0.008442,cdi,2020,6,2,Jun/2020,0.011055,0.000000,
2020-06-23,0.008442,cdi,2020,6,2,Jun/2020,0.010958,0.000000,
2020-06-24,0.008442,cdi,2020,6,2,Jun/2020,0.010861,0.000000,
2020-06-25,0.008442,cdi,2020,6,2,Jun/2020,0.010764,0.000000,
2020-06-26,0.008442,cdi,2020,6,2,Jun/2020,0.010668,0.000000,
2020-06-29,0.008442,cdi,2020,6,2,Jun/2020,0.010571,0.000000,
2020-06-30,0.008442,cdi,2020,6,2,Jun/2020,0.010474,0.000000,
2020-07-01,0.008442,cdi,2020,7,3,Jul/2020,0.010377,0.000000,
2020-07-02,0.008442,cdi,2020,7,3,Jul/2020,0.010281,0.000000,
2020-07-03,0.008442,cdi,2020,7,3,Jul/2020,0.010184,0.000000,
2020-07-06,0.008442,cdi,2020,7,3,Jul/2020,0.010087,0.000000,
2020-07-07,0.008442,cdi,2020,7,3,Jul/2020,0.009990,0.000000,
2020-07-08,0.008442,cdi,2020,7,3,Jul/2020,0.009893,0.000000,
2020-07-09,0.008442,cdi,2020,7,3,Jul/2020,0.009797,0.000000,
2020-07-10,0.008442,cdi,2020,7,3,Jul/2020,0.009700,0.000000,
2020-07-13,0.008442,cdi,2020,7,3,Jul/2020,0.009603,0.000000,
2020-07-14,0.008442,cdi,2020,7,3,Jul/2020,0.009506,0.000000,
2020-07-15,0.008442,cdi,2020,7,3,Jul/2020,0.009410,0.000000,
2020-07-16,0.008442,cdi,2020,7,3,Jul/2020,0.009313,0.000000,
2020-07-17,0.008442,cdi,2020,7,3,Jul/2020,0.009216,0.000000,
2020-07-20,0.008442,cdi,2020,7,3,Jul/2020,0.009119,0.000000,
2020-07-21,0.008442,cdi,2020,7,3,Jul/2020,0.009023,0.000000,
2020-07-22,0.008442,cdi,2020,7,3,Jul/2020,0.008926,0.000000,
2020-07-23,0.008442,cdi,2020,7,3,Jul/2020,0.008829,0.000000,
2020-07-24,0.008442,cdi,2020,7,3,Jul/2020,0.008732,0.000000,
2020-07-27,0.008442,cdi,2020,7,3,Jul/2020,0.008636,0.000000,
2020-07-28,0.008442,cdi,2020,7,3,Jul/2020,0.008539,0.000000,
2020-07-29,0.008442,cdi,2020,7,3,Jul/2020,0.008442,0.000000,
2020-07-30,0.008442,cdi,2020,7,3,Jul/2020,0.008442,0.000000,
2020-07-31,0.008442,cdi,2020,7,3,Jul/2020,0.008442,0.000000,
2020-08-03,0.008442,cdi,2020,8,3,Aug/2020,0.008442,0.000000,
2020-08-04,0.008442,cdi,2020,8,3,Aug/2020,0.008442,0.000000,
2020-08-05,0.008442,cdi,2020,8,3,Aug/2020,0.008442,0.000000,
2020-08-06,0.007469,cdi,2020,8,3,Aug/2020,0.008410,-11.525705,
2020-08-07,0.007469,cdi,2020,8,3,Aug/2020,0.008377,0.000000,
2020-08-10,0.007469,cdi,2020,8,3,Aug/2020,0.008345,0.000000,
2020-08-11,0.007469,cdi,2020,8,3,Aug/2020,0.008312,0.000000,
2020-08-12,0.007469,cdi,2020,8,3,Aug/2020,0.008280,0.000000,
2020-08-13,0.007469,cdi,2020,8,3,Aug/2020,0.008247,0.000000,
2020-08-14,0.007469,cdi,2020,8,3,Aug/2020,0.008215,0.000000,
2020-08-17,0.007469,cdi,2020,8,3,Aug/2020,0.008183,0.000000,
2020-08-18,0.007469,cdi,2020,8,3,Aug/2020,0.008150,0.000000,
2020-08-19,0.007469,cdi,2020,8,3,Aug/2020,0.008118,0.000000,
2020-08-20,0.007469,cdi,2020,8,3,Aug/2020,0.008085,0.000000,
2020-08-21,0.007469,cdi,2020,8,3,Aug/2020,0.008053,0.000000,
2020-08-24,0.007469,cdi,2020,8,3,Aug/2020,0.008020,0.000000,
2020-08-25,0.007469,cdi,2020,8,3,Aug/2020,0.007988,0.000000,
2020-08-26,0.007469,cdi,2020,8,3,Aug/2020,0.007955,0.000000,
2020-08-27,0.007469,cdi,2020,8,3,Aug/2020,0.007923,0.000000,
2020-08-28,0.007469,cdi,2020,8,3,Aug/2020,0.007891,0.000000,
2020-08-31,0.007469,cdi,2020,8,3,Aug/2020,0.007858,0.000000,
2020-09-01,0.007469,cdi,2020,9,3,Sep/2020,0.007826,0.000000,
2020-09-02,0.007469,cdi,2020,9,3,Sep/2020,0.007793,0.000000,
2020-09-03,0.007469,cdi,2020,9,3,Sep/2020,0.007761,0.000000,
2020-09-04,0.007469,cdi,2020,9,3,Sep/2020,0.007728,0.000000,
2020-09-08,0.007469,cdi,2020,9,3,Sep/2020,0.007696,0.000000,
2020-09-09,0.007469,cdi,2020,9,3,Sep/2020,0.007664,0.000000,
2020-09-10,0.007469,cdi,2020,9,3,Sep/2020,0.007631,0.000000,
2020-09-11,0.007469,cdi,2020,9,3,Sep/2020,0.007599,0.000000,
2020-09-14,0.007469,cdi,2020,9,3,Sep/2020,0.007566,0.000000,
2020-09-15,0.007469,cdi,2020,9,3,Sep/2020,0.007534,0.000000,
2020-09-16,0.007469,cdi,2020,9,3,Sep/2020,0.007501,0.000000,
2020-09-17,0.007469,cdi,2020,9,3,Sep/2020,0.007469,0.000000,
2020-09-18,0.007469,cdi,2020,9,3,Sep/2020,0.007469,0.000000,
2020-09-21,0.007469,cdi,2020,9,3,Sep/2020,0.007469,0.000000,
2020-09-22,0.007469,cdi,2020,9,3,Sep/2020,0.007469,0.000000,
2020-09-23,0.007469,cdi,2020,9,3,Sep/2020,0.007469,0.000000,
2020-09-24,0.007469,cdi,2020,9,3,Sep/2020,0.007469,0.000000,
2020-09-25,0.007469,cdi,2020,9,3,Sep/2020,0.007469,0.000000,
2020-09-28,0.007469,cdi,2020,9,3,Sep/2020,0.007469,0.000000,
2020-09-29,0.007469,cdi,2020,9,3,Sep/2020,0.007469,0.000000,
2020-09-30,0.007469,cdi,2020,9,3,Sep/2020,0.007469,0.000000,
2020-10-01,0.007469,cdi,2020,10,4,Oct/2020,0.007469,0.000000,
2020-10-02,0.007469,cdi,2020,10,4,Oct/2020,0.007469,0.000000,
2020-10-05,0.007469,cdi,2020,10,4,Oct/2020,0.007469,0.000000,
2020-10-06,0.007469,cdi,2020,10,4,Oct/2020,0.007469,0.000000,
2020-10-07,0.007469,cdi,2020,10,4,Oct/2020,0.007469,0.000000,
2020-10-08,0.007469,cdi,2020,10,4,Oct/2020,0.007469,0.000000,
2020-10-09,0.007469,cdi,2020,10,4,Oct/2020,0.007469,0.000000,
2020-10-13,0.007469,cdi,2020,10,4,Oct/2020,0.007469,0.000000,
2020-10-14,0.007469,cdi,2020,10,4,Oct/2020,0.007469,0.000000,
2020-10-15,0.007469,cdi,2020,10,4,Oct/2020,0.007469,0.000000,
2020-10-16,0.007469,cdi,2020,10,4,Oct/2020,0.007469,0.000000,
2020-10-19,0.007469,cdi,2020,10,4,Oct/2020,0.007469,0.000000,
2020-10-20,0.007469,cdi,2020,10,4,Oct/2020,0.007469,0.000000,
2020-10-21,0.007469,cdi,2020,10,4,Oct/2020,0.007469,0.000000,
2020-10-22,0.007469,cdi,2020,10,4,Oct/2020,0.007469,0.000000,
2020-10-23,0.007469,cdi,2020,10,4,Oct/2020,0.007469,0.000000,
2020-10-26,0.007469,cdi,2020,10,4,Oct/2020,0.007469,0.000000,
2020-10-27,0.007469,cdi,2020,10,4,Oct/2020,0.007469,0.000000,
2020-10-28,0.007469,cdi,2020,10,4,Oct/2020,0.007469,0.000000,
2020-10-29,0.007469,cdi,2020,10,4,Oct/2020,0.007469,0.000000,
2020-10-30,0.007469,cdi,2020,10,4,Oct/2020,0.007469,0.000000,
2020-11-03,0.007469,cdi,2020,11,4,Nov/2020,0.007469,0.000000,
2020-11-04,0.007469,cdi,2020,11,4,Nov/2020,0.007469,0.000000,
2020-11-05,0.007469,cdi,2020,11,4,Nov/2020,0.007469,0.000000,
2020-11-06,0.007469,cdi,2020,11,4,Nov/2020,0.007469,0.000000,
2020-11-09,0.007469,cdi,2020,11,4,Nov/2020,0.007469,0.000000,
2020-11-10,0.007469,cdi,2020,11,4,Nov/2020,0.007469,0.000000,
2020-11-11,0.007469,cdi,2020,11,4,Nov/2020,0.007469,0.000000,
2020-11-12,0.007469,cdi,2020,11,4,Nov/2020,0.007469,0.000000,
2020-11-13,0.007469,cdi,2020,11,4,Nov/2020,0.007469,0.000000,
2020-11-16,0.007469,cdi,2020,11,4,Nov/2020,0.007469,0.000000,
2020-11-17,0.007469,cdi,2020,11,4,Nov/2020,0.007469,0.000000,
2020-11-18,0.007469,cdi,2020,11,4,Nov/2020,0.007469,0.000000,
2020-11-19,0.007469,cdi,2020,11,4,Nov/2020,0.007469,0.000000,
2020-11-20,0.007469,cdi,2020,11,4,Nov/2020,0.007469,0.000000,
2020-11-23,0.007469,cdi,2020,11,4,Nov/2020,0.007469,0.000000,
2020-11-24,0.007469,cdi,2020,11,4,Nov/2020,0.007469,0.000000,
2020-11-25,0.007469,cdi,2020,11,4,Nov/2020,0.007469,0.000000,
2020-11-26,0.007469,cdi,2020,11,4,Nov/2020,0.007469,0.000000,
2020-11-27,0.007469,cdi,2020,11,4,Nov/2020,0.007469,0.000000,
2020-11-30,0.007469,cdi,2020,11,4,Nov/2020,0.007469,0.000000,
2020-12-01,0.007469,cdi,2020,12,4,Dec/2020,0.007469,0.000000,
2020-12-02,0.007469,cdi,2020,12,4,Dec/2020,0.007469,0.000000,
2020-12-03,0.007469,cdi,2020,12,4,Dec/2020,0.007469,0.000000,
2020-12-04,0.007469,cdi,2020,12,4,Dec/2020,0.007469,0.000000,
2020-12-07,0.007469,cdi,2020,12,4,Dec/2020,0.007469,0.000000,
2020-12-08,0.007469,cdi,2020,12,4,Dec/2020,0.007469,0.000000,
2020-12-09,0.007469,cdi,2020,12,4,Dec/2020,0.007469,0.000000,
2020-12-10,0.007469,cdi,2020,12,4,Dec/2020,0.007469,0.000000,
2020-12-11,0.007469,cdi,2020,12,4,Dec/2020,0.007469,0.000000,
2020-12-14,0.007469,cdi,2020,12,4,Dec/2020,0.007469,0.000000,
2020-12-15,0.007469,cdi,2020,12,4,Dec/2020,0.007469,0.000000,
2020-12-16,0.007469,cdi,2020,12,4,Dec/2020,0.007469,0.000000,
2020-12-17,0.007469,cdi,2020,12,4,Dec/2020,0.007469,0.000000,
2020-12-18,0.007469,cdi,2020,12,4,Dec/2020,0.007469,0.000000,
2020-12-21,0.007469,cdi,2020,12,4,Dec/2020,0.007469,0.000000,
2020-12-22,0.007469,cdi,2020,12,4,Dec/2020,0.007469,0.000000,
2020-12-23,0.007469,cdi,2020,12,4,Dec/2020,0.007469,0.000000,
2020-12-24,0.007469,cdi,2020,12,4,Dec/2020,0.007469,0.000000,
2020-12-28,0.007469,cdi,2020,12,4,Dec/2020,0.007469,0.000000,
2020-12-29,0.007469,cdi,2020,12,4,Dec/2020,0.007469,0.000000,
2020-12-30,0.007469,cdi,2020,12,4,Dec/2020,0.007469,0.000000,
2020-12-31,0.007469,cdi,2020,12,4,Dec/2020,0.007469,0.000000,
2021-01-04,0.007469,cdi,2021,1,1,Jan/2021,0.007469,0.000000,
2021-01-05,0.007469,cdi,2021,1,1,Jan/2021,0.007469,0.000000,
2021-01-06,0.007469,cdi,2021,1,1,Jan/2021,0.007469,0.000000,
2021-01-07,0.007469,cdi,2021,1,1,Jan/2021,0.007469,0.000000,
2021-01-08,0.007469,cdi,2021,1,1,Jan/2021,0.007469,0.000000,
2021-01-11,0.007469,cdi,2021,1,1,Jan/2021,0.007469,0.000000,
2021-01-12,0.007469,cdi,2021,1,1,Jan/2021,0.007469,0.000000,
2021-01-13,0.007469,cdi,2021,1,1,Jan/2021,0.007469,0.000000,
2021-01-14,0.007469,cdi,2021,1,1,Jan/2021,0.007469,0.000000,
2021-01-15,0.007469,cdi,2021,1,1,Jan/2021,0.007469,0.000000,
2021-01-18,0.007469,cdi,2021,1,1,Jan/2021,0.007469,0.000000,
2021-01-19,0.007469,cdi,2021,1,1,Jan/2021,0.007469,0.000000,
2021-01-20,0.007469,cdi,2021,1,1,Jan/2021,0.007469,0.000000,
2021-01-21,0.007469,cdi,2021,1,1,Jan/2021,0.007469,0.000000,
2021-01-22,0.007469,cdi,2021,1,1,Jan/2021,0.007469,0.000000,
2021-01-25,0.007469,cdi,2021,1,1,Jan/2021,0.007469,0.000000,
2021-01-26,0.007469,cdi,2021,1,1,Jan/2021,0.007469,0.000000,
2021-01-27,0.007469,cdi,2021,1,1,Jan/2021,0.007469,0.000000,
2021-01-28,0.007469,cdi,2021,1,1,Jan/2021,0.007469,0.000000,
2021-01-29,0.007469,cdi,2021,1,1,Jan/2021,0.007469,0.000000,
2021-02-01,0.007469,cdi,2021,2,1,Feb/2021,0.007469,0.000000,
2021-02-02,0.007469,cdi,2021,2,1,Feb/2021,0.007469,0.000000,
2021-02-03,0.007469,cdi,2021,2,1,Feb/2021,0.007469,0.000000,
2021-02-04,0.007469,cdi,2021,2,1,Feb/2021,0.007469,0.000000,
2021-02-05,0.007469,cdi,2021,2,1,Feb/2021,0.007469,0.000000,
2021-02-08,0.007469,cdi,2021,2,1,Feb/2021,0.007469,0.000000,
2021-02-09,0.007469,cdi,2021,2,1,Feb/2021,0.007469,0.000000,
2021-02-10,0.007469,cdi,2021,2,1,Feb/2021,0.007469,0.000000,
2021-02-11,0.007469,cdi,2021,2,1,Feb/2021,0.007469,0.000000,
2021-02-12,0.007469,cdi,2021,2,1,Feb/2021,0.007469,0.000000,
2021-02-17,0.007469,cdi,2021,2,1,Feb/2021,0.007469,0.000000,
2021-02-18,0.007469,cdi,2021,2,1,Feb/2021,0.007469,0.000000,
2021-02-19,0.007469,cdi,2021,2,1,Feb/2021,0.007469,0.000000,
2021-02-22,0.007469,cdi,2021,2,1,Feb/2021,0.007469,0.000000,
2021-02-23,0.007469,cdi,2021,2,1,Feb/2021,0.007469,0.000000,
2021-02-24,0.007469,cdi,2021,2,1,Feb/2021,0.007469,0.000000,
2021-02-25,0.007469,cdi,2021,2,1,Feb/2021,0.007469,0.000000,
2021-02-26,0.007469,cdi,2021,2,1,Feb/2021,0.007469,0.000000,
2021-03-01,0.007469,cdi,2021,3,1,Mar/2021,0.007469,0.000000,
2021-03-02,0.007469,cdi,2021,3,1,Mar/2021,0.007469,0.000000,
2021-03-03,0.007469,cdi,2021,3,1,Mar/2021,0.007469,0.000000,
2021-03-04,0.007469,cdi,2021,3,1,Mar/2021,0.007469,0.000000,
2021-03-05,0.007469,cdi,2021,3,1,Mar/2021,0.007469,0.000000,
2021-03-08,0.007469,cdi,2021,3,1,Mar/2021,0.007469,0.000000,
2021-03-09,0.007469,cdi,2021,3,1,Mar/2021,0.007469,0.000000,
2021-03-10,0.007469,cdi,2021,3,1,Mar/2021,0.007469,0.000000,
2021-03-11,0.007469,cdi,2021,3,1,Mar/2021,0.007469,0.000000,
2021-03-12,0.007469,cdi,2021,3,1,Mar/2021,0.007469,0.000000,
2021-03-15,0.007469,cdi,2021,3,1,Mar/2021,0.007469,0.000000,
2021-03-16,0.007469,cdi,2021,3,1,Mar/2021,0.007469,0.000000,
2021-03-17,0.007469,cdi,2021,3,1,Mar/2021,0.007469,0.000000,
2021-03-18,0.010379,cdi,2021,3,1,Mar/2021,0.007566,38.961039,
2021-03-19,0.010379,cdi,2021,3,1,Mar/2021,0.007663,0.000000,
2021-03-22,0.010379,cdi,2021,3,1,Mar/2021,0.007760,0.000000,
2021-03-23,0.010379,cdi,2021,3,1,Mar/2021,0.007857,0.000000,
2021-03-24,0.010379,cdi,2021,3,1,Mar/2021,0.007954,0.000000,
2021-03-25,0.010379,cdi,2021,3,1,Mar/2021,0.008051,0.000000,
2021-03-26,0.010379,cdi,2021,3,1,Mar/2021,0.008148,0.000000,
2021-03-29,0.010379,cdi,2021,3,1,Mar/2021,0.008245,0.000000,
2021-03-30,0.010379,cdi,2021,3,1,Mar/2021,0.008342,0.000000,
2021-03-31,0.010379,cdi,2021,3,1,Mar/2021,0.008439,0.000000,
2021-04-01,0.010379,cdi,2021,4,2,Apr/2021,0.008536,0.000000,
2021-04-05,0.010379,cdi,2021,4,2,Apr/2021,0.008633,0.000000,
2021-04-06,0.010379,cdi,2021,4,2,Apr/2021,0.008730,0.000000,
2021-04-07,0.010379,cdi,2021,4,2,Apr/2021,0.008827,0.000000,
2021-04-08,0.010379,cdi,2021,4,2,Apr/2021,0.008924,0.000000,
2021-04-09,0.010379,cdi,2021,4,2,Apr/2021,0.009021,0.000000,
2021-04-12,0.010379,cdi,2021,4,2,Apr/2021,0.009118,0.000000,
2021-04-13,0.010379,cdi,2021,4,2,Apr/2021,0.009215,0.000000,
2021-04-14,0.010379,cdi,2021,4,2,Apr/2021,0.009312,0.000000,
2021-04-15,0.010379,cdi,2021,4,2,Apr/2021,0.009409,0.000000,
2021-04-16,0.010379,cdi,2021,4,2,Apr/2021,0.009506,0.000000,
2021-04-19,0.010379,cdi,2021,4,2,Apr/2021,0.009603,0.000000,
2021-04-20,0.010379,cdi,2021,4,2,Apr/2021,0.009700,0.000000,
2021-04-22,0.010379,cdi,2021,4,2,Apr/2021,0.009797,0.000000,
2021-04-23,0.010379,cdi,2021,4,2,Apr/2021,0.009894,0.000000,
2021-04-26,0.010379,cdi,2021,4,2,Apr/2021,0.009991,0.000000,
2021-04-27,0.010379,cdi,2021,4,2,Apr/2021,0.010088,0.000000,
2021-04-28,0.010379,cdi,2021,4,2,Apr/2021,0.010185,0.000000,
2021-04-29,0.010379,cdi,2021,4,2,Apr/2021,0.010282,0.000000,
2021-04-30,0.010379,cdi,2021,4,2,Apr/2021,0.010379,0.000000,
2021-05-03,0.010379,cdi,2021,5,2,May/2021,0.010379,0.000000,
2021-05-04,0.010379,cdi,2021,5,2,May/2021,0.010379,0.000000,
2021-05-05,0.010379,cdi,2021,5,2,May/2021,0.010379,0.000000,
2021-05-06,0.013269,cdi,2021,5,2,May/2021,0.010475,27.844686,
2021-05-07,0.013269,cdi,2021,5,2,May/2021,0.010572,0.000000,
2021-05-10,0.013269,cdi,2021,5,2,May/2021,0.010668,0.000000,
2021-05-11,0.013269,cdi,2021,5,2,May/2021,0.010764,0.000000,
2021-05-12,0.013269,cdi,2021,5,2,May/2021,0.010861,0.000000,
2021-05-13,0.013269,cdi,2021,5,2,May/2021,0.010957,0.000000,
2021-05-14,0.013269,cdi,2021,5,2,May/2021,0.011053,0.000000,
2021-05-17,0.013269,cdi,2021,5,2,May/2021,0.011150,0.000000,
2021-05-18,0.013269,cdi,2021,5,2,May/2021,0.011246,0.000000,
2021-05-19,0.013269,cdi,2021,5,2,May/2021,0.011342,0.000000,
2021-05-20,0.013269,cdi,2021,5,2,May/2021,0.011439,0.000000,
2021-05-21,0.013269,cdi,2021,5,2,May/2021,0.011535,0.000000,
2021-05-24,0.013269,cdi,2021,5,2,May/2021,0.011631,0.000000,
2021-05-25,0.013269,cdi,2021,5,2,May/2021,0.011728,0.000000,
2021-05-26,0.013269,cdi,2021,5,2,May/2021,0.011824,0.000000,
2021-05-27,0.013269,cdi,2021,5,2,May/2021,0.011920,0.000000,
2021-05-28,0.013269,cdi,2021,5,2,May/2021,0.012017,0.000000,
2021-05-31,0.013269,cdi,2021,5,2,May/2021,0.012113,0.000000,
2021-06-01,0.013269,cdi,2021,6,2,Jun/2021,0.012209,0.000000,
2021-06-02,0.013269,cdi,2021,6,2,Jun/2021,0.012306,0.000000,
2021-06-04,0.013269,cdi,2021,6,2,Jun/2021,0.012402,0.000000,
2021-06-07,0.013269,cdi,2021,6,2,Jun/2021,0.012498,0.000000,
2021-06-08,0.013269,cdi,2021,6,2,Jun/2021,0.012595,0.000000,
2021-06-09,0.013269,cdi,2021,6,2,Jun/2021,0.012691,0.000000,
2021-06-10,0.013269,cdi,2021,6,2,Jun/2021,0.012787,0.000000,
2021-06-11,0.013269,cdi,2021,6,2,Jun/2021,0.012884,0.000000,
2021-06-14,0.013269,cdi,2021,6,2,Jun/2021,0.012980,0.000000,
2021-06-15,0.013269,cdi,2021,6,2,Jun/2021,0.013076,0.000000,
2021-06-16,0.013269,cdi,2021,6,2,Jun/2021,0.013173,0.000000,
2021-06-17,0.016137,cdi,2021,6,2,Jun/2021,0.013365,21.614289,
2021-06-18,0.016137,cdi,2021,6,2,Jun/2021,0.013460,0.000000,
2021-06-21,0.016137,cdi,2021,6,2,Jun/2021,0.013556,0.000000,
2021-06-22,0.016137,cdi,2021,6,2,Jun/2021,0.013651,0.000000,
2021-06-23,0.016137,cdi,2021,6,2,Jun/2021,0.013747,0.000000,
2021-06-24,0.016137,cdi,2021,6,2,Jun/2021,0.013843,0.000000,
2021-06-25,0.016137,cdi,2021,6,2,Jun/2021,0.013938,0.000000,
2021-06-28,0.016137,cdi,2021,6,2,Jun/2021,0.014034,0.000000,
2021-06-29,0.016137,cdi,2021,6,2,Jun/2021,0.014129,0.000000,
2021-06-30,0.016137,cdi,2021,6,2,Jun/2021,0.014225,0.000000,
2021-07-01,0.016137,cdi,2021,7,3,Jul/2021,0.014321,0.000000,
2021-07-02,0.016137,cdi,2021,7,3,Jul/2021,0.014416,0.000000,
2021-07-05,0.016137,cdi,2021,7,3,Jul/2021,0.014512,0.000000,
2021-07-06,0.016137,cdi,2021,7,3,Jul/2021,0.014607,0.000000,
2021-07-07,0.016137,cdi,2021,7,3,Jul/2021,0.014703,0.000000,
2021-07-08,0.016137,cdi,2021,7,3,Jul/2021,0.014799,0.000000,
2021-07-09,0.016137,cdi,2021,7,3,Jul/2021,0.014894,0.000000,
2021-07-12,0.016137,cdi,2021,7,3,Jul/2021,0.014990,0.000000,
2021-07-13,0.016137,cdi,2021,7,3,Jul/2021,0.015085,0.000000,
2021-07-14,0.016137,cdi,2021,7,3,Jul/2021,0.015181,0.000000,
2021-07-15,0.016137,cdi,2021,7,3,Jul/2021,0.015277,0.000000,
2021-07-16,0.016137,cdi,2021,7,3,Jul/2021,0.015372,0.000000,
2021-07-19,0.016137,cdi,2021,7,3,Jul/2021,0.015468,0.000000,
2021-07-20,0.016137,cdi,2021,7,3,Jul/2021,0.015563,0.000000,
2021-07-21,0.016137,cdi,2021,7,3,Jul/2021,0.015659,0.000000,
2021-07-22,0.016137,cdi,2021,7,3,Jul/2021,0.015755,0.000000,
2021-07-23,0.016137,cdi,2021,7,3,Jul/2021,0.015850,0.000000,
2021-07-26,0.016137,cdi,2021,7,3,Jul/2021,0.015946,0.000000,
2021-07-27,0.016137,cdi,2021,7,3,Jul/2021,0.016041,0.000000,
2021-07-28,0.016137,cdi,2021,7,3,Jul/2021,0.016137,0.000000,
2021-07-29,0.016137,cdi,2021,7,3,Jul/2021,0.016137,0.000000,
2021-07-30,0.016137,cdi,2021,7,3,Jul/2021,0.016137,0.000000,
2021-08-02,0.016137,cdi,2021,8,3,Aug/2021,0.016137,0.000000,
2021-08-03,0.016137,cdi,2021,8,3,Aug/2021,0.016137,0.000000,
2021-08-04,0.016137,cdi,2021,8,3,Aug/2021,0.016137,0.000000,
2021-08-05,0.019930,cdi,2021,8,3,Aug/2021,0.016263,23.504989,
2021-08-06,0.019930,cdi,2021,8,3,Aug/2021,0.016390,0.000000,
2021-08-09,0.019930,cdi,2021,8,3,Aug/2021,0.016516,0.000000,
2021-08-10,0.019930,cdi,2021,8,3,Aug/2021,0.016643,0.000000,
2021-08-11,0.019930,cdi,2021,8,3,Aug/2021,0.016769,0.000000,
2021-08-12,0.019930,cdi,2021,8,3,Aug/2021,0.016896,0.000000,
2021-08-13,0.019930,cdi,2021,8,3,Aug/2021,0.017022,0.000000,
2021-08-16,0.019930,cdi,2021,8,3,Aug/2021,0.017148,0.000000,
2021-08-17,0.019930,cdi,2021,8,3,Aug/2021,0.017275,0.000000,
2021-08-18,0.019930,cdi,2021,8,3,Aug/2021,0.017401,0.000000,
2021-08-19,0.019930,cdi,2021,8,3,Aug/2021,0.017528,0.000000,
2021-08-20,0.019930,cdi,2021,8,3,Aug/2021,0.017654,0.000000,
2021-08-23,0.019930,cdi,2021,8,3,Aug/2021,0.017781,0.000000,
2021-08-24,0.019930,cdi,2021,8,3,Aug/2021,0.017907,0.000000,
2021-08-25,0.019930,cdi,2021,8,3,Aug/2021,0.018033,0.000000,
2021-08-26,0.019930,cdi,2021,8,3,Aug/2021,0.018160,0.000000,
2021-08-27,0.019930,cdi,2021,8,3,Aug/2021,0.018286,0.000000,
2021-08-30,0.019930,cdi,2021,8,3,Aug/2021,0.018413,0.000000,
2021-08-31,0.019930,cdi,2021,8,3,Aug/2021,0.018539,0.000000,
2021-09-01,0.019930,cdi,2021,9,3,Sep/2021,0.018666,0.000000,
2021-09-02,0.019930,cdi,2021,9,3,Sep/2021,0.018792,0.000000,
2021-09-03,0.019930,cdi,2021,9,3,Sep/2021,0.018919,0.000000,
2021-09-06,0.019930,cdi,2021,9,3,Sep/2021,0.019045,0.000000,
2021-09-08,0.019930,cdi,2021,9,3,Sep/2021,0.019171,0.000000,
2021-09-09,0.019930,cdi,2021,9,3,Sep/2021,0.019298,0.000000,
2021-09-10,0.019930,cdi,2021,9,3,Sep/2021,0.019424,0.000000,
2021-09-13,0.019930,cdi,2021,9,3,Sep/2021,0.019551,0.000000,
2021-09-14,0.019930,cdi,2021,9,3,Sep/2021,0.019677,0.000000,
2021-09-15,0.019930,cdi,2021,9,3,Sep/2021,0.019804,0.000000,
2021-09-16,0.019930,cdi,2021,9,3,Sep/2021,0.019930,0.000000,
2021-09-17,0.019930,cdi,2021,9,3,Sep/2021,0.019930,0.000000,
2021-09-20,0.019930,cdi,2021,9,3,Sep/2021,0.019930,0.000000,
2021-09-21,0.019930,cdi,2021,9,3,Sep/2021,0.019930,0.000000,
2021-09-22,0.019930,cdi,2021,9,3,Sep/2021,0.019930,0.000000,
2021-09-23,0.023687,cdi,2021,9,3,Sep/2021,0.020055,18.850978,
2021-09-24,0.023687,cdi,2021,9,3,Sep/2021,0.020180,0.000000,
2021-09-27,0.023687,cdi,2021,9,3,Sep/2021,0.020306,0.000000,
2021-09-28,0.023687,cdi,2021,9,3,Sep/2021,0.020431,0.000000,
2021-09-29,0.023687,cdi,2021,9,3,Sep/2021,0.020556,0.000000,
2021-09-30,0.023687,cdi,2021,9,3,Sep/2021,0.020681,0.000000,
2021-10-01,0.023687,cdi,2021,10,4,Oct/2021,0.020807,0.000000,
2021-10-04,0.023687,cdi,2021,10,4,Oct/2021,0.020932,0.000000,
2021-10-05,0.023687,cdi,2021,10,4,Oct/2021,0.021057,0.000000,
2021-10-06,0.023687,cdi,2021,10,4,Oct/2021,0.021182,0.000000,
2021-10-07,0.023687,cdi,2021,10,4,Oct/2021,0.021308,0.000000,
2021-10-08,0.023687,cdi,2021,10,4,Oct/2021,0.021433,0.000000,
2021-10-11,0.023687,cdi,2021,10,4,Oct/2021,0.021558,0.000000,
2021-10-13,0.023687,cdi,2021,10,4,Oct/2021,0.021683,0.000000,
2021-10-14,0.023687,cdi,2021,10,4,Oct/2021,0.021809,0.000000,
2021-10-15,0.023687,cdi,2021,10,4,Oct/2021,0.021934,0.000000,
2021-10-18,0.023687,cdi,2021,10,4,Oct/2021,0.022059,0.000000,
2021-10-19,0.023687,cdi,2021,10,4,Oct/2021,0.022184,0.000000,
2021-10-20,0.023687,cdi,2021,10,4,Oct/2021,0.022309,0.000000,
2021-10-21,0.023687,cdi,2021,10,4,Oct/2021,0.022435,0.000000,
2021-10-22,0.023687,cdi,2021,10,4,Oct/2021,0.022560,0.000000,
2021-10-25,0.023687,cdi,2021,10,4,Oct/2021,0.022685,0.000000,
2021-10-26,0.023687,cdi,2021,10,4,Oct/2021,0.022810,0.000000,
2021-10-27,0.023687,cdi,2021,10,4,Oct/2021,0.022936,0.000000,
2021-10-28,0.029256,cdi,2021,10,4,Oct/2021,0.023246,23.510787,
2021-10-29,0.029256,cdi,2021,10,4,Oct/2021,0.023557,0.000000,
2021-11-01,0.029256,cdi,2021,11,4,Nov/2021,0.023868,0.000000,
2021-11-03,0.029256,cdi,2021,11,4,Nov/2021,0.024179,0.000000,
2021-11-04,0.029256,cdi,2021,11,4,Nov/2021,0.024490,0.000000,
2021-11-05,0.029256,cdi,2021,11,4,Nov/2021,0.024801,0.000000,
2021-11-08,0.029256,cdi,2021,11,4,Nov/2021,0.024986,0.000000,
2021-11-09,0.029256,cdi,2021,11,4,Nov/2021,0.025172,0.000000,
2021-11-10,0.029256,cdi,2021,11,4,Nov/2021,0.025358,0.000000,
2021-11-11,0.029256,cdi,2021,11,4,Nov/2021,0.025543,0.000000,
2021-11-12,0.029256,cdi,2021,11,4,Nov/2021,0.025729,0.000000,
2021-11-16,0.029256,cdi,2021,11,4,Nov/2021,0.025915,0.000000,
2021-11-17,0.029256,cdi,2021,11,4,Nov/2021,0.026100,0.000000,
2021-11-18,0.029256,cdi,2021,11,4,Nov/2021,0.026286,0.000000,
2021-11-19,0.029256,cdi,2021,11,4,Nov/2021,0.026471,0.000000,
2021-11-22,0.029256,cdi,2021,11,4,Nov/2021,0.026657,0.000000,
2021-11-23,0.029256,cdi,2021,11,4,Nov/2021,0.026843,0.000000,
2021-11-24,0.029256,cdi,2021,11,4,Nov/2021,0.027028,0.000000,
2021-11-25,0.029256,cdi,2021,11,4,Nov/2021,0.027214,0.000000,
2021-11-26,0.029256,cdi,2021,11,4,Nov/2021,0.027400,0.000000,
2021-11-29,0.029256,cdi,2021,11,4,Nov/2021,0.027585,0.000000,
2021-11-30,0.029256,cdi,2021,11,4,Nov/2021,0.027771,0.000000,
2021-12-01,0.029256,cdi,2021,12,4,Dec/2021,0.027957,0.000000,
2021-12-02,0.029256,cdi,2021,12,4,Dec/2021,0.028142,0.000000,
2021-12-03,0.029256,cdi,2021,12,4,Dec/2021,0.028328,0.000000,
2021-12-06,0.029256,cdi,2021,12,4,Dec/2021,0.028513,0.000000,
2021-12-07,0.029256,cdi,2021,12,4,Dec/2021,0.028699,0.000000,
2021-12-08,0.029256,cdi,2021,12,4,Dec/2021,0.028885,0.000000,
2021-12-09,0.034749,cdi,2021,12,4,Dec/2021,0.029253,18.775636,
2021-12-10,0.034749,cdi,2021,12,4,Dec/2021,0.029622,0.000000,
2021-12-13,0.034749,cdi,2021,12,4,Dec/2021,0.029805,0.000000,
2021-12-14,0.034749,cdi,2021,12,4,Dec/2021,0.029988,0.000000,
2021-12-15,0.034749,cdi,2021,12,4,Dec/2021,0.030172,0.000000,
2021-12-16,0.034749,cdi,2021,12,4,Dec/2021,0.030355,0.000000,
2021-12-17,0.034749,cdi,2021,12,4,Dec/2021,0.030538,0.000000,
2021-12-20,0.034749,cdi,2021,12,4,Dec/2021,0.030721,0.000000,
2021-12-21,0.034749,cdi,2021,12,4,Dec/2021,0.030904,0.000000,
2021-12-22,0.034749,cdi,2021,12,4,Dec/2021,0.031087,0.000000,
2021-12-23,0.034749,cdi,2021,12,4,Dec/2021,0.031270,0.000000,
2021-12-24,0.034749,cdi,2021,12,4,Dec/2021,0.031453,0.000000,
2021-12-27,0.034749,cdi,2021,12,4,Dec/2021,0.031636,0.000000,
2021-12-28,0.034749,cdi,2021,12,4,Dec/2021,0.031819,0.000000,
2021-12-29,0.034749,cdi,2021,12,4,Dec/2021,0.032003,0.000000,
2021-12-30,0.034749,cdi,2021,12,4,Dec/2021,0.032186,0.000000,
2021-12-31,0.034749,cdi,2021,12,4,Dec/2021,0.032369,0.000000,
2022-01-03,0.034749,cdi,2022,1,1,Jan/2022,0.032552,0.000000,
2022-01-04,0.034749,cdi,2022,1,1,Jan/2022,0.032735,0.000000,
2022-01-05,0.034749,cdi,2022,1,1,Jan/2022,0.032918,0.000000,
2022-01-06,0.034749,cdi,2022,1,1,Jan/2022,0.033101,0.000000,
2022-01-07,0.034749,cdi,2022,1,1,Jan/2022,0.033284,0.000000,
2022-01-10,0.034749,cdi,2022,1,1,Jan/2022,0.033467,0.000000,
2022-01-11,0.034749,cdi,2022,1,1,Jan/2022,0.033650,0.000000,
2022-01-12,0.034749,cdi,2022,1,1,Jan/2022,0.033834,0.000000,
2022-01-13,0.034749,cdi,2022,1,1,Jan/2022,0.034017,0.000000,
2022-01-14,0.034749,cdi,2022,1,1,Jan/2022,0.034200,0.000000,
2022-01-17,0.034749,cdi,2022,1,1,Jan/2022,0.034383,0.000000,
2022-01-18,0.034749,cdi,2022,1,1,Jan/2022,0.034566,0.000000,
2022-01-19,0.034749,cdi,2022,1,1,Jan/2022,0.034749,0.000000,
2022-01-20,0.034749,cdi,2022,1,1,Jan/2022,0.034749,0.000000,
2022-01-21,0.034749,cdi,2022,1,1,Jan/2022,0.034749,0.000000,
2022-01-24,0.034749,cdi,2022,1,1,Jan/2022,0.034749,0.000000,
2022-01-25,0.034749,cdi,2022,1,1,Jan/2022,0.034749,0.000000,
2022-01-26,0.034749,cdi,2022,1,1,Jan/2022,0.034749,0.000000,
2022-01-27,0.034749,cdi,2022,1,1,Jan/2022,0.034749,0.000000,
2022-01-28,0.034749,cdi,2022,1,1,Jan/2022,0.034749,0.000000,
2022-01-31,0.034749,cdi,2022,1,1,Jan/2022,0.034749,0.000000,
2022-02-01,0.034749,cdi,2022,2,1,Feb/2022,0.034749,0.000000,
2022-02-02,0.034749,cdi,2022,2,1,Feb/2022,0.034749,0.000000,
2022-02-03,0.040168,cdi,2022,2,1,Feb/2022,0.034930,15.594693,
2022-02-04,0.040168,cdi,2022,2,1,Feb/2022,0.035110,0.000000,
2022-02-07,0.040168,cdi,2022,2,1,Feb/2022,0.035291,0.000000,
2022-02-08,0.040168,cdi,2022,2,1,Feb/2022,0.035472,0.000000,
2022-02-09,0.040168,cdi,2022,2,1,Feb/2022,0.035652,0.000000,
2022-02-10,0.040168,cdi,2022,2,1,Feb/2022,0.035833,0.000000,
2022-02-11,0.040168,cdi,2022,2,1,Feb/2022,0.036013,0.000000,
2022-02-14,0.040168,cdi,2022,2,1,Feb/2022,0.036194,0.000000,
2022-02-15,0.040168,cdi,2022,2,1,Feb/2022,0.036375,0.000000,
2022-02-16,0.040168,cdi,2022,2,1,Feb/2022,0.036555,0.000000,
2022-02-17,0.040168,cdi,2022,2,1,Feb/2022,0.036736,0.000000,
2022-02-18,0.040168,cdi,2022,2,1,Feb/2022,0.036917,0.000000,
2022-02-21,0.040168,cdi,2022,2,1,Feb/2022,0.037097,0.000000,
2022-02-22,0.040168,cdi,2022,2,1,Feb/2022,0.037278,0.000000,
2022-02-23,0.040168,cdi,2022,2,1,Feb/2022,0.037458,0.000000,
2022-02-24,0.040168,cdi,2022,2,1,Feb/2022,0.037639,0.000000,
2022-02-25,0.040168,cdi,2022,2,1,Feb/2022,0.037820,0.000000,
2022-03-02,0.040168,cdi,2022,3,1,Mar/2022,0.038000,0.000000,
2022-03-03,0.040168,cdi,2022,3,1,Mar/2022,0.038181,0.000000,
2022-03-04,0.040168,cdi,2022,3,1,Mar/2022,0.038362,0.000000,
2022-03-07,0.040168,cdi,2022,3,1,Mar/2022,0.038542,0.000000,
2022-03-08,0.040168,cdi,2022,3,1,Mar/2022,0.038723,0.000000,
2022-03-09,0.040168,cdi,2022,3,1,Mar/2022,0.038904,0.000000,
2022-03-10,0.040168,cdi,2022,3,1,Mar/2022,0.039084,0.000000,
2022-03-11,0.040168,cdi,2022,3,1,Mar/2022,0.039265,0.000000,
2022-03-14,0.040168,cdi,2022,3,1,Mar/2022,0.039445,0.000000,
2022-03-15,0.040168,cdi,2022,3,1,Mar/2022,0.039626,0.000000,
2022-03-16,0.040168,cdi,2022,3,1,Mar/2022,0.039807,0.000000,
2022-03-17,0.043739,cdi,2022,3,1,Mar/2022,0.040106,8.890161,
2022-03-18,0.043739,cdi,2022,3,1,Mar/2022,0.040406,0.000000,
2022-03-21,0.043739,cdi,2022,3,1,Mar/2022,0.040525,0.000000,
2022-03-22,0.043739,cdi,2022,3,1,Mar/2022,0.040644,0.000000,
2022-03-23,0.043739,cdi,2022,3,1,Mar/2022,0.040763,0.000000,
2022-03-24,0.043739,cdi,2022,3,1,Mar/2022,0.040882,0.000000,
2022-03-25,0.043739,cdi,2022,3,1,Mar/2022,0.041001,0.000000,
2022-03-28,0.043739,cdi,2022,3,1,Mar/2022,0.041120,0.000000,
2022-03-29,0.043739,cdi,2022,3,1,Mar/2022,0.041239,0.000000,
2022-03-30,0.043739,cdi,2022,3,1,Mar/2022,0.041358,0.000000,
2022-03-31,0.043739,cdi,2022,3,1,Mar/2022,0.041477,0.000000,
2022-04-01,0.043739,cdi,2022,4,2,Apr/2022,0.041596,0.000000,
2022-04-04,0.043739,cdi,2022,4,2,Apr/2022,0.041715,0.000000,
2022-04-05,0.043739,cdi,2022,4,2,Apr/2022,0.041834,0.000000,
2022-04-06,0.043739,cdi,2022,4,2,Apr/2022,0.041953,0.000000,
2022-04-07,0.043739,cdi,2022,4,2,Apr/2022,0.042073,0.000000,
2022-04-08,0.043739,cdi,2022,4,2,Apr/2022,0.042192,0.000000,
2022-04-11,0.043739,cdi,2022,4,2,Apr/2022,0.042311,0.000000,
2022-04-12,0.043739,cdi,2022,4,2,Apr/2022,0.042430,0.000000,
2022-04-13,0.043739,cdi,2022,4,2,Apr/2022,0.042549,0.000000,
2022-04-14,0.043739,cdi,2022,4,2,Apr/2022,0.042668,0.000000,
2022-04-18,0.043739,cdi,2022,4,2,Apr/2022,0.042787,0.000000,
2022-04-19,0.043739,cdi,2022,4,2,Apr/2022,0.042906,0.000000,
2022-04-20,0.043739,cdi,2022,4,2,Apr/2022,0.043025,0.000000,
2022-04-22,0.043739,cdi,2022,4,2,Apr/2022,0.043144,0.000000,
2022-04-25,0.043739,cdi,2022,4,2,Apr/2022,0.043263,0.000000,
2022-04-26,0.043739,cdi,2022,4,2,Apr/2022,0.043382,0.000000,
2022-04-27,0.043739,cdi,2022,4,2,Apr/2022,0.043501,0.000000,
2022-04-28,0.043739,cdi,2022,4,2,Apr/2022,0.043620,0.000000,
2022-04-29,0.043739,cdi,2022,4,2,Apr/2022,0.043739,0.000000,
2022-05-02,0.043739,cdi,2022,5,2,May/2022,0.043739,0.000000,
2022-05-03,0.043739,cdi,2022,5,2,May/2022,0.043739,0.000000,
2022-05-04,0.043739,cdi,2022,5,2,May/2022,0.043739,0.000000,
2022-05-05,0.047279,cdi,2022,5,2,May/2022,0.043857,8.093463,
2022-05-06,0.047279,cdi,2022,5,2,May/2022,0.043975,0.000000,
2022-05-09,0.047279,cdi,2022,5,2,May/2022,0.044093,0.000000,
2022-05-10,0.047279,cdi,2022,5,2,May/2022,0.044211,0.000000,
2022-05-11,0.047279,cdi,2022,5,2,May/2022,0.044329,0.000000,
2022-05-12,0.047279,cdi,2022,5,2,May/2022,0.044447,0.000000,
2022-05-13,0.047279,cdi,2022,5,2,May/2022,0.044565,0.000000,
2022-05-16,0.047279,cdi,2022,5,2,May/2022,0.044683,0.000000,
2022-05-17,0.047279,cdi,2022,5,2,May/2022,0.044801,0.000000,
2022-05-18,0.047279,cdi,2022,5,2,May/2022,0.044919,0.000000,
2022-05-19,0.047279,cdi,2022,5,2,May/2022,0.045037,0.000000,
2022-05-20,0.047279,cdi,2022,5,2,May/2022,0.045155,0.000000,
2022-05-23,0.047279,cdi,2022,5,2,May/2022,0.045273,0.000000,
2022-05-24,0.047279,cdi,2022,5,2,May/2022,0.045391,0.000000,
2022-05-25,0.047279,cdi,2022,5,2,May/2022,0.045509,0.000000,
2022-05-26,0.047279,cdi,2022,5,2,May/2022,0.045627,0.000000,
2022-05-27,0.047279,cdi,2022,5,2,May/2022,0.045745,0.000000,
2022-05-30,0.047279,cdi,2022,5,2,May/2022,0.045863,0.000000,
2022-05-31,0.047279,cdi,2022,5,2,May/2022,0.045981,0.000000,
2022-06-01,0.047279,cdi,2022,6,2,Jun/2022,0.046099,0.000000,
2022-06-02,0.047279,cdi,2022,6,2,Jun/2022,0.046217,0.000000,
2022-06-03,0.047279,cdi,2022,6,2,Jun/2022,0.046335,0.000000,
2022-06-06,0.047279,cdi,2022,6,2,Jun/2022,0.046453,0.000000,
2022-06-07,0.047279,cdi,2022,6,2,Jun/2022,0.046571,0.000000,
2022-06-08,0.047279,cdi,2022,6,2,Jun/2022,0.046689,0.000000,
2022-06-09,0.047279,cdi,2022,6,2,Jun/2022,0.046807,0.000000,
2022-06-10,0.047279,cdi,2022,6,2,Jun/2022,0.046925,0.000000,
2022-06-13,0.047279,cdi,2022,6,2,Jun/2022,0.047043,0.000000,
2022-06-14,0.047279,cdi,2022,6,2,Jun/2022,0.047161,0.000000,
2022-06-15,0.047279,cdi,2022,6,2,Jun/2022,0.047279,0.000000,
2022-06-17,0.049037,cdi,2022,6,2,Jun/2022,0.047338,3.718353,
2022-06-20,0.049037,cdi,2022,6,2,Jun/2022,0.047396,0.000000,
2022-06-21,0.049037,cdi,2022,6,2,Jun/2022,0.047455,0.000000,
2022-06-22,0.049037,cdi,2022,6,2,Jun/2022,0.047513,0.000000,
2022-06-23,0.049037,cdi,2022,6,2,Jun/2022,0.047572,0.000000,
2022-06-24,0.049037,cdi,2022,6,2,Jun/2022,0.047631,0.000000,
2022-06-27,0.049037,cdi,2022,6,2,Jun/2022,0.047689,0.000000,
2022-06-28,0.049037,cdi,2022,6,2,Jun/2022,0.047748,0.000000,
2022-06-29,0.049037,cdi,2022,6,2,Jun/2022,0.047806,0.000000,
2022-06-30,0.049037,cdi,2022,6,2,Jun/2022,0.047865,0.000000,
2022-07-01,0.049037,cdi,2022,7,3,Jul/2022,0.047924,0.000000,
2022-07-04,0.049037,cdi,2022,7,3,Jul/2022,0.047982,0.000000,
2022-07-05,0.049037,cdi,2022,7,3,Jul/2022,0.048041,0.000000,
2022-07-06,0.049037,cdi,2022,7,3,Jul/2022,0.048099,0.000000,
2022-07-07,0.049037,cdi,2022,7,3,Jul/2022,0.048158,0.000000,
2022-07-08,0.049037,cdi,2022,7,3,Jul/2022,0.048217,0.000000,
2022-07-11,0.049037,cdi,2022,7,3,Jul/2022,0.048275,0.000000,
2022-07-12,0.049037,cdi,2022,7,3,Jul/2022,0.048334,0.000000,
2022-07-13,0.049037,cdi,2022,7,3,Jul/2022,0.048392,0.000000,
2022-07-14,0.049037,cdi,2022,7,3,Jul/2022,0.048451,0.000000,
2022-07-15,0.049037,cdi,2022,7,3,Jul/2022,0.048510,0.000000,
2022-07-18,0.049037,cdi,2022,7,3,Jul/2022,0.048568,0.000000,
2022-07-19,0.049037,cdi,2022,7,3,Jul/2022,0.048627,0.000000,
2022-07-20,0.049037,cdi,2022,7,3,Jul/2022,0.048685,0.000000,
2022-07-21,0.049037,cdi,2022,7,3,Jul/2022,0.048744,0.000000,
2022-07-22,0.049037,cdi,2022,7,3,Jul/2022,0.048803,0.000000,
2022-07-25,0.049037,cdi,2022,7,3,Jul/2022,0.048861,0.000000,
2022-07-26,0.049037,cdi,2022,7,3,Jul/2022,0.048920,0.000000,
2022-07-27,0.049037,cdi,2022,7,3,Jul/2022,0.048978,0.000000,
2022-07-28,0.049037,cdi,2022,7,3,Jul/2022,0.049037,0.000000,
2022-07-29,0.049037,cdi,2022,7,3,Jul/2022,0.049037,0.000000,
2022-08-01,0.049037,cdi,2022,8,3,Aug/2022,0.049037,0.000000,
2022-08-02,0.049037,cdi,2022,8,3,Aug/2022,0.049037,0.000000,
2022-08-03,0.049037,cdi,2022,8,3,Aug/2022,0.049037,0.000000,
2022-08-04,0.050788,cdi,2022,8,3,Aug/2022,0.049095,3.570773,
2022-08-05,0.050788,cdi,2022,8,3,Aug/2022,0.049154,0.000000,
2022-08-08,0.050788,cdi,2022,8,3,Aug/2022,0.049212,0.000000,
2022-08-09,0.050788,cdi,2022,8,3,Aug/2022,0.049270,0.000000,
2022-08-10,0.050788,cdi,2022,8,3,Aug/2022,0.049329,0.000000,
2022-08-11,0.050788,cdi,2022,8,3,Aug/2022,0.049387,0.000000,
2022-08-12,0.050788,cdi,2022,8,3,Aug/2022,0.049446,0.000000,
2022-08-15,0.050788,cdi,2022,8,3,Aug/2022,0.049504,0.000000,
2022-08-16,0.050788,cdi,2022,8,3,Aug/2022,0.049562,0.000000,
2022-08-17,0.050788,cdi,2022,8,3,Aug/2022,0.049621,0.000000,
2022-08-18,0.050788,cdi,2022,8,3,Aug/2022,0.049679,0.000000,
2022-08-19,0.050788,cdi,2022,8,3,Aug/2022,0.049737,0.000000,
2022-08-22,0.050788,cdi,2022,8,3,Aug/2022,0.049796,0.000000,
2022-08-23,0.050788,cdi,2022,8,3,Aug/2022,0.049854,0.000000,
2022-08-24,0.050788,cdi,2022,8,3,Aug/2022,0.049912,0.000000,
2022-08-25,0.050788,cdi,2022,8,3,Aug/2022,0.049971,0.000000,
2022-08-26,0.050788,cdi,2022,8,3,Aug/2022,0.050029,0.000000,
2022-08-29,0.050788,cdi,2022,8,3,Aug/2022,0.050088,0.000000,
2022-08-30,0.050788,cdi,2022,8,3,Aug/2022,0.050146,0.000000,
2022-08-31,0.050788,cdi,2022,8,3,Aug/2022,0.050204,0.000000,
2022-09-01,0.050788,cdi,2022,9,3,Sep/2022,0.050263,0.000000,
2022-09-02,0.050788,cdi,2022,9,3,Sep/2022,0.050321,0.000000,
2022-09-05,0.050788,cdi,2022,9,3,Sep/2022,0.050379,0.000000,
2022-09-06,0.050788,cdi,2022,9,3,Sep/2022,0.050438,0.000000,
2022-09-08,0.050788,cdi,2022,9,3,Sep/2022,0.050496,0.000000,
2022-09-09,0.050788,cdi,2022,9,3,Sep/2022,0.050555,0.000000,
2022-09-12,0.050788,cdi,2022,9,3,Sep/2022,0.050613,0.000000,
2022-09-13,0.050788,cdi,2022,9,3,Sep/2022,0.050671,0.000000,
2022-09-14,0.050788,cdi,2022,9,3,Sep/2022,0.050730,0.000000,
2022-09-15,0.050788,cdi,2022,9,3,Sep/2022,0.050788,0.000000,
2022-09-16,0.050788,cdi,2022,9,3,Sep/2022,0.050788,0.000000,
2022-09-19,0.050788,cdi,2022,9,3,Sep/2022,0.050788,0.000000,
2022-09-20,0.050788,cdi,2022,9,3,Sep/2022,0.050788,0.000000,
2022-09-21,0.050788,cdi,2022,9,3,Sep/2022,0.050788,0.000000,
2022-09-22,0.050788,cdi,2022,9,3,Sep/2022,0.050788,0.000000,
2022-09-23,0.050788,cdi,2022,9,3,Sep/2022,0.050788,0.000000,
2022-09-26,0.050788,cdi,2022,9,3,Sep/2022,0.050788,0.000000,
2022-09-27,0.050788,cdi,2022,9,3,Sep/2022,0.050788,0.000000,
2022-09-28,0.050788,cdi,2022,9,3,Sep/2022,0.050788,0.000000,
2022-09-29,0.050788,cdi,2022,9,3,Sep/2022,0.050788,0.000000,
2022-09-30,0.050788,cdi,2022,9,3,Sep/2022,0.050788,0.000000,
2022-10-03,0.050788,cdi,2022,10,4,Oct/2022,0.050788,0.000000,
2022-10-04,0.050788,cdi,2022,10,4,Oct/2022,0.050788,0.000000,
2022-10-05,0.050788,cdi,2022,10,4,Oct/2022,0.050788,0.000000,
2022-10-06,0.050788,cdi,2022,10,4,Oct/2022,0.050788,0.000000,
2022-10-07,0.050788,cdi,2022,10,4,Oct/2022,0.050788,0.000000,
2022-10-10,0.050788,cdi,2022,10,4,Oct/2022,0.050788,0.000000,
2022-10-11,0.050788,cdi,2022,10,4,Oct/2022,0.050788,0.000000,
2022-10-13,0.050788,cdi,2022,10,4,Oct/2022,0.050788,0.000000,
2022-10-14,0.050788,cdi,2022,10,4,Oct/2022,0.050788,0.000000,
2022-10-17,0.050788,cdi,2022,10,4,Oct/2022,0.050788,0.000000,
2022-10-18,0.050788,cdi,2022,10,4,Oct/2022,0.050788,0.000000,
2022-10-19,0.050788,cdi,2022,10,4,Oct/2022,0.050788,0.000000,
2022-10-20,0.050788,cdi,2022,10,4,Oct/2022,0.050788,0.000000,
2022-10-21,0.050788,cdi,2022,10,4,Oct/2022,0.050788,0.000000,
2022-10-24,0.050788,cdi,2022,10,4,Oct/2022,0.050788,0.000000,
2022-10-25,0.050788,cdi,2022,10,4,Oct/2022,0.050788,0.000000,
2022-10-26,0.050788,cdi,2022,10,4,Oct/2022,0.050788,0.000000,
2022-10-27,0.050788,cdi,2022,10,4,Oct/2022,0.050788,0.000000,
2022-10-28,0.050788,cdi,2022,10,4,Oct/2022,0.050788,0.000000,
2022-10-31,0.050788,cdi,2022,10,4,Oct/2022,0.050788,0.000000,
2022-11-01,0.050788,cdi,2022,11,4,Nov/2022,0.050788,0.000000,
2022-11-03,0.050788,cdi,2022,11,4,Nov/2022,0.050788,0.000000,
2022-11-04,0.050788,cdi,2022,11,4,Nov/2022,0.050788,0.000000,
2022-11-07,0.050788,cdi,2022,11,4,Nov/2022,0.050788,0.000000,
2022-11-08,0.050788,cdi,2022,11,4,Nov/2022,0.050788,0.000000,
2022-11-09,0.050788,cdi,2022,11,4,Nov/2022,0.050788,0.000000,
2022-11-10,0.050788,cdi,2022,11,4,Nov/2022,0.050788,0.000000,
2022-11-11,0.050788,cdi,2022,11,4,Nov/2022,0.050788,0.000000,
2022-11-14,0.050788,cdi,2022,11,4,Nov/2022,0.050788,0.000000,
2022-11-16,0.050788,cdi,2022,11,4,Nov/2022,0.050788,0.000000,
2022-11-17,0.050788,cdi,2022,11,4,Nov/2022,0.050788,0.000000,
2022-11-18,0.050788,cdi,2022,11,4,Nov/2022,0.050788,0.000000,
2022-11-21,0.050788,cdi,2022,11,4,Nov/2022,0.050788,0.000000,
2022-11-22,0.050788,cdi,2022,11,4,Nov/2022,0.050788,0.000000,
2022-11-23,0.050788,cdi,2022,11,4,Nov/2022,0.050788,0.000000,
2022-11-24,0.050788,cdi,2022,11,4,Nov/2022,0.050788,0.000000,
2022-11-25,0.050788,cdi,2022,11,4,Nov/2022,0.050788,0.000000,
2022-11-28,0.050788,cdi,2022,11,4,Nov/2022,0.050788,0.000000,
2022-11-29,0.050788,cdi,2022,11,4,Nov/2022,0.050788,0.000000,
2022-11-30,0.050788,cdi,2022,11,4,Nov/2022,0.050788,0.000000,
2022-12-01,0.050788,cdi,2022,12,4,Dec/2022,0.050788,0.000000,
2022-12-02,0.050788,cdi,2022,12,4,Dec/2022,0.050788,0.000000,
2022-12-05,0.050788,cdi,2022,12,4,Dec/2022,0.050788,0.000000,
2022-12-06,0.050788,cdi,2022,12,4,Dec/2022,0.050788,0.000000,
2022-12-07,0.050788,cdi,2022,12,4,Dec/2022,0.050788,0.000000,
2022-12-08,0.050788,cdi,2022,12,4,Dec/2022,0.050788,0.000000,
2022-12-09,0.050788,cdi,2022,12,4,Dec/2022,0.050788,0.000000,
2022-12-12,0.050788,cdi,2022,12,4,Dec/2022,0.050788,0.000000,
2022-12-13,0.050788,cdi,2022,12,4,Dec/2022,0.050788,0.000000,
2022-12-14,0.050788,cdi,2022,12,4,Dec/2022,0.050788,0.000000,
2022-12-15,0.050788,cdi,2022,12,4,Dec/2022,0.050788,0.000000,
2022-12-16,0.050788,cdi,2022,12,4,Dec/2022,0.050788,0.000000,
2022-12-19,0.050788,cdi,2022,12,4,Dec/2022,0.050788,0.000000,
2022-12-20,0.050788,cdi,2022,12,4,Dec/2022,0.050788,0.000000,
2022-12-21,0.050788,cdi,2022,12,4,Dec/2022,0.050788,0.000000,
2022-12-22,0.050788,cdi,2022,12,4,Dec/2022,0.050788,0.000000,
2022-12-23,0.050788,cdi,2022,12,4,Dec/2022,0.050788,0.000000,
2022-12-26,0.050788,cdi,2022,12,4,Dec/2022,0.050788,0.000000,
2022-12-27,0.050788,cdi,2022,12,4,Dec/2022,0.050788,0.000000,
2022-12-28,0.050788,cdi,2022,12,4,Dec/2022,0.050788,0.000000,
2022-12-29,0.050788,cdi,2022,12,4,Dec/2022,0.050788,0.000000,
2022-12-30,0.050788,cdi,2022,12,4,Dec/2022,0.050788,0.000000,
2023-01-02,0.050788,cdi,2023,1,1,Jan/2023,0.050788,0.000000,
2023-01-03,0.050788,cdi,2023,1,1,Jan/2023,0.050788,0.000000,
2023-01-04,0.050788,cdi,2023,1,1,Jan/2023,0.050788,0.000000,
2023-01-05,0.050788,cdi,2023,1,1,Jan/2023,0.050788,0.000000,
2023-01-06,0.050788,cdi,2023,1,1,Jan/2023,0.050788,0.000000,
2023-01-09,0.050788,cdi,2023,1,1,Jan/2023,0.050788,0.000000,
2023-01-10,0.050788,cdi,2023,1,1,Jan/2023,0.050788,0.000000,
2023-01-11,0.050788,cdi,2023,1,1,Jan/2023,0.050788,0.000000,
2023-01-12,0.050788,cdi,2023,1,1,Jan/2023,0.050788,0.000000,
2023-01-13,0.050788,cdi,2023,1,1,Jan/2023,0.050788,0.000000,
2023-01-16,0.050788,cdi,2023,1,1,Jan/2023,0.050788,0.000000,
2023-01-17,0.050788,cdi,2023,1,1,Jan/2023,0.050788,0.000000,
2023-01-18,0.050788,cdi,2023,1,1,Jan/2023,0.050788,0.000000,
2023-01-19,0.050788,cdi,2023,1,1,Jan/2023,0.050788,0.000000,
2023-01-20,0.050788,cdi,2023,1,1,Jan/2023,0.050788,0.000000,
2023-01-23,0.050788,cdi,2023,1,1,Jan/2023,0.050788,0.000000,
2023-01-24,0.050788,cdi,2023,1,1,Jan/2023,0.050788,0.000000,
2023-01-25,0.050788,cdi,2023,1,1,Jan/2023,0.050788,0.000000,
2023-01-26,0.050788,cdi,2023,1,1,Jan/2023,0.050788,0.000000,
2023-01-27,0.050788,cdi,2023,1,1,Jan/2023,0.050788,0.000000,
2023-01-30,0.050788,cdi,2023,1,1,Jan/2023,0.050788,0.000000,
2023-01-31,0.050788,cdi,2023,1,1,Jan/2023,0.050788,0.000000,
2023-02-01,0.050788,cdi,2023,2,1,Feb/2023,0.050788,0.000000,
2023-02-02,0.050788,cdi,2023,2,1,Feb/2023,0.050788,0.000000,
2023-02-03,0.050788,cdi,2023,2,1,Feb/2023,0.050788,0.000000,
2023-02-06,0.050788,cdi,2023,2,1,Feb/2023,0.050788,0.000000,
2023-02-07,0.050788,cdi,2023,2,1,Feb/2023,0.050788,0.000000,
2023-02-08,0.050788,cdi,2023,2,1,Feb/2023,0.050788,0.000000,
2023-02-09,0.050788,cdi,2023,2,1,Feb/2023,0.050788,0.000000,
2023-02-10,0.050788,cdi,2023,2,1,Feb/2023,0.050788,0.000000,
2023-02-13,0.050788,cdi,2023,2,1,Feb/2023,0.050788,0.000000,
2023-02-14,0.050788,cdi,2023,2,1,Feb/2023,0.050788,0.000000,
2023-02-15,0.050788,cdi,2023,2,1,Feb/2023,0.050788,0.000000,
2023-02-16,0.050788,cdi,2023,2,1,Feb/2023,0.050788,0.000000,
2023-02-17,0.050788,cdi,2023,2,1,Feb/2023,0.050788,0.000000,
2023-02-22,0.050788,cdi,2023,2,1,Feb/2023,0.050788,0.000000,
2023-02-23,0.050788,cdi,2023,2,1,Feb/2023,0.050788,0.000000,
2023-02-24,0.050788,cdi,2023,2,1,Feb/2023,0.050788,0.000000,
2023-02-27,0.050788,cdi,2023,2,1,Feb/2023,0.050788,0.000000,
2023-02-28,0.050788,cdi,2023,2,1,Feb/2023,0.050788,0.000000,
2023-03-01,0.050788,cdi,2023,3,1,Mar/2023,0.050788,0.000000,
2023-03-02,0.050788,cdi,2023,3,1,Mar/2023,0.050788,0.000000,
2023-03-03,0.050788,cdi,2023,3,1,Mar/2023,0.050788,0.000000,
2023-03-06,0.050788,cdi,2023,3,1,Mar/2023,0.050788,0.000000,
2023-03-07,0.050788,cdi,2023,3,1,Mar/2023,0.050788,0.000000,
2023-03-08,0.050788,cdi,2023,3,1,Mar/2023,0.050788,0.000000,
2023-03-09,0.050788,cdi,2023,3,1,Mar/2023,0.050788,0.000000,
2023-03-10,0.050788,cdi,2023,3,1,Mar/2023,0.050788,0.000000,
2023-03-13,0.050788,cdi,2023,3,1,Mar/2023,0.050788,0.000000,
2023-03-14,0.050788,cdi,2023,3,1,Mar/2023,0.050788,0.000000,
2023-03-15,0.050788,cdi,2023,3,1,Mar/2023,0.050788,0.000000,
2023-03-16,0.050788,cdi,2023,3,1,Mar/2023,0.050788,0.000000,
2023-03-17,0.050788,cdi,2023,3,1,Mar/2023,0.050788,0.000000,
2023-03-20,0.050788,cdi,2023,3,1,Mar/2023,0.050788,0.000000,
2023-03-21,0.050788,cdi,2023,3,1,Mar/2023,0.050788,0.000000,
2023-03-22,0.050788,cdi,2023,3,1,Mar/2023,0.050788,0.000000,
2023-03-23,0.050788,cdi,2023,3,1,Mar/2023,0.050788,0.000000,
2023-03-24,0.050788,cdi,2023,3,1,Mar/2023,0.050788,0.000000,
2023-03-27,0.050788,cdi,2023,3,1,Mar/2023,0.050788,0.000000,
2023-03-28,0.050788,cdi,2023,3,1,Mar/2023,0.050788,0.000000,
2023-03-29,0.050788,cdi,2023,3,1,Mar/2023,0.050788,0.000000,
2023-03-30,0.050788,cdi,2023,3,1,Mar/2023,0.050788,0.000000,
2023-03-31,0.050788,cdi,2023,3,1,Mar/2023,0.050788,0.000000,
2023-04-03,0.050788,cdi,2023,4,2,Apr/2023,0.050788,0.000000,
2023-04-04,0.050788,cdi,2023,4,2,Apr/2023,0.050788,0.000000,
2023-04-05,0.050788,cdi,2023,4,2,Apr/2023,0.050788,0.000000,
2023-04-06,0.050788,cdi,2023,4,2,Apr/2023,0.050788,0.000000,
2023-04-10,0.050788,cdi,2023,4,2,Apr/2023,0.050788,0.000000,
2023-04-11,0.050788,cdi,2023,4,2,Apr/2023,0.050788,0.000000,
2023-04-12,0.050788,cdi,2023,4,2,Apr/2023,0.050788,0.000000,
2023-04-13,0.050788,cdi,2023,4,2,Apr/2023,0.050788,0.000000,
2023-04-14,0.050788,cdi,2023,4,2,Apr/2023,0.050788,0.000000,
2023-04-17,0.050788,cdi,2023,4,2,Apr/2023,0.050788,0.000000,
2023-04-18,0.050788,cdi,2023,4,2,Apr/2023,0.050788,0.000000,
2023-04-19,0.050788,cdi,2023,4,2,Apr/2023,0.050788,0.000000,
2023-04-20,0.050788,cdi,2023,4,2,Apr/2023,0.050788,0.000000,
2023-04-24,0.050788,cdi,2023,4,2,Apr/2023,0.050788,0.000000,
2023-04-25,0.050788,cdi,2023,4,2,Apr/2023,0.050788,0.000000,
2023-04-26,0.050788,cdi,2023,4,2,Apr/2023,0.050788,0.000000,
2023-04-27,0.050788,cdi,2023,4,2,Apr/2023,0.050788,0.000000,
2023-04-28,0.050788,cdi,2023,4,2,Apr/2023,0.050788,0.000000,
2023-05-02,0.050788,cdi,2023,5,2,May/2023,0.050788,0.000000,
2023-05-03,0.050788,cdi,2023,5,2,May/2023,0.050788,0.000000,
2023-05-04,0.050788,cdi,2023,5,2,May/2023,0.050788,0.000000,
2023-05-05,0.050788,cdi,2023,5,2,May/2023,0.050788,0.000000,
2023-05-08,0.050788,cdi,2023,5,2,May/2023,0.050788,0.000000,
2023-05-09,0.050788,cdi,2023,5,2,May/2023,0.050788,0.000000,
2023-05-10,0.050788,cdi,2023,5,2,May/2023,0.050788,0.000000,
2023-05-11,0.050788,cdi,2023,5,2,May/2023,0.050788,0.000000,
2023-05-12,0.050788,cdi,2023,5,2,May/2023,0.050788,0.000000,
2023-05-15,0.050788,cdi,2023,5,2,May/2023,0.050788,0.000000,
2023-05-16,0.050788,cdi,2023,5,2,May/2023,0.050788,0.000000,
2023-05-17,0.050788,cdi,2023,5,2,May/2023,0.050788,0.000000,
2023-05-18,0.050788,cdi,2023,5,2,May/2023,0.050788,0.000000,
2023-05-19,0.050788,cdi,2023,5,2,May/2023,0.050788,0.000000,
2023-05-22,0.050788,cdi,2023,5,2,May/2023,0.050788,0.000000,
2023-05-23,0.050788,cdi,2023,5,2,May/2023,0.050788,0.000000,
2023-05-24,0.050788,cdi,2023,5,2,May/2023,0.050788,0.000000,
2023-05-25,0.050788,cdi,2023,5,2,May/2023,0.050788,0.000000,
2023-05-26,0.050788,cdi,2023,5,2,May/2023,0.050788,0.000000,
2023-05-29,0.050788,cdi,2023,5,2,May/2023,0.050788,0.000000,
2023-05-30,0.050788,cdi,2023,5,2,May/2023,0.050788,0.000000,
2023-05-31,0.050788,cdi,2023,5,2,May/2023,0.050788,0.000000,
2023-06-01,0.050788,cdi,2023,6,2,Jun/2023,0.050788,0.000000,
2023-06-02,0.050788,cdi,2023,6,2,Jun/2023,0.050788,0.000000,
2023-06-05,0.050788,cdi,2023,6,2,Jun/2023,0.050788,0.000000,
2023-06-06,0.050788,cdi,2023,6,2,Jun/2023,0.050788,0.000000,
2023-06-07,0.050788,cdi,2023,6,2,Jun/2023,0.050788,0.000000,
2023-06-09,0.050788,cdi,2023,6,2,Jun/2023,0.050788,0.000000,
2023-06-12,0.050788,cdi,2023,6,2,Jun/2023,0.050788,0.000000,
2023-06-13,0.050788,cdi,2023,6,2,Jun/2023,0.050788,0.000000,
2023-06-14,0.050788,cdi,2023,6,2,Jun/2023,0.050788,0.000000,
2023-06-15,0.050788,cdi,2023,6,2,Jun/2023,0.050788,0.000000,
2023-06-16,0.050788,cdi,2023,6,2,Jun/2023,0.050788,0.000000,
2023-06-19,0.050788,cdi,2023,6,2,Jun/2023,0.050788,0.000000,
2023-06-20,0.050788,cdi,2023,6,2,Jun/2023,0.050788,0.000000,
2023-06-21,0.050788,cdi,2023,6,2,Jun/2023,0.050788,0.000000,
2023-06-22,0.050788,cdi,2023,6,2,Jun/2023,0.050788,0.000000,
2023-06-23,0.050788,cdi,2023,6,2,Jun/2023,0.050788,0.000000,
2023-06-26,0.050788,cdi,2023,6,2,Jun/2023,0.050788,0.000000,
2023-06-27,0.050788,cdi,2023,6,2,Jun/2023,0.050788,0.000000,
2023-06-28,0.050788,cdi,2023,6,2,Jun/2023,0.050788,0.000000,
2023-06-29,0.050788,cdi,2023,6,2,Jun/2023,0.050788,0.000000,
2023-06-30,0.050788,cdi,2023,6,2,Jun/2023,0.050788,0.000000,
2023-07-03,0.050788,cdi,2023,7,3,Jul/2023,0.050788,0.000000,
2023-07-04,0.050788,cdi,2023,7,3,Jul/2023,0.050788,0.000000,
2023-07-05,0.050788,cdi,2023,7,3,Jul/2023,0.050788,0.000000,
2023-07-06,0.050788,cdi,2023,7,3,Jul/2023,0.050788,0.000000,
2023-07-07,0.050788,cdi,2023,7,3,Jul/2023,0.050788,0.000000,
2023-07-10,0.050788,cdi,2023,7,3,Jul/2023,0.050788,0.000000,
2023-07-11,0.050788,cdi,2023,7,3,Jul/2023,0.050788,0.000000,
2023-07-12,0.050788,cdi,2023,7,3,Jul/2023,0.050788,0.000000,
2023-07-13,0.050788,cdi,2023,7,3,Jul/2023,0.050788,0.000000,
2023-07-14,0.050788,cdi,2023,7,3,Jul/2023,0.050788,0.000000,
2023-07-17,0.050788,cdi,2023,7,3,Jul/2023,0.050788,0.000000,
2023-07-18,0.050788,cdi,2023,7,3,Jul/2023,0.050788,0.000000,
2023-07-19,0.050788,cdi,2023,7,3,Jul/2023,0.050788,0.000000,
2023-07-20,0.050788,cdi,2023,7,3,Jul/2023,0.050788,0.000000,
2023-07-21,0.050788,cdi,2023,7,3,Jul/2023,0.050788,0.000000,
2023-07-24,0.050788,cdi,2023,7,3,Jul/2023,0.050788,0.000000,
2023-07-25,0.050788,cdi,2023,7,3,Jul/2023,0.050788,0.000000,
2023-07-26,0.050788,cdi,2023,7,3,Jul/2023,0.050788,0.000000,
2023-07-27,0.050788,cdi,2023,7,3,Jul/2023,0.050788,0.000000,
2023-07-28,0.050788,cdi,2023,7,3,Jul/2023,0.050788,0.000000,
2023-07-31,0.050788,cdi,2023,7,3,Jul/2023,0.050788,0.000000,
2023-08-01,0.050788,cdi,2023,8,3,Aug/2023,0.050788,0.000000,
2023-08-02,0.050788,cdi,2023,8,3,Aug/2023,0.050788,0.000000,
2023-08-03,0.049037,cdi,2023,8,3,Aug/2023,0.050730,-3.447665,
2023-08-04,0.049037,cdi,2023,8,3,Aug/2023,0.050671,0.000000,
2023-08-07,0.049037,cdi,2023,8,3,Aug/2023,0.050613,0.000000,
2023-08-08,0.049037,cdi,2023,8,3,Aug/2023,0.050555,0.000000,
2023-08-09,0.049037,cdi,2023,8,3,Aug/2023,0.050496,0.000000,
2023-08-10,0.049037,cdi,2023,8,3,Aug/2023,0.050438,0.000000,
2023-08-11,0.049037,cdi,2023,8,3,Aug/2023,0.050379,0.000000,
2023-08-14,0.049037,cdi,2023,8,3,Aug/2023,0.050321,0.000000,
2023-08-15,0.049037,cdi,2023,8,3,Aug/2023,0.050263,0.000000,
2023-08-16,0.049037,cdi,2023,8,3,Aug/2023,0.050204,0.000000,
2023-08-17,0.049037,cdi,2023,8,3,Aug/2023,0.050146,0.000000,
2023-08-18,0.049037,cdi,2023,8,3,Aug/2023,0.050088,0.000000,
2023-08-21,0.049037,cdi,2023,8,3,Aug/2023,0.050029,0.000000,
2023-08-22,0.049037,cdi,2023,8,3,Aug/2023,0.049971,0.000000,
2023-08-23,0.049037,cdi,2023,8,3,Aug/2023,0.049912,0.000000,
2023-08-24,0.049037,cdi,2023,8,3,Aug/2023,0.049854,0.000000,
2023-08-25,0.049037,cdi,2023,8,3,Aug/2023,0.049796,0.000000,
2023-08-28,0.049037,cdi,2023,8,3,Aug/2023,0.049737,0.000000,
2023-08-29,0.049037,cdi,2023,8,3,Aug/2023,0.049679,0.000000,
2023-08-30,0.049037,cdi,2023,8,3,Aug/2023,0.049621,0.000000,
2023-08-31,0.049037,cdi,2023,8,3,Aug/2023,0.049562,0.000000,
2023-09-01,0.049037,cdi,2023,9,3,Sep/2023,0.049504,0.000000,
2023-09-04,0.049037,cdi,2023,9,3,Sep/2023,0.049446,0.000000,
2023-09-05,0.049037,cdi,2023,9,3,Sep/2023,0.049387,0.000000,
2023-09-06,0.049037,cdi,2023,9,3,Sep/2023,0.049329,0.000000,
2023-09-08,0.049037,cdi,2023,9,3,Sep/2023,0.049270,0.000000,
2023-09-11,0.049037,cdi,2023,9,3,Sep/2023,0.049212,0.000000,
2023-09-12,0.049037,cdi,2023,9,3,Sep/2023,0.049154,0.000000,
2023-09-13,0.049037,cdi,2023,9,3,Sep/2023,0.049095,0.000000,
2023-09-14,0.049037,cdi,2023,9,3,Sep/2023,0.049037,0.000000,
2023-09-15,0.049037,cdi,2023,9,3,Sep/2023,0.049037,0.000000,
2023-09-18,0.049037,cdi,2023,9,3,Sep/2023,0.049037,0.000000,
2023-09-19,0.049037,cdi,2023,9,3,Sep/2023,0.049037,0.000000,
2023-09-20,0.049037,cdi,2023,9,3,Sep/2023,0.049037,0.000000,
2023-09-21,0.047279,cdi,2023,9,3,Sep/2023,0.048978,-3.585048,
2023-09-22,0.047279,cdi,2023,9,3,Sep/2023,0.048920,0.000000,
2023-09-25,0.047279,cdi,2023,9,3,Sep/2023,0.048861,0.000000,
2023-09-26,0.047279,cdi,2023,9,3,Sep/2023,0.048803,0.000000,
2023-09-27,0.047279,cdi,2023,9,3,Sep/2023,0.048744,0.000000,
2023-09-28,0.047279,cdi,2023,9,3,Sep/2023,0.048685,0.000000,
2023-09-29,0.047279,cdi,2023,9,3,Sep/2023,0.048627,0.000000,
2023-10-02,0.047279,cdi,2023,10,4,Oct/2023,0.048568,0.000000,
2023-10-03,0.047279,cdi,2023,10,4,Oct/2023,0.048510,0.000000,
2023-10-04,0.047279,cdi,2023,10,4,Oct/2023,0.048451,0.000000,
2023-10-05,0.047279,cdi,2023,10,4,Oct/2023,0.048392,0.000000,
2023-10-06,0.047279,cdi,2023,10,4,Oct/2023,0.048334,0.000000,
2023-10-09,0.047279,cdi,2023,10,4,Oct/2023,0.048275,0.000000,
2023-10-10,0.047279,cdi,2023,10,4,Oct/2023,0.048217,0.000000,
2023-10-11,0.047279,cdi,2023,10,4,Oct/2023,0.048158,0.000000,
2023-10-13,0.047279,cdi,2023,10,4,Oct/2023,0.048099,0.000000,
2023-10-16,0.047279,cdi,2023,10,4,Oct/2023,0.048041,0.000000,
2023-10-17,0.047279,cdi,2023,10,4,Oct/2023,0.047982,0.000000,
2023-10-18,0.047279,cdi,2023,10,4,Oct/2023,0.047924,0.000000,
2023-10-19,0.047279,cdi,2023,10,4,Oct/2023,0.047865,0.000000,
2023-10-20,0.047279,cdi,2023,10,4,Oct/2023,0.047806,0.000000,
2023-10-23,0.047279,cdi,2023,10,4,Oct/2023,0.047748,0.000000,
2023-10-24,0.047279,cdi,2023,10,4,Oct/2023,0.047689,0.000000,
2023-10-25,0.047279,cdi,2023,10,4,Oct/2023,0.047631,0.000000,
2023-10-26,0.047279,cdi,2023,10,4,Oct/2023,0.047572,0.000000,
2023-10-27,0.047279,cdi,2023,10,4,Oct/2023,0.047513,0.000000,
2023-10-30,0.047279,cdi,2023,10,4,Oct/2023,0.047455,0.000000,
2023-10-31,0.047279,cdi,2023,10,4,Oct/2023,0.047396,0.000000,
2023-11-01,0.047279,cdi,2023,11,4,Nov/2023,0.047338,0.000000,
2023-11-03,0.045513,cdi,2023,11,4,Nov/2023,0.047220,-3.735274,
2023-11-06,0.045513,cdi,2023,11,4,Nov/2023,0.047161,0.000000,
2023-11-07,0.045513,cdi,2023,11,4,Nov/2023,0.047102,0.000000,
2023-11-08,0.045513,cdi,2023,11,4,Nov/2023,0.047044,0.000000,
2023-11-09,0.045513,cdi,2023,11,4,Nov/2023,0.046985,0.000000,
2023-11-10,0.045513,cdi,2023,11,4,Nov/2023,0.046926,0.000000,
2023-11-13,0.045513,cdi,2023,11,4,Nov/2023,0.046867,0.000000,
2023-11-14,0.045513,cdi,2023,11,4,Nov/2023,0.046808,0.000000,
2023-11-16,0.045513,cdi,2023,11,4,Nov/2023,0.046749,0.000000,
2023-11-17,0.045513,cdi,2023,11,4,Nov/2023,0.046690,0.000000,
2023-11-20,0.045513,cdi,2023,11,4,Nov/2023,0.046631,0.000000,
2023-11-21,0.045513,cdi,2023,11,4,Nov/2023,0.046573,0.000000,
2023-11-22,0.045513,cdi,2023,11,4,Nov/2023,0.046514,0.000000,
2023-11-23,0.045513,cdi,2023,11,4,Nov/2023,0.046455,0.000000,
2023-11-24,0.045513,cdi,2023,11,4,Nov/2023,0.046396,0.000000,
2023-11-27,0.045513,cdi,2023,11,4,Nov/2023,0.046337,0.000000,
2023-11-28,0.045513,cdi,2023,11,4,Nov/2023,0.046278,0.000000,
2023-11-29,0.045513,cdi,2023,11,4,Nov/2023,0.046219,0.000000,
2023-11-30,0.045513,cdi,2023,11,4,Nov/2023,0.046161,0.000000,
2023-12-01,0.045513,cdi,2023,12,4,Dec/2023,0.046102,0.000000,
2023-12-04,0.045513,cdi,2023,12,4,Dec/2023,0.046043,0.000000,
2023-12-05,0.045513,cdi,2023,12,4,Dec/2023,0.045984,0.000000,
2023-12-06,0.045513,cdi,2023,12,4,Dec/2023,0.045925,0.000000,
2023-12-07,0.045513,cdi,2023,12,4,Dec/2023,0.045866,0.000000,
2023-12-08,0.045513,cdi,2023,12,4,Dec/2023,0.045807,0.000000,
2023-12-11,0.045513,cdi,2023,12,4,Dec/2023,0.045748,0.000000,
2023-12-12,0.045513,cdi,2023,12,4,Dec/2023,0.045690,0.000000,
2023-12-13,0.045513,cdi,2023,12,4,Dec/2023,0.045631,0.000000,
2023-12-14,0.043739,cdi,2023,12,4,Dec/2023,0.045513,-3.897787,
2023-12-15,0.043739,cdi,2023,12,4,Dec/2023,0.045395,0.000000,
2023-12-18,0.043739,cdi,2023,12,4,Dec/2023,0.045336,0.000000,
2023-12-19,0.043739,cdi,2023,12,4,Dec/2023,0.045276,0.000000,
2023-12-20,0.043739,cdi,2023,12,4,Dec/2023,0.045217,0.000000,
2023-12-21,0.043739,cdi,2023,12,4,Dec/2023,0.045158,0.000000,
2023-12-22,0.043739,cdi,2023,12,4,Dec/2023,0.045099,0.000000,
2023-12-26,0.043739,cdi,2023,12,4,Dec/2023,0.045040,0.000000,
2023-12-27,0.043739,cdi,2023,12,4,Dec/2023,0.044981,0.000000,
2023-12-28,0.043739,cdi,2023,12,4,Dec/2023,0.044922,0.000000,
2023-12-29,0.043739,cdi,2023,12,4,Dec/2023,0.044863,0.000000,
2024-01-02,0.043739,cdi,2024,1,1,Jan/2024,0.044803,0.000000,
2024-01-03,0.043739,cdi,2024,1,1,Jan/2024,0.044744,0.000000,
2024-01-04,0.043739,cdi,2024,1,1,Jan/2024,0.044685,0.000000,
2024-01-05,0.043739,cdi,2024,1,1,Jan/2024,0.044626,0.000000,
2024-01-08,0.043739,cdi,2024,1,1,Jan/2024,0.044567,0.000000,
2024-01-09,0.043739,cdi,2024,1,1,Jan/2024,0.044508,0.000000,
2024-01-10,0.043739,cdi,2024,1,1,Jan/2024,0.044449,0.000000,
2024-01-11,0.043739,cdi,2024,1,1,Jan/2024,0.044389,0.000000,
2024-01-12,0.043739,cdi,2024,1,1,Jan/2024,0.044330,0.000000,
2024-01-15,0.043739,cdi,2024,1,1,Jan/2024,0.044271,0.000000,
2024-01-16,0.043739,cdi,2024,1,1,Jan/2024,0.044212,0.000000,
2024-01-17,0.043739,cdi,2024,1,1,Jan/2024,0.044153,0.000000,
2024-01-18,0.043739,cdi,2024,1,1,Jan/2024,0.044094,0.000000,
2024-01-19,0.043739,cdi,2024,1,1,Jan/2024,0.044035,0.000000,
2024-01-22,0.043739,cdi,2024,1,1,Jan/2024,0.043976,0.000000,
2024-01-23,0.043739,cdi,2024,1,1,Jan/2024,0.043916,0.000000,
2024-01-24,0.043739,cdi,2024,1,1,Jan/2024,0.043857,0.000000,
2024-01-25,0.043739,cdi,2024,1,1,Jan/2024,0.043798,0.000000,
2024-01-26,0.043739,cdi,2024,1,1,Jan/2024,0.043739,0.000000,
2024-01-29,0.043739,cdi,2024,1,1,Jan/2024,0.043739,0.000000,
2024-01-30,0.043739,cdi,2024,1,1,Jan/2024,0.043739,0.000000,
2024-01-31,0.043739,cdi,2024,1,1,Jan/2024,0.043739,0.000000,
2024-02-01,0.041957,cdi,2024,2,1,Feb/2024,0.043680,-4.074167,
2024-02-02,0.041957,cdi,2024,2,1,Feb/2024,0.043620,0.000000,
2024-02-05,0.041957,cdi,2024,2,1,Feb/2024,0.043561,0.000000,
2024-02-06,0.041957,cdi,2024,2,1,Feb/2024,0.043501,0.000000,
2024-02-07,0.041957,cdi,2024,2,1,Feb/2024,0.043442,0.000000,
2024-02-08,0.041957,cdi,2024,2,1,Feb/2024,0.043383,0.000000,
2024-02-09,0.041957,cdi,2024,2,1,Feb/2024,0.043323,0.000000,
2024-02-14,0.041957,cdi,2024,2,1,Feb/2024,0.043264,0.000000,
2024-02-15,0.041957,cdi,2024,2,1,Feb/2024,0.043204,0.000000,
2024-02-16,0.041957,cdi,2024,2,1,Feb/2024,0.043145,0.000000,
2024-02-19,0.041957,cdi,2024,2,1,Feb/2024,0.043086,0.000000,
2024-02-20,0.041957,cdi,2024,2,1,Feb/2024,0.043026,0.000000,
2024-02-21,0.041957,cdi,2024,2,1,Feb/2024,0.042967,0.000000,
2024-02-22,0.041957,cdi,2024,2,1,Feb/2024,0.042907,0.000000,
2024-02-23,0.041957,cdi,2024,2,1,Feb/2024,0.042848,0.000000,
2024-02-26,0.041957,cdi,2024,2,1,Feb/2024,0.042789,0.000000,
2024-02-27,0.041957,cdi,2024,2,1,Feb/2024,0.042729,0.000000,
2024-02-28,0.041957,cdi,2024,2,1,Feb/2024,0.042670,0.000000,
2024-02-29,0.041957,cdi,2024,2,1,Feb/2024,0.042610,0.000000,
2024-03-01,0.041957,cdi,2024,3,1,Mar/2024,0.042551,0.000000,
2024-03-04,0.041957,cdi,2024,3,1,Mar/2024,0.042492,0.000000,
2024-03-05,0.041957,cdi,2024,3,1,Mar/2024,0.042432,0.000000,
2024-03-06,0.041957,cdi,2024,3,1,Mar/2024,0.042373,0.000000,
2024-03-07,0.041957,cdi,2024,3,1,Mar/2024,0.042313,0.000000,
2024-03-08,0.041957,cdi,2024,3,1,Mar/2024,0.042254,0.000000,
2024-03-11,0.041957,cdi,2024,3,1,Mar/2024,0.042195,0.000000,
2024-03-12,0.041957,cdi,2024,3,1,Mar/2024,0.042135,0.000000,
2024-03-13,0.041957,cdi,2024,3,1,Mar/2024,0.042076,0.000000,
2024-03-14,0.041957,cdi,2024,3,1,Mar/2024,0.042016,0.000000,
2024-03-15,0.041957,cdi,2024,3,1,Mar/2024,0.041957,0.000000,
2024-03-18,0.041957,cdi,2024,3,1,Mar/2024,0.041957,0.000000,
2024-03-19,0.041957,cdi,2024,3,1,Mar/2024,0.041957,0.000000,
2024-03-20,0.041957,cdi,2024,3,1,Mar/2024,0.041957,0.000000,
2024-03-21,0.040168,cdi,2024,3,1,Mar/2024,0.041897,-4.263889,
2024-03-22,0.040168,cdi,2024,3,1,Mar/2024,0.041838,0.000000,
2024-03-25,0.040168,cdi,2024,3,1,Mar/2024,0.041778,0.000000,
2024-03-26,0.040168,cdi,2024,3,1,Mar/2024,0.041718,0.000000,
2024-03-27,0.040168,cdi,2024,3,1,Mar/2024,0.041659,0.000000,
2024-03-28,0.040168,cdi,2024,3,1,Mar/2024,0.041599,0.000000,
2024-04-01,0.040168,cdi,2024,4,2,Apr/2024,0.041540,0.000000,
2024-04-02,0.040168,cdi,2024,4,2,Apr/2024,0.041480,0.000000,
2024-04-03,0.040168,cdi,2024,4,2,Apr/2024,0.041420,0.000000,
2024-04-04,0.040168,cdi,2024,4,2,Apr/2024,0.041361,0.000000,
2024-04-05,0.040168,cdi,2024,4,2,Apr/2024,0.041301,0.000000,
2024-04-08,0.040168,cdi,2024,4,2,Apr/2024,0.041241,0.000000,
2024-04-09,0.040168,cdi,2024,4,2,Apr/2024,0.041182,0.000000,
2024-04-10,0.040168,cdi,2024,4,2,Apr/2024,0.041122,0.000000,
2024-04-11,0.040168,cdi,2024,4,2,Apr/2024,0.041063,0.000000,
2024-04-12,0.040168,cdi,2024,4,2,Apr/2024,0.041003,0.000000,
2024-04-15,0.040168,cdi,2024,4,2,Apr/2024,0.040943,0.000000,
2024-04-16,0.040168,cdi,2024,4,2,Apr/2024,0.040884,0.000000,
2024-04-17,0.040168,cdi,2024,4,2,Apr/2024,0.040824,0.000000,
2024-04-18,0.040168,cdi,2024,4,2,Apr/2024,0.040764,0.000000,
2024-04-19,0.040168,cdi,2024,4,2,Apr/2024,0.040705,0.000000,
2024-04-22,0.040168,cdi,2024,4,2,Apr/2024,0.040645,0.000000,
2024-04-23,0.040168,cdi,2024,4,2,Apr/2024,0.040585,0.000000,
2024-04-24,0.040168,cdi,2024,4,2,Apr/2024,0.040526,0.000000,
2024-04-25,0.040168,cdi,2024,4,2,Apr/2024,0.040466,0.000000,
2024-04-26,0.040168,cdi,2024,4,2,Apr/2024,0.040407,0.000000,
2024-04-29,0.040168,cdi,2024,4,2,Apr/2024,0.040347,0.000000,
2024-04-30,0.040168,cdi,2024,4,2,Apr/2024,0.040287,0.000000,
2024-05-02,0.040168,cdi,2024,5,2,May/2024,0.040228,0.000000,
2024-05-03,0.040168,cdi,2024,5,2,May/2024,0.040168,0.000000,
2024-05-06,0.040168,cdi,2024,5,2,May/2024,0.040168,0.000000,
2024-05-07,0.040168,cdi,2024,5,2,May/2024,0.040168,0.000000,
2024-05-08,0.040168,cdi,2024,5,2,May/2024,0.040168,0.000000,
2024-05-09,0.039270,cdi,2024,5,2,May/2024,0.040138,-2.235610,
2024-05-10,0.039270,cdi,2024,5,2,May/2024,0.040108,0.000000,
2024-05-13,0.039270,cdi,2024,5,2,May/2024,0.040078,0.000000,
2024-05-14,0.039270,cdi,2024,5,2,May/2024,0.040048,0.000000,
2024-05-15,0.039270,cdi,2024,5,2,May/2024,0.040018,0.000000,
2024-05-16,0.039270,cdi,2024,5,2,May/2024,0.039988,0.000000,
2024-05-17,0.039270,cdi,2024,5,2,May/2024,0.039958,0.000000,
2024-05-20,0.039270,cdi,2024,5,2,May/2024,0.039929,0.000000,
2024-05-21,0.039270,cdi,2024,5,2,May/2024,0.039899,0.000000,
2024-05-22,0.039270,cdi,2024,5,2,May/2024,0.039869,0.000000,
2024-05-23,0.039270,cdi,2024,5,2,May/2024,0.039839,0.000000,
2024-05-24,0.039270,cdi,2024,5,2,May/2024,0.039809,0.000000,
2024-05-27,0.039270,cdi,2024,5,2,May/2024,0.039779,0.000000,
2024-05-28,0.039270,cdi,2024,5,2,May/2024,0.039749,0.000000,
2024-05-29,0.039270,cdi,2024,5,2,May/2024,0.039719,0.000000,
2024-05-31,0.039270,cdi,2024,5,2,May/2024,0.039689,0.000000,
2024-06-03,0.039270,cdi,2024,6,2,Jun/2024,0.039659,0.000000,
2024-06-04,0.039270,cdi,2024,6,2,Jun/2024,0.039629,0.000000,
2024-06-05,0.039270,cdi,2024,6,2,Jun/2024,0.039599,0.000000,
2024-06-06,0.039270,cdi,2024,6,2,Jun/2024,0.039569,0.000000,
2024-06-07,0.039270,cdi,2024,6,2,Jun/2024,0.039539,0.000000,
2024-06-10,0.039270,cdi,2024,6,2,Jun/2024,0.039509,0.000000,
2024-06-11,0.039270,cdi,2024,6,2,Jun/2024,0.039480,0.000000,
2024-06-12,0.039270,cdi,2024,6,2,Jun/2024,0.039450,0.000000,
2024-06-13,0.039270,cdi,2024,6,2,Jun/2024,0.039420,0.000000,
2024-06-14,0.039270,cdi,2024,6,2,Jun/2024,0.039390,0.000000,
2024-06-17,0.039270,cdi,2024,6,2,Jun/2024,0.039360,0.000000,
2024-06-18,0.039270,cdi,2024,6,2,Jun/2024,0.039330,0.000000,
2024-06-19,0.039270,cdi,2024,6,2,Jun/2024,0.039300,0.000000,
2024-06-20,0.039270,cdi,2024,6,2,Jun/2024,0.039270,0.000000,
2024-06-21,0.039270,cdi,2024,6,2,Jun/2024,0.039270,0.000000,
2024-06-24,0.039270,cdi,2024,6,2,Jun/2024,0.039270,0.000000,
2024-06-25,0.039270,cdi,2024,6,2,Jun/2024,0.039270,0.000000,
2024-06-26,0.039270,cdi,2024,6,2,Jun/2024,0.039270,0.000000,
2024-06-27,0.039270,cdi,2024,6,2,Jun/2024,0.039270,0.000000,
2024-06-28,0.039270,cdi,2024,6,2,Jun/2024,0.039270,0.000000,
2024-07-01,0.039270,cdi,2024,7,3,Jul/2024,0.039270,0.000000,
2024-07-02,0.039270,cdi,2024,7,3,Jul/2024,0.039270,0.000000,
2024-07-03,0.039270,cdi,2024,7,3,Jul/2024,0.039270,0.000000,
2024-07-04,0.039270,cdi,2024,7,3,Jul/2024,0.039270,0.000000,
2024-07-05,0.039270,cdi,2024,7,3,Jul/2024,0.039270,0.000000,
2024-07-08,0.039270,cdi,2024,7,3,Jul/2024,0.039270,0.000000,
2024-07-09,0.039270,cdi,2024,7,3,Jul/2024,0.039270,0.000000,
2024-07-10,0.039270,cdi,2024,7,3,Jul/2024,0.039270,0.000000,
2024-07-11,0.039270,cdi,2024,7,3,Jul/2024,0.039270,0.000000,
2024-07-12,0.039270,cdi,2024,7,3,Jul/2024,0.039270,0.000000,
2024-07-15,0.039270,cdi,2024,7,3,Jul/2024,0.039270,0.000000,
2024-07-16,0.039270,cdi,2024,7,3,Jul/2024,0.039270,0.000000,
2024-07-17,0.039270,cdi,2024,7,3,Jul/2024,0.039270,0.000000,
2024-07-18,0.039270,cdi,2024,7,3,Jul/2024,0.039270,0.000000,
2024-07-19,0.039270,cdi,2024,7,3,Jul/2024,0.039270,0.000000,
2024-07-22,0.039270,cdi,2024,7,3,Jul/2024,0.039270,0.000000,
2024-07-23,0.039270,cdi,2024,7,3,Jul/2024,0.039270,0.000000,
2024-07-24,0.039270,cdi,2024,7,3,Jul/2024,0.039270,0.000000,
2024-07-25,0.039270,cdi,2024,7,3,Jul/2024,0.039270,0.000000,
2024-07-26,0.039270,cdi,2024,7,3,Jul/2024,0.039270,0.000000,
2024-07-29,0.039270,cdi,2024,7,3,Jul/2024,0.039270,0.000000,
2024-07-30,0.039270,cdi,2024,7,3,Jul/2024,0.039270,0.000000,
2024-07-31,0.039270,cdi,2024,7,3,Jul/2024,0.039270,0.000000,
2024-08-01,0.039270,cdi,2024,8,3,Aug/2024,0.039270,0.000000,
2024-08-02,0.039270,cdi,2024,8,3,Aug/2024,0.039270,0.000000,
2024-08-05,0.039270,cdi,2024,8,3,Aug/2024,0.039270,0.000000,
2024-08-06,0.039270,cdi,2024,8,3,Aug/2024,0.039270,0.000000,
2024-08-07,0.039270,cdi,2024,8,3,Aug/2024,0.039270,0.000000,
2024-08-08,0.039270,cdi,2024,8,3,Aug/2024,0.039270,0.000000,
2024-08-09,0.039270,cdi,2024,8,3,Aug/2024,0.039270,0.000000,
2024-08-12,0.039270,cdi,2024,8,3,Aug/2024,0.039270,0.000000,
2024-08-13,0.039270,cdi,2024,8,3,Aug/2024,0.039270,0.000000,
2024-08-14,0.039270,cdi,2024,8,3,Aug/2024,0.039270,0.000000,
2024-08-15,0.039270,cdi,2024,8,3,Aug/2024,0.039270,0.000000,
2024-08-16,0.039270,cdi,2024,8,3,Aug/2024,0.039270,0.000000,
2024-08-19,0.039270,cdi,2024,8,3,Aug/2024,0.039270,0.000000,
2024-08-20,0.039270,cdi,2024,8,3,Aug/2024,0.039270,0.000000,
2024-08-21,0.039270,cdi,2024,8,3,Aug/2024,0.039270,0.000000,
2024-08-22,0.039270,cdi,2024,8,3,Aug/2024,0.039270,0.000000,
2024-08-23,0.039270,cdi,2024,8,3,Aug/2024,0.039270,0.000000,
2024-08-26,0.039270,cdi,2024,8,3,Aug/2024,0.039270,0.000000,
2024-08-27,0.039270,cdi,2024,8,3,Aug/2024,0.039270,0.000000,
2024-08-28,0.039270,cdi,2024,8,3,Aug/2024,0.039270,0.000000,
2024-08-29,0.039270,cdi,2024,8,3,Aug/2024,0.039270,0.000000,
2024-08-30,0.039270,cdi,2024,8,3,Aug/2024,0.039270,0.000000,
2024-09-02,0.039270,cdi,2024,9,3,Sep/2024,0.039270,0.000000,
2024-09-03,0.039270,cdi,2024,9,3,Sep/2024,0.039270,0.000000,
2024-09-04,0.039270,cdi,2024,9,3,Sep/2024,0.039270,0.000000,
2024-09-05,0.039270,cdi,2024,9,3,Sep/2024,0.039270,0.000000,
2024-09-06,0.039270,cdi,2024,9,3,Sep/2024,0.039270,0.000000,
2024-09-09,0.039270,cdi,2024,9,3,Sep/2024,0.039270,0.000000,
2024-09-10,0.039270,cdi,2024,9,3,Sep/2024,0.039270,0.000000,
2024-09-11,0.039270,cdi,2024,9,3,Sep/2024,0.039270,0.000000,
2024-09-12,0.039270,cdi,2024,9,3,Sep/2024,0.039270,0.000000,
2024-09-13,0.039270,cdi,2024,9,3,Sep/2024,0.039270,0.000000,
2024-09-16,0.039270,cdi,2024,9,3,Sep/2024,0.039270,0.000000,
2024-09-17,0.039270,cdi,2024,9,3,Sep/2024,0.039270,0.000000,
2024-09-18,0.039270,cdi,2024,9,3,Sep/2024,0.039270,0.000000,
2024-09-19,0.040168,cdi,2024,9,3,Sep/2024,0.039300,2.286733,
2024-09-20,0.040168,cdi,2024,9,3,Sep/2024,0.039330,0.000000,
2024-09-23,0.040168,cdi,2024,9,3,Sep/2024,0.039360,0.000000,
2024-09-24,0.040168,cdi,2024,9,3,Sep/2024,0.039390,0.000000,
2024-09-25,0.040168,cdi,2024,9,3,Sep/2024,0.039420,0.000000,
2024-09-26,0.040168,cdi,2024,9,3,Sep/2024,0.039450,0.000000,
2024-09-27,0.040168,cdi,2024,9,3,Sep/2024,0.039480,0.000000,
2024-09-30,0.040168,cdi,2024,9,3,Sep/2024,0.039509,0.000000,
2024-10-01,0.040168,cdi,2024,10,4,Oct/2024,0.039539,0.000000,
2024-10-02,0.040168,cdi,2024,10,4,Oct/2024,0.039569,0.000000,
2024-10-03,0.040168,cdi,2024,10,4,Oct/2024,0.039599,0.000000,
2024-10-04,0.040168,cdi,2024,10,4,Oct/2024,0.039629,0.000000,
2024-10-07,0.040168,cdi,2024,10,4,Oct/2024,0.039659,0.000000,
2024-10-08,0.040168,cdi,2024,10,4,Oct/2024,0.039689,0.000000,
2024-10-09,0.040168,cdi,2024,10,4,Oct/2024,0.039719,0.000000,
2024-10-10,0.040168,cdi,2024,10,4,Oct/2024,0.039749,0.000000,
2024-10-11,0.040168,cdi,2024,10,4,Oct/2024,0.039779,0.000000,
2024-10-14,0.040168,cdi,2024,10,4,Oct/2024,0.039809,0.000000,
2024-10-15,0.040168,cdi,2024,10,4,Oct/2024,0.039839,0.000000,
2024-10-16,0.040168,cdi,2024,10,4,Oct/2024,0.039869,0.000000,
2024-10-17,0.040168,cdi,2024,10,4,Oct/2024,0.039899,0.000000,
2024-10-18,0.040168,cdi,2024,10,4,Oct/2024,0.039929,0.000000,
2024-10-21,0.040168,cdi,2024,10,4,Oct/2024,0.039958,0.000000,
2024-10-22,0.040168,cdi,2024,10,4,Oct/2024,0.039988,0.000000,
2024-10-23,0.040168,cdi,2024,10,4,Oct/2024,0.040018,0.000000,
2024-10-24,0.040168,cdi,2024,10,4,Oct/2024,0.040048,0.000000,
2024-10-25,0.040168,cdi,2024,10,4,Oct/2024,0.040078,0.000000,
2024-10-28,0.040168,cdi,2024,10,4,Oct/2024,0.040108,0.000000,
2024-10-29,0.040168,cdi,2024,10,4,Oct/2024,0.040138,0.000000,
2024-10-30,0.040168,cdi,2024,10,4,Oct/2024,0.040168,0.000000,
2024-10-31,0.040168,cdi,2024,10,4,Oct/2024,0.040168,0.000000,
2024-11-01,0.040168,cdi,2024,11,4,Nov/2024,0.040168,0.000000,
2024-11-04,0.040168,cdi,2024,11,4,Nov/2024,0.040168,0.000000,
2024-11-05,0.040168,cdi,2024,11,4,Nov/2024,0.040168,0.000000,
2024-11-06,0.040168,cdi,2024,11,4,Nov/2024,0.040168,0.000000,
2024-11-07,0.041957,cdi,2024,11,4,Nov/2024,0.040228,4.453794,
2024-11-08,0.041957,cdi,2024,11,4,Nov/2024,0.040287,0.000000,
2024-11-11,0.041957,cdi,2024,11,4,Nov/2024,0.040347,0.000000,
2024-11-12,0.041957,cdi,2024,11,4,Nov/2024,0.040407,0.000000,
2024-11-13,0.041957,cdi,2024,11,4,Nov/2024,0.040466,0.000000,
2024-11-14,0.041957,cdi,2024,11,4,Nov/2024,0.040526,0.000000,
2024-11-18,0.041957,cdi,2024,11,4,Nov/2024,0.040585,0.000000,
2024-11-19,0.041957,cdi,2024,11,4,Nov/2024,0.040645,0.000000,
2024-11-21,0.041957,cdi,2024,11,4,Nov/2024,0.040705,0.000000,
2024-11-22,0.041957,cdi,2024,11,4,Nov/2024,0.040764,0.000000,
2024-11-25,0.041957,cdi,2024,11,4,Nov/2024,0.040824,0.000000,
2024-11-26,0.041957,cdi,2024,11,4,Nov/2024,0.040884,0.000000,
2024-11-27,0.041957,cdi,2024,11,4,Nov/2024,0.040943,0.000000,
2024-11-28,0.041957,cdi,2024,11,4,Nov/2024,0.041003,0.000000,
2024-11-29,0.041957,cdi,2024,11,4,Nov/2024,0.041063,0.000000,
2024-12-02,0.041957,cdi,2024,12,4,Dec/2024,0.041122,0.000000,
2024-12-03,0.041957,cdi,2024,12,4,Dec/2024,0.041182,0.000000,
2024-12-04,0.041957,cdi,2024,12,4,Dec/2024,0.041241,0.000000,
2024-12-05,0.041957,cdi,2024,12,4,Dec/2024,0.041301,0.000000,
2024-12-06,0.041957,cdi,2024,12,4,Dec/2024,0.041361,0.000000,
2024-12-09,0.041957,cdi,2024,12,4,Dec/2024,0.041420,0.000000,
2024-12-10,0.041957,cdi,2024,12,4,Dec/2024,0.041480,0.000000,
2024-12-11,0.041957,cdi,2024,12,4,Dec/2024,0.041540,0.000000,
2024-12-12,0.045513,cdi,2024,12,4,Dec/2024,0.041718,8.475344,
2024-12-13,0.045513,cdi,2024,12,4,Dec/2024,0.041896,0.000000,
2024-12-16,0.045513,cdi,2024,12,4,Dec/2024,0.042074,0.000000,
2024-12-17,0.045513,cdi,2024,12,4,Dec/2024,0.042252,0.000000,
2024-12-18,0.045513,cdi,2024,12,4,Dec/2024,0.042430,0.000000,
2024-12-19,0.045513,cdi,2024,12,4,Dec/2024,0.042609,0.000000,
2024-12-20,0.045513,cdi,2024,12,4,Dec/2024,0.042787,0.000000,
2024-12-23,0.045513,cdi,2024,12,4,Dec/2024,0.042905,0.000000,
2024-12-24,0.045513,cdi,2024,12,4,Dec/2024,0.043024,0.000000,
2024-12-26,0.045513,cdi,2024,12,4,Dec/2024,0.043142,0.000000,
2024-12-27,0.045513,cdi,2024,12,4,Dec/2024,0.043261,0.000000,
2024-12-30,0.045513,cdi,2024,12,4,Dec/2024,0.043379,0.000000,
2024-12-31,0.045513,cdi,2024,12,4,Dec/2024,0.043498,0.000000,
2025-01-02,0.045513,cdi,2025,1,1,Jan/2025,0.043616,0.000000,
2025-01-03,0.045513,cdi,2025,1,1,Jan/2025,0.043735,0.000000,
2025-01-06,0.045513,cdi,2025,1,1,Jan/2025,0.043854,0.000000,
2025-01-07,0.045513,cdi,2025,1,1,Jan/2025,0.043972,0.000000,
2025-01-08,0.045513,cdi,2025,1,1,Jan/2025,0.044091,0.000000,
2025-01-09,0.045513,cdi,2025,1,1,Jan/2025,0.044209,0.000000,
2025-01-10,0.045513,cdi,2025,1,1,Jan/2025,0.044328,0.000000,
2025-01-13,0.045513,cdi,2025,1,1,Jan/2025,0.044446,0.000000,
2025-01-14,0.045513,cdi,2025,1,1,Jan/2025,0.044565,0.000000,
2025-01-15,0.045513,cdi,2025,1,1,Jan/2025,0.044683,0.000000,
2025-01-16,0.045513,cdi,2025,1,1,Jan/2025,0.044802,0.000000,
2025-01-17,0.045513,cdi,2025,1,1,Jan/2025,0.044920,0.000000,
2025-01-20,0.045513,cdi,2025,1,1,Jan/2025,0.045039,0.000000,
2025-01-21,0.045513,cdi,2025,1,1,Jan/2025,0.045157,0.000000,
2025-01-22,0.045513,cdi,2025,1,1,Jan/2025,0.045276,0.000000,
2025-01-23,0.045513,cdi,2025,1,1,Jan/2025,0.045394,0.000000,
2025-01-24,0.045513,cdi,2025,1,1,Jan/2025,0.045513,0.000000,
2025-01-27,0.045513,cdi,2025,1,1,Jan/2025,0.045513,0.000000,
2025-01-28,0.045513,cdi,2025,1,1,Jan/2025,0.045513,0.000000,
2025-01-29,0.045513,cdi,2025,1,1,Jan/2025,0.045513,0.000000,
2025-01-30,0.049037,cdi,2025,1,1,Jan/2025,0.045630,7.742843,
2025-01-31,0.049037,cdi,2025,1,1,Jan/2025,0.045748,0.000000,
2025-02-03,0.049037,cdi,2025,2,1,Feb/2025,0.045865,0.000000,
2025-02-04,0.049037,cdi,2025,2,1,Feb/2025,0.045983,0.000000,
2025-02-05,0.049037,cdi,2025,2,1,Feb/2025,0.046100,0.000000,
2025-02-06,0.049037,cdi,2025,2,1,Feb/2025,0.046218,0.000000,
2025-02-07,0.049037,cdi,2025,2,1,Feb/2025,0.046335,0.000000,
2025-02-10,0.049037,cdi,2025,2,1,Feb/2025,0.046453,0.000000,
2025-02-11,0.049037,cdi,2025,2,1,Feb/2025,0.046570,0.000000,
2025-02-12,0.049037,cdi,2025,2,1,Feb/2025,0.046688,0.000000,
2025-02-13,0.049037,cdi,2025,2,1,Feb/2025,0.046805,0.000000,
2025-02-14,0.049037,cdi,2025,2,1,Feb/2025,0.046923,0.000000,
2025-02-17,0.049037,cdi,2025,2,1,Feb/2025,0.047040,0.000000,
2025-02-18,0.049037,cdi,2025,2,1,Feb/2025,0.047158,0.000000,
2025-02-19,0.049037,cdi,2025,2,1,Feb/2025,0.047275,0.000000,
2025-02-20,0.049037,cdi,2025,2,1,Feb/2025,0.047392,0.000000,
2025-02-21,0.049037,cdi,2025,2,1,Feb/2025,0.047510,0.000000,
2025-02-24,0.049037,cdi,2025,2,1,Feb/2025,0.047627,0.000000,
2025-02-25,0.049037,cdi,2025,2,1,Feb/2025,0.047745,0.000000,
2025-02-26,0.049037,cdi,2025,2,1,Feb/2025,0.047862,0.000000,
2025-02-27,0.049037,cdi,2025,2,1,Feb/2025,0.047980,0.000000,
2025-02-28,0.049037,cdi,2025,2,1,Feb/2025,0.048097,0.000000,
2025-03-05,0.049037,cdi,2025,3,1,Mar/2025,0.048215,0.000000,
2025-03-06,0.049037,cdi,2025,3,1,Mar/2025,0.048332,0.000000,
2025-03-07,0.049037,cdi,2025,3,1,Mar/2025,0.048450,0.000000,
2025-03-10,0.049037,cdi,2025,3,1,Mar/2025,0.048567,0.000000,
2025-03-11,0.049037,cdi,2025,3,1,Mar/2025,0.048685,0.000000,
2025-03-12,0.049037,cdi,2025,3,1,Mar/2025,0.048802,0.000000,
2025-03-13,0.049037,cdi,2025,3,1,Mar/2025,0.048920,0.000000,
2025-03-14,0.049037,cdi,2025,3,1,Mar/2025,0.049037,0.000000,
2025-03-17,0.049037,cdi,2025,3,1,Mar/2025,0.049037,0.000000,
2025-03-18,0.049037,cdi,2025,3,1,Mar/2025,0.049037,0.000000,
2025-03-19,0.049037,cdi,2025,3,1,Mar/2025,0.049037,0.000000,
2025-03-20,0.052531,cdi,2025,3,1,Mar/2025,0.049153,7.125232,
2025-03-21,0.052531,cdi,2025,3,1,Mar/2025,0.049270,0.000000,
2025-03-24,0.052531,cdi,2025,3,1,Mar/2025,0.049386,0.000000,
2025-03-25,0.052531,cdi,2025,3,1,Mar/2025,0.049503,0.000000,
2025-03-26,0.052531,cdi,2025,3,1,Mar/2025,0.049619,0.000000,
2025-03-27,0.052531,cdi,2025,3,1,Mar/2025,0.049736,0.000000,
2025-03-28,0.052531,cdi,2025,3,1,Mar/2025,0.049852,0.000000,
2025-03-31,0.052531,cdi,2025,3,1,Mar/2025,0.049969,0.000000,
2025-04-01,0.052531,cdi,2025,4,2,Apr/2025,0.050085,0.000000,
2025-04-02,0.052531,cdi,2025,4,2,Apr/2025,0.050202,0.000000,
2025-04-03,0.052531,cdi,2025,4,2,Apr/2025,0.050318,0.000000,
2025-04-04,0.052531,cdi,2025,4,2,Apr/2025,0.050435,0.000000,
2025-04-07,0.052531,cdi,2025,4,2,Apr/2025,0.050551,0.000000,
2025-04-08,0.052531,cdi,2025,4,2,Apr/2025,0.050668,0.000000,
2025-04-09,0.052531,cdi,2025,4,2,Apr/2025,0.050784,0.000000,
2025-04-10,0.052531,cdi,2025,4,2,Apr/2025,0.050900,0.000000,
2025-04-11,0.052531,cdi,2025,4,2,Apr/2025,0.051017,0.000000,
2025-04-14,0.052531,cdi,2025,4,2,Apr/2025,0.051133,0.000000,
2025-04-15,0.052531,cdi,2025,4,2,Apr/2025,0.051250,0.000000,
2025-04-16,0.052531,cdi,2025,4,2,Apr/2025,0.051366,0.000000,
2025-04-17,0.052531,cdi,2025,4,2,Apr/2025,0.051483,0.000000,
2025-04-22,0.052531,cdi,2025,4,2,Apr/2025,0.051599,0.000000,
2025-04-23,0.052531,cdi,2025,4,2,Apr/2025,0.051716,0.000000,
2025-04-24,0.052531,cdi,2025,4,2,Apr/2025,0.051832,0.000000,
2025-04-25,0.052531,cdi,2025,4,2,Apr/2025,0.051949,0.000000,
2025-04-28,0.052531,cdi,2025,4,2,Apr/2025,0.052065,0.000000,
2025-04-29,0.052531,cdi,2025,4,2,Apr/2025,0.052182,0.000000,
2025-04-30,0.052531,cdi,2025,4,2,Apr/2025,0.052298,0.000000,
2025-05-02,0.052531,cdi,2025,5,2,May/2025,0.052415,0.000000,
2025-05-05,0.052531,cdi,2025,5,2,May/2025,0.052531,0.000000,
2025-05-06,0.052531,cdi,2025,5,2,May/2025,0.052531,0.000000,
2025-05-07,0.052531,cdi,2025,5,2,May/2025,0.052531,0.000000,
2025-05-08,0.054266,cdi,2025,5,2,May/2025,0.052589,3.302812,
2025-05-09,0.054266,cdi,2025,5,2,May/2025,0.052647,0.000000,
2025-05-12,0.054266,cdi,2025,5,2,May/2025,0.052705,0.000000,
2025-05-13,0.054266,cdi,2025,5,2,May/2025,0.052762,0.000000,
2025-05-14,0.054266,cdi,2025,5,2,May/2025,0.052820,0.000000,
2025-05-15,0.054266,cdi,2025,5,2,May/2025,0.052878,0.000000,
2025-05-16,0.054266,cdi,2025,5,2,May/2025,0.052936,0.000000,
2025-05-19,0.054266,cdi,2025,5,2,May/2025,0.052994,0.000000,
2025-05-20,0.054266,cdi,2025,5,2,May/2025,0.053052,0.000000,
2025-05-21,0.054266,cdi,2025,5,2,May/2025,0.053109,0.000000,
2025-05-22,0.054266,cdi,2025,5,2,May/2025,0.053167,0.000000,
2025-05-23,0.054266,cdi,2025,5,2,May/2025,0.053225,0.000000,
2025-05-26,0.054266,cdi,2025,5,2,May/2025,0.053283,0.000000,
2025-05-27,0.054266,cdi,2025,5,2,May/2025,0.053341,0.000000,
2025-05-28,0.054266,cdi,2025,5,2,May/2025,0.053399,0.000000,
2025-05-29,0.054266,cdi,2025,5,2,May/2025,0.053456,0.000000,
2025-05-30,0.054266,cdi,2025,5,2,May/2025,0.053514,0.000000,
2025-06-02,0.054266,cdi,2025,6,2,Jun/2025,0.053572,0.000000,
2025-06-03,0.054266,cdi,2025,6,2,Jun/2025,0.053630,0.000000,
2025-06-04,0.054266,cdi,2025,6,2,Jun/2025,0.053688,0.000000,
2025-06-05,0.054266,cdi,2025,6,2,Jun/2025,0.053746,0.000000,
2025-06-06,0.054266,cdi,2025,6,2,Jun/2025,0.053803,0.000000,
2025-06-09,0.054266,cdi,2025,6,2,Jun/2025,0.053861,0.000000,
2025-06-10,0.054266,cdi,2025,6,2,Jun/2025,0.053919,0.000000,
2025-06-11,0.054266,cdi,2025,6,2,Jun/2025,0.053977,0.000000,
2025-06-12,0.054266,cdi,2025,6,2,Jun/2025,0.054035,0.000000,
2025-06-13,0.054266,cdi,2025,6,2,Jun/2025,0.054093,0.000000,
2025-06-16,0.054266,cdi,2025,6,2,Jun/2025,0.054150,0.000000,
2025-06-17,0.054266,cdi,2025,6,2,Jun/2025,0.054208,0.000000,
2025-06-18,0.054266,cdi,2025,6,2,Jun/2025,0.054266,0.000000,
2025-06-20,0.055131,cdi,2025,6,2,Jun/2025,0.054295,1.594000,
2025-06-23,0.055131,cdi,2025,6,2,Jun/2025,0.054324,0.000000,
2025-06-24,0.055131,cdi,2025,6,2,Jun/2025,0.054352,0.000000,
2025-06-25,0.055131,cdi,2025,6,2,Jun/2025,0.054381,0.000000,
2025-06-26,0.055131,cdi,2025,6,2,Jun/2025,0.054410,0.000000,
2025-06-27,0.055131,cdi,2025,6,2,Jun/2025,0.054439,0.000000,
2025-06-30,0.055131,cdi,2025,6,2,Jun/2025,0.054468,0.000000,
2025-07-01,0.055131,cdi,2025,7,3,Jul/2025,0.054497,0.000000,
2025-07-02,0.055131,cdi,2025,7,3,Jul/2025,0.054525,0.000000,
2025-07-03,0.055131,cdi,2025,7,3,Jul/2025,0.054554,0.000000,
2025-07-04,0.055131,cdi,2025,7,3,Jul/2025,0.054583,0.000000,
2025-07-07,0.055131,cdi,2025,7,3,Jul/2025,0.054612,0.000000,
2025-07-08,0.055131,cdi,2025,7,3,Jul/2025,0.054641,0.000000,
2025-07-09,0.055131,cdi,2025,7,3,Jul/2025,0.054670,0.000000,
2025-07-10,0.055131,cdi,2025,7,3,Jul/2025,0.054698,0.000000,
2025-07-11,0.055131,cdi,2025,7,3,Jul/2025,0.054727,0.000000,
2025-07-14,0.055131,cdi,2025,7,3,Jul/2025,0.054756,0.000000,
2025-07-15,0.055131,cdi,2025,7,3,Jul/2025,0.054785,0.000000,
2025-07-16,0.055131,cdi,2025,7,3,Jul/2025,0.054814,0.000000,
2025-07-17,0.055131,cdi,2025,7,3,Jul/2025,0.054843,0.000000,
2025-07-18,0.055131,cdi,2025,7,3,Jul/2025,0.054871,0.000000,
2025-07-21,0.055131,cdi,2025,7,3,Jul/2025,0.054900,0.000000,
2025-07-22,0.055131,cdi,2025,7,3,Jul/2025,0.054929,0.000000,
2025-07-23,0.055131,cdi,2025,7,3,Jul/2025,0.054958,0.000000,
2025-07-24,0.055131,cdi,2025,7,3,Jul/2025,0.054987,0.000000,
2025-07-25,0.055131,cdi,2025,7,3,Jul/2025,0.055016,0.000000,
2025-07-28,0.055131,cdi,2025,7,3,Jul/2025,0.055045,0.000000,
2025-07-29,0.055131,cdi,2025,7,3,Jul/2025,0.055073,0.000000,
2025-07-30,0.055131,cdi,2025,7,3,Jul/2025,0.055102,0.000000,
2025-07-31,0.055131,cdi,2025,7,3,Jul/2025,0.055131,0.000000,
2025-08-01,0.055131,cdi,2025,8,3,Aug/2025,0.055131,0.000000,
2025-08-04,0.055131,cdi,2025,8,3,Aug/2025,0.055131,0.000000,
2025-08-05,0.055131,cdi,2025,8,3,Aug/2025,0.055131,0.000000,
2025-08-06,0.055131,cdi,2025,8,3,Aug/2025,0.055131,0.000000,
2025-08-07,0.055131,cdi,2025,8,3,Aug/2025,0.055131,0.000000,
2025-08-08,0.055131,cdi,2025,8,3,Aug/2025,0.055131,0.000000,
2025-08-11,0.055131,cdi,2025,8,3,Aug/2025,0.055131,0.000000,
2025-08-12,0.055131,cdi,2025,8,3,Aug/2025,0.055131,0.000000,
2025-08-13,0.055131,cdi,2025,8,3,Aug/2025,0.055131,0.000000,
2025-08-14,0.055131,cdi,2025,8,3,Aug/2025,0.055131,0.000000,
2025-08-15,0.055131,cdi,2025,8,3,Aug/2025,0.055131,0.000000,
2025-08-18,0.055131,cdi,2025,8,3,Aug/2025,0.055131,0.000000,
2025-08-19,0.055131,cdi,2025,8,3,Aug/2025,0.055131,0.000000,
2025-08-20,0.055131,cdi,2025,8,3,Aug/2025,0.055131,0.000000,
2025-08-21,0.055131,cdi,2025,8,3,Aug/2025,0.055131,0.000000,
2025-08-22,0.055131,cdi,2025,8,3,Aug/2025,0.055131,0.000000,
2025-08-25,0.055131,cdi,2025,8,3,Aug/2025,0.055131,0.000000,
2025-08-26,0.055131,cdi,2025,8,3,Aug/2025,0.055131,0.000000,
2025-08-27,0.055131,cdi,2025,8,3,Aug/2025,0.055131,0.000000,
2025-08-28,0.055131,cdi,2025,8,3,Aug/2025,0.055131,0.000000,
2025-08-29,0.055131,cdi,2025,8,3,Aug/2025,0.055131,0.000000,
2025-09-01,0.055131,cdi,2025,9,3,Sep/2025,0.055131,0.000000,
2025-09-02,0.055131,cdi,2025,9,3,Sep/2025,0.055131,0.000000,
2025-09-03,0.055131,cdi,2025,9,3,Sep/2025,0.055131,0.000000,
2025-09-04,0.055131,cdi,2025,9,3,Sep/2025,0.055131,0.000000,
2025-09-05,0.055131,cdi,2025,9,3,Sep/2025,0.055131,0.000000,
2025-09-08,0.055131,cdi,2025,9,3,Sep/2025,0.055131,0.000000,
2025-09-09,0.055131,cdi,2025,9,3,Sep/2025,0.055131,0.000000,
2025-09-10,0.055131,cdi,2025,9,3,Sep/2025,0.055131,0.000000,
2025-09-11,0.055131,cdi,2025,9,3,Sep/2025,0.055131,0.000000,
2025-09-12,0.055131,cdi,2025,9,3,Sep/2025,0.055131,0.000000,
2025-09-15,0.055131,cdi,2025,9,3,Sep/2025,0.055131,0.000000,
2025-09-16,0.055131,cdi,2025,9,3,Sep/2025,0.055131,0.000000,
2025-09-17,0.055131,cdi,2025,9,3,Sep/2025,0.055131,0.000000,
2025-09-18,0.055131,cdi,2025,9,3,Sep/2025,0.055131,0.000000,
2025-09-19,0.055131,cdi,2025,9,3,Sep/2025,0.055131,0.000000,
2025-09-22,0.055131,cdi,2025,9,3,Sep/2025,0.055131,0.000000,
2025-09-23,0.055131,cdi,2025,9,3,Sep/2025,0.055131,0.000000,
2025-09-24,0.055131,cdi,2025,9,3,Sep/2025,0.055131,0.000000,
2025-09-25,0.055131,cdi,2025,9,3,Sep/2025,0.055131,0.000000,
2025-09-26,0.055131,cdi,2025,9,3,Sep/2025,0.055131,0.000000,
2025-09-29,0.055131,cdi,2025,9,3,Sep/2025,0.055131,0.000000,
2025-09-30,0.055131,cdi,2025,9,3,Sep/2025,0.055131,0.000000,
2025-10-01,0.055131,cdi,2025,10,4,Oct/2025,0.055131,0.000000,
2025-10-02,0.055131,cdi,2025,10,4,Oct/2025,0.055131,0.000000,
2025-10-03,0.055131,cdi,2025,10,4,Oct/2025,0.055131,0.000000,
2025-10-06,0.055131,cdi,2025,10,4,Oct/2025,0.055131,0.000000,
2025-10-07,0.055131,cdi,2025,10,4,Oct/2025,0.055131,0.000000,
2025-10-08,0.055131,cdi,2025,10,4,Oct/2025,0.055131,0.000000,
2025-10-09,0.055131,cdi,2025,10,4,Oct/2025,0.055131,0.000000,
2025-10-10,0.055131,cdi,2025,10,4,Oct/2025,0.055131,0.000000,
2025-10-13,0.055131,cdi,2025,10,4,Oct/2025,0.055131,0.000000,
2025-10-14,0.055131,cdi,2025,10,4,Oct/2025,0.055131,0.000000,
2025-10-15,0.055131,cdi,2025,10,4,Oct/2025,0.055131,0.000000,
2025-10-16,0.055131,cdi,2025,10,4,Oct/2025,0.055131,0.000000,
2025-10-17,0.055131,cdi,2025,10,4,Oct/2025,0.055131,0.000000,
2025-10-20,0.055131,cdi,2025,10,4,Oct/2025,0.055131,0.000000,
2025-10-21,0.055131,cdi,2025,10,4,Oct/2025,0.055131,0.000000,
2025-10-22,0.055131,cdi,2025,10,4,Oct/2025,0.055131,0.000000,
2025-10-23,0.055131,cdi,2025,10,4,Oct/2025,0.055131,0.000000,
2025-10-24,0.055131,cdi,2025,10,4,Oct/2025,0.055131,0.000000,
2025-10-27,0.055131,cdi,2025,10,4,Oct/2025,0.055131,0.000000,
2025-10-28,0.055131,cdi,2025,10,4,Oct/2025,0.055131,0.000000,
2025-10-29,0.055131,cdi,2025,10,4,Oct/2025,0.055131,0.000000,
2025-10-30,0.055131,cdi,2025,10,4,Oct/2025,0.055131,0.000000,
2025-10-31,0.055131,cdi,2025,10,4,Oct/2025,0.055131,0.000000,
2025-11-03,0.055131,cdi,2025,11,4,Nov/2025,0.055131,0.000000,
2025-11-04,0.055131,cdi,2025,11,4,Nov/2025,0.055131,0.000000,
2025-11-05,0.055131,cdi,2025,11,4,Nov/2025,0.055131,0.000000,
2025-11-06,0.055131,cdi,2025,11,4,Nov/2025,0.055131,0.000000,
2025-11-07,0.055131,cdi,2025,11,4,Nov/2025,0.055131,0.000000,
2025-11-10,0.055131,cdi,2025,11,4,Nov/2025,0.055131,0.000000,
2025-11-11,0.055131,cdi,2025,11,4,Nov/2025,0.055131,0.000000,
2025-11-12,0.055131,cdi,2025,11,4,Nov/2025,0.055131,0.000000,
2025-11-13,0.055131,cdi,2025,11,4,Nov/2025,0.055131,0.000000,
2025-11-14,0.055131,cdi,2025,11,4,Nov/2025,0.055131,0.000000,
2025-11-17,0.055131,cdi,2025,11,4,Nov/2025,0.055131,0.000000,
2025-11-18,0.055131,cdi,2025,11,4,Nov/2025,0.055131,0.000000,
2025-11-19,0.055131,cdi,2025,11,4,Nov/2025,0.055131,0.000000,
2025-11-21,0.055131,cdi,2025,11,4,Nov/2025,0.055131,0.000000,
2025-11-24,0.055131,cdi,2025,11,4,Nov/2025,0.055131,0.000000,
2025-11-25,0.055131,cdi,2025,11,4,Nov/2025,0.055131,0.000000,
2025-11-26,0.055131,cdi,2025,11,4,Nov/2025,0.055131,0.000000,
2025-11-27,0.055131,cdi,2025,11,4,Nov/2025,0.055131,0.000000,
2025-11-28,0.055131,cdi,2025,11,4,Nov/2025,0.055131,0.000000,
2025-12-01,0.055131,cdi,2025,12,4,Dec/2025,0.055131,0.000000,
2025-12-02,0.055131,cdi,2025,12,4,Dec/2025,0.055131,0.000000,
2025-12-03,0.055131,cdi,2025,12,4,Dec/2025,0.055131,0.000000,
2025-12-04,0.055131,cdi,2025,12,4,Dec/2025,0.055131,0.000000,
2025-12-05,0.055131,cdi,2025,12,4,Dec/2025,0.055131,0.000000,
2025-12-08,0.055131,cdi,2025,12,4,Dec/2025,0.055131,0.000000,
2025-12-09,0.055131,cdi,2025,12,4,Dec/2025,0.055131,0.000000,
2025-12-10,0.055131,cdi,2025,12,4,Dec/2025,0.055131,0.000000,
2025-12-11,0.055131,cdi,2025,12,4,Dec/2025,0.055131,0.000000,
2025-12-12,0.055131,cdi,2025,12,4,Dec/2025,0.055131,0.000000,
2025-12-15,0.055131,cdi,2025,12,4,Dec/2025,0.055131,0.000000,
2025-12-16,0.055131,cdi,2025,12,4,Dec/2025,0.055131,0.000000,
2025-12-17,0.055131,cdi,2025,12,4,Dec/2025,0.055131,0.000000,
2025-12-18,0.055131,cdi,2025,12,4,Dec/2025,0.055131,0.000000,
2025-12-19,0.055131,cdi,2025,12,4,Dec/2025,0.055131,0.000000,
2025-12-22,0.055131,cdi,2025,12,4,Dec/2025,0.055131,0.000000,
2025-12-23,0.055131,cdi,2025,12,4,Dec/2025,0.055131,0.000000,
2025-12-24,0.055131,cdi,2025,12,4,Dec/2025,0.055131,0.000000,
2025-12-26,0.055131,cdi,2025,12,4,Dec/2025,0.055131,0.000000,
2025-12-29,0.055131,cdi,2025,12,4,Dec/2025,0.055131,0.000000,
2025-12-30,0.055131,cdi,2025,12,4,Dec/2025,0.055131,0.000000,
2025-12-31,0.055131,cdi,2025,12,4,Dec/2025,0.055131,0.000000,
2026-01-02,0.055131,cdi,2026,1,1,Jan/2026,0.055131,0.000000,
2026-01-05,0.055131,cdi,2026,1,1,Jan/2026,0.055131,0.000000,
2026-01-06,0.055131,cdi,2026,1,1,Jan/2026,0.055131,0.000000,
2026-01-07,0.055131,cdi,2026,1,1,Jan/2026,0.055131,0.000000,
2026-01-08,0.055131,cdi,2026,1,1,Jan/2026,0.055131,0.000000,
2026-01-09,0.055131,cdi,2026,1,1,Jan/2026,0.055131,0.000000,
2026-01-12,0.055131,cdi,2026,1,1,Jan/2026,0.055131,0.000000,
2026-01-13,0.055131,cdi,2026,1,1,Jan/2026,0.055131,0.000000,
2026-01-14,0.055131,cdi,2026,1,1,Jan/2026,0.055131,0.000000,
2026-01-15,0.055131,cdi,2026,1,1,Jan/2026,0.055131,0.000000,
2026-01-16,0.055131,cdi,2026,1,1,Jan/2026,0.055131,0.000000,
2026-01-19,0.055131,cdi,2026,1,1,Jan/2026,0.055131,0.000000,
2026-01-20,0.055131,cdi,2026,1,1,Jan/2026,0.055131,0.000000,
2026-01-21,0.055131,cdi,2026,1,1,Jan/2026,0.055131,0.000000,
2026-01-22,0.055131,cdi,2026,1,1,Jan/2026,0.055131,0.000000,
2026-01-23,0.055131,cdi,2026,1,1,Jan/2026,0.055131,0.000000,
2026-01-26,0.055131,cdi,2026,1,1,Jan/2026,0.055131,0.000000,
2026-01-27,0.055131,cdi,2026,1,1,Jan/2026,0.055131,0.000000,
2026-01-28,0.055131,cdi,2026,1,1,Jan/2026,0.055131,0.000000,
2026-01-29,0.055131,cdi,2026,1,1,Jan/2026,0.055131,0.000000,
2026-01-30,0.055131,cdi,2026,1,1,Jan/2026,0.055131,0.000000,
2026-02-02,0.055131,cdi,2026,2,1,Feb/2026,0.055131,0.000000,
2026-02-03,0.055131,cdi,2026,2,1,Feb/2026,0.055131,0.000000,
2026-02-04,0.055131,cdi,2026,2,1,Feb/2026,0.055131,0.000000,
2026-02-05,0.055131,cdi,2026,2,1,Feb/2026,0.055131,0.000000,
2026-02-06,0.055131,cdi,2026,2,1,Feb/2026,0.055131,0.000000,
2026-02-09,0.055131,cdi,2026,2,1,Feb/2026,0.055131,0.000000,
2026-02-10,0.055131,cdi,2026,2,1,Feb/2026,0.055131,0.000000,
2026-02-11,0.055131,cdi,2026,2,1,Feb/2026,0.055131,0.000000,
2026-02-12,0.055131,cdi,2026,2,1,Feb/2026,0.055131,0.000000,
2026-02-13,0.055131,cdi,2026,2,1,Feb/2026,0.055131,0.000000,
2026-02-18,0.055131,cdi,2026,2,1,Feb/2026,0.055131,0.000000,
2026-02-19,0.055131,cdi,2026,2,1,Feb/2026,0.055131,0.000000,
2026-02-20,0.055131,cdi,2026,2,1,Feb/2026,0.055131,0.000000,
2026-02-23,0.055131,cdi,2026,2,1,Feb/2026,0.055131,0.000000,
2026-02-24,0.055131,cdi,2026,2,1,Feb/2026,0.055131,0.000000,
2026-02-25,0.055131,cdi,2026,2,1,Feb/2026,0.055131,0.000000,
2026-02-26,0.055131,cdi,2026,2,1,Feb/2026,0.055131,0.000000,
2026-02-27,0.055131,cdi,2026,2,1,Feb/2026,0.055131,0.000000,
2026-03-02,0.055131,cdi,2026,3,1,Mar/2026,0.055131,0.000000,
2026-03-03,0.055131,cdi,2026,3,1,Mar/2026,0.055131,0.000000,
2026-03-04,0.055131,cdi,2026,3,1,Mar/2026,0.055131,0.000000,
2026-03-05,0.055131,cdi,2026,3,1,Mar/2026,0.055131,0.000000,
2026-03-06,0.055131,cdi,2026,3,1,Mar/2026,0.055131,0.000000,
2026-03-09,0.055131,cdi,2026,3,1,Mar/2026,0.055131,0.000000,
2026-03-10,0.055131,cdi,2026,3,1,Mar/2026,0.055131,0.000000,
2026-03-11,0.055131,cdi,2026,3,1,Mar/2026,0.055131,0.000000,
2026-03-12,0.055131,cdi,2026,3,1,Mar/2026,0.055131,0.000000,
2026-03-13,0.055131,cdi,2026,3,1,Mar/2026,0.055131,0.000000,
2026-03-16,0.055131,cdi,2026,3,1,Mar/2026,0.055131,0.000000,
2026-03-17,0.055131,cdi,2026,3,1,Mar/2026,0.055131,0.000000,
2026-03-18,0.055131,cdi,2026,3,1,Mar/2026,0.055131,0.000000,
2026-03-19,0.054266,cdi,2026,3,1,Mar/2026,0.055102,-1.568990,
2026-03-20,0.054266,cdi,2026,3,1,Mar/2026,0.055073,0.000000,
2026-03-23,0.054266,cdi,2026,3,1,Mar/2026,0.055044,0.000000,
2026-03-24,0.054266,cdi,2026,3,1,Mar/2026,0.055016,0.000000,
2026-03-25,0.054266,cdi,2026,3,1,Mar/2026,0.054987,0.000000,
2026-03-26,0.054266,cdi,2026,3,1,Mar/2026,0.054958,0.000000,
2026-03-27,0.054266,cdi,2026,3,1,Mar/2026,0.054929,0.000000,
2026-03-30,0.054266,cdi,2026,3,1,Mar/2026,0.054900,0.000000,
2026-03-31,0.054266,cdi,2026,3,1,Mar/2026,0.054872,0.000000,
2026-04-01,0.054266,cdi,2026,4,2,Apr/2026,0.054843,0.000000,
2026-04-02,0.054266,cdi,2026,4,2,Apr/2026,0.054814,0.000000,
2026-04-06,0.054266,cdi,2026,4,2,Apr/2026,0.054785,0.000000,
2026-04-07,0.054266,cdi,2026,4,2,Apr/2026,0.054756,0.000000,
2026-04-08,0.054266,cdi,2026,4,2,Apr/2026,0.054727,0.000000,
2026-04-09,0.054266,cdi,2026,4,2,Apr/2026,0.054699,0.000000,
2026-04-10,0.054266,cdi,2026,4,2,Apr/2026,0.054670,0.000000,
2026-04-13,0.054266,cdi,2026,4,2,Apr/2026,0.054641,0.000000,
2026-04-14,0.054266,cdi,2026,4,2,Apr/2026,0.054612,0.000000,
2026-04-15,0.054266,cdi,2026,4,2,Apr/2026,0.054583,0.000000,
2026-04-16,0.054266,cdi,2026,4,2,Apr/2026,0.054554,0.000000,
2026-04-17,0.054266,cdi,2026,4,2,Apr/2026,0.054526,0.000000,
2026-04-20,0.054266,cdi,2026,4,2,Apr/2026,0.054497,0.000000,
2026-04-22,0.054266,cdi,2026,4,2,Apr/2026,0.054468,0.000000,
2026-04-23,0.054266,cdi,2026,4,2,Apr/2026,0.054439,0.000000,
2026-04-24,0.054266,cdi,2026,4,2,Apr/2026,0.054410,0.000000,
2026-04-27,0.054266,cdi,2026,4,2,Apr/2026,0.054381,0.000000,
2026-04-28,0.054266,cdi,2026,4,2,Apr/2026,0.054353,0.000000,
2026-04-29,0.054266,cdi,2026,4,2,Apr/2026,0.054324,0.000000,
2026-04-30,0.053400,cdi,2026,4,2,Apr/2026,0.054266,-1.595843,
2026-05-04,0.053400,cdi,2026,5,2,May/2026,0.054208,0.000000,
2026-05-05,0.053400,cdi,2026,5,2,May/2026,0.054179,0.000000,
2026-05-06,0.053400,cdi,2026,5,2,May/2026,0.054151,0.000000,
2026-05-07,0.053400,cdi,2026,5,2,May/2026,0.054122,0.000000,
2026-05-08,0.053400,cdi,2026,5,2,May/2026,0.054093,0.000000,
2026-05-11,0.053400,cdi,2026,5,2,May/2026,0.054064,0.000000,
2026-05-12,0.053400,cdi,2026,5,2,May/2026,0.054035,0.000000,
2026-05-13,0.053400,cdi,2026,5,2,May/2026,0.054006,0.000000,
2026-05-14,0.053400,cdi,2026,5,2,May/2026,0.053977,0.000000,
2026-05-15,0.053400,cdi,2026,5,2,May/2026,0.053948,0.000000,
2026-05-18,0.053400,cdi,2026,5,2,May/2026,0.053920,0.000000,
2026-05-19,0.053400,cdi,2026,5,2,May/2026,0.053891,0.000000,
2026-05-20,0.053400,cdi,2026,5,2,May/2026,0.053862,0.000000,
2026-05-21,0.053400,cdi,2026,5,2,May/2026,0.053833,0.000000,
2026-05-22,0.053400,cdi,2026,5,2,May/2026,0.053804,0.000000,
2026-05-25,0.053400,cdi,2026,5,2,May/2026,0.053775,0.000000,
2026-05-26,0.053400,cdi,2026,5,2,May/2026,0.053746,0.000000,
2026-05-27,0.053400,cdi,2026,5,2,May/2026,0.053718,0.000000,
2026-05-28,0.053400,cdi,2026,5,2,May/2026,0.053689,0.000000,
2026-05-29,0.053400,cdi,2026,5,2,May/2026,0.053660,0.000000,
2026-06-01,0.053400,cdi,2026,6,2,Jun/2026,0.053631,0.000000,
2026-06-02,0.053400,cdi,2026,6,2,Jun/2026,0.053602,0.000000,
2026-06-03,0.053400,cdi,2026,6,2,Jun/2026,0.053573,0.000000,
2026-06-05,0.053400,cdi,2026,6,2,Jun/2026,0.053544,0.000000,
2026-06-08,0.053400,cdi,2026,6,2,Jun/2026,0.053515,0.000000,
2026-06-09,0.053400,cdi,2026,6,2,Jun/2026,0.053487,0.000000,
2026-06-10,0.053400,cdi,2026,6,2,Jun/2026,0.053458,0.000000,
2026-06-11,0.053400,cdi,2026,6,2,Jun/2026,0.053429,0.000000,
2026-06-12,0.053400,cdi,2026,6,2,Jun/2026,0.053400,0.000000,
2026-06-15,0.053400,cdi,2026,6,2,Jun/2026,0.053400,0.000000,
2026-06-16,0.053400,cdi,2026,6,2,Jun/2026,0.053400,0.000000,
2026-06-17,0.053400,cdi,2026,6,2,Jun/2026,0.053400,0.000000,
2026-06-18,0.052531,cdi,2026,6,2,Jun/2026,0.053371,-1.627341,
2026-06-19,0.052531,cdi,2026,6,2,Jun/2026,0.053342,0.000000,
2026-06-22,0.052531,cdi,2026,6,2,Jun/2026,0.053313,0.000000,
2026-06-23,0.052531,cdi,2026,6,2,Jun/2026,0.053284,0.000000,
2026-06-24,0.052531,cdi,2026,6,2,Jun/2026,0.053255,0.000000,
2026-06-25,0.052531,cdi,2026,6,2,Jun/2026,0.053226,0.000000,
2026-06-26,0.052531,cdi,2026,6,2,Jun/2026,0.053197,0.000000,
2026-06-29,0.052531,cdi,2026,6,2,Jun/2026,0.053168,0.000000,
2026-06-30,0.052531,cdi,2026,6,2,Jun/2026,0.053139,0.000000,
2026-07-01,0.052531,cdi,2026,7,3,Jul/2026,0.053110,0.000000,
2026-07-02,0.052531,cdi,2026,7,3,Jul/2026,0.053081,0.000000,
2026-07-03,0.052531,cdi,2026,7,3,Jul/2026,0.053052,0.000000,
2026-07-06,0.052531,cdi,2026,7,3,Jul/2026,0.053023,0.000000,
2026-07-07,0.052531,cdi,2026,7,3,Jul/2026,0.052994,0.000000,
2026-07-08,0.052531,cdi,2026,7,3,Jul/2026,0.052966,0.000000,
2026-07-09,0.052531,cdi,2026,7,3,Jul/2026,0.052937,0.000000,
2026-07-10,0.052531,cdi,2026,7,3,Jul/2026,0.052908,0.000000,
2026-07-13,0.052531,cdi,2026,7,3,Jul/2026,0.052879,0.000000,
2026-07-14,0.052531,cdi,2026,7,3,Jul/2026,0.052850,0.000000,
2026-07-15,0.052531,cdi,2026,7,3,Jul/2026,0.052821,0.000000,
2026-07-16,0.052531,cdi,2026,7,3,Jul/2026,0.052792,0.000000,
2026-07-17,0.052531,cdi,2026,7,3,Jul/2026,0.052763,0.000000,
2026-07-20,0.052531,cdi,2026,7,3,Jul/2026,0.052734,0.000000,
2026-07-21,0.052531,cdi,2026,7,3,Jul/2026,0.052705,0.000000,
2026-07-22,0.052531,cdi,2026,7,3,Jul/2026,0.052676,0.000000,
2026-07-23,0.052531,cdi,2026,7,3,Jul/2026,0.052647,0.000000,
2026-07-24,0.052531,cdi,2026,7,3,Jul/2026,0.052618,0.000000,
2026-07-27,0.052531,cdi,2026,7,3,Jul/2026,0.052589,0.000000,
2026-07-28,0.052531,cdi,2026,7,3,Jul/2026,0.052560,0.000000,
2026-07-29,0.052531,cdi,2026,7,3,Jul/2026,0.052531,0.000000,
2026-07-30,0.052531,cdi,2026,7,3,Jul/2026,0.052531,0.000000,
2026-07-31,0.052531,cdi,2026,7,3,Jul/2026,0.052531,0.000000,
2026-08-03,0.052531,cdi,2026,8,3,Aug/2026,0.052531,0.000000,
2026-08-04,0.052531,cdi,2026,8,3,Aug/2026,0.052531,0.000000,
2026-08-05,0.052531,cdi,2026,8,3,Aug/2026,0.052531,0.000000,
2026-08-06,0.051660,cdi,2026,8,3,Aug/2026,0.052502,-1.658069,
2026-08-07,0.051660,cdi,2026,8,3,Aug/2026,0.052473,0.000000,
2026-08-10,0.051660,cdi,2026,8,3,Aug/2026,0.052444,0.000000,
2026-08-11,0.051660,cdi,2026,8,3,Aug/2026,0.052415,0.000000,
2026-08-12,0.051660,cdi,2026,8,3,Aug/2026,0.052386,0.000000,
2026-08-13,0.051660,cdi,2026,8,3,Aug/2026,0.052357,0.000000,
2026-08-14,0.051660,cdi,2026,8,3,Aug/2026,0.052328,0.000000,
2026-08-17,0.051660,cdi,2026,8,3,Aug/2026,0.052299,0.000000,
2026-08-18,0.051660,cdi,2026,8,3,Aug/2026,0.052270,0.000000,
2026-08-19,0.051660,cdi,2026,8,3,Aug/2026,0.052241,0.000000,
2020-01-01,0.210000,ipca,2020,1,1,Jan/2020,0.210000,,
2020-02-01,0.250000,ipca,2020,2,1,Feb/2020,0.230000,19.047619,
2020-03-01,0.070000,ipca,2020,3,1,Mar/2020,0.176667,-72.000000,
2020-04-01,-0.310000,ipca,2020,4,2,Apr/2020,0.055000,-542.857143,
2020-05-01,-0.380000,ipca,2020,5,2,May/2020,-0.032000,22.580645,
2020-06-01,0.260000,ipca,2020,6,2,Jun/2020,0.016667,-168.421053,
2020-07-01,0.360000,ipca,2020,7,3,Jul/2020,0.065714,38.461538,
2020-08-01,0.240000,ipca,2020,8,3,Aug/2020,0.087500,-33.333333,
2020-09-01,0.640000,ipca,2020,9,3,Sep/2020,0.148889,166.666667,
2020-10-01,0.860000,ipca,2020,10,4,Oct/2020,0.220000,34.375000,
2020-11-01,0.890000,ipca,2020,11,4,Nov/2020,0.280909,3.488372,
2020-12-01,1.350000,ipca,2020,12,4,Dec/2020,0.370000,51.685393,
2021-01-01,0.250000,ipca,2021,1,1,Jan/2021,0.360769,-81.481481,
2021-02-01,0.860000,ipca,2021,2,1,Feb/2021,0.396429,244.000000,
2021-03-01,0.930000,ipca,2021,3,1,Mar/2021,0.432000,8.139535,
2021-04-01,0.310000,ipca,2021,4,2,Apr/2021,0.424375,-66.666667,
2021-05-01,0.830000,ipca,2021,5,2,May/2021,0.448235,167.741935,
2021-06-01,0.530000,ipca,2021,6,2,Jun/2021,0.452778,-36.144578,
2021-07-01,0.960000,ipca,2021,7,3,Jul/2021,0.479474,81.132075,
2021-08-01,0.870000,ipca,2021,8,3,Aug/2021,0.499000,-9.375000,
2021-09-01,1.160000,ipca,2021,9,3,Sep/2021,0.530476,33.333333,
2021-10-01,1.250000,ipca,2021,10,4,Oct/2021,0.563182,7.758621,
2021-11-01,0.950000,ipca,2021,11,4,Nov/2021,0.580000,-24.000000,
2021-12-01,0.730000,ipca,2021,12,4,Dec/2021,0.586250,-23.157895,
2022-01-01,0.540000,ipca,2022,1,1,Jan/2022,0.584400,-26.027397,
2022-02-01,1.010000,ipca,2022,2,1,Feb/2022,0.600769,87.037037,
2022-03-01,1.620000,ipca,2022,3,1,Mar/2022,0.638519,60.396040,
2022-04-01,1.060000,ipca,2022,4,2,Apr/2022,0.653571,-34.567901,
2022-05-01,0.470000,ipca,2022,5,2,May/2022,0.647241,-55.660377,
2022-06-01,0.670000,ipca,2022,6,2,Jun/2022,0.648000,42.553191,
2022-07-01,-0.680000,ipca,2022,7,3,Jul/2022,0.618333,-201.492537,
2022-08-01,-0.360000,ipca,2022,8,3,Aug/2022,0.598000,-47.058824,
2022-09-01,-0.290000,ipca,2022,9,3,Sep/2022,0.586000,-19.444444,
2022-10-01,0.590000,ipca,2022,10,4,Oct/2022,0.616000,-303.448276,
2022-11-01,0.410000,ipca,2022,11,4,Nov/2022,0.642333,-30.508475,
2022-12-01,0.620000,ipca,2022,12,4,Dec/2022,0.654333,51.219512,
2023-01-01,0.530000,ipca,2023,1,1,Jan/2023,0.660000,-14.516129,
2023-02-01,0.840000,ipca,2023,2,1,Feb/2023,0.680000,58.490566,
2023-03-01,0.710000,ipca,2023,3,1,Mar/2023,0.682333,-15.476190,
2023-04-01,0.610000,ipca,2023,4,2,Apr/2023,0.674000,-14.084507,
2023-05-01,0.230000,ipca,2023,5,2,May/2023,0.652000,-62.295082,
2023-06-01,-0.080000,ipca,2023,6,2,Jun/2023,0.604333,-134.782609,
2023-07-01,0.120000,ipca,2023,7,3,Jul/2023,0.600000,-250.000000,
2023-08-01,0.230000,ipca,2023,8,3,Aug/2023,0.579000,91.666667,
2023-09-01,0.260000,ipca,2023,9,3,Sep/2023,0.556667,13.043478,
2023-10-01,0.240000,ipca,2023,10,4,Oct/2023,0.554333,-7.692308,
2023-11-01,0.280000,ipca,2023,11,4,Nov/2023,0.536000,16.666667,
2023-12-01,0.560000,ipca,2023,12,4,Dec/2023,0.537000,100.000000,
2024-01-01,0.420000,ipca,2024,1,1,Jan/2024,0.519000,-25.000000,
2024-02-01,0.830000,ipca,2024,2,1,Feb/2024,0.517667,97.619048,
2024-03-01,0.160000,ipca,2024,3,1,Mar/2024,0.484333,-80.722892,
2024-04-01,0.380000,ipca,2024,4,2,Apr/2024,0.455333,137.500000,
2024-05-01,0.460000,ipca,2024,5,2,May/2024,0.439000,21.052632,
2024-06-01,0.210000,ipca,2024,6,2,Jun/2024,0.421667,-54.347826,
2024-07-01,0.380000,ipca,2024,7,3,Jul/2024,0.416333,80.952381,
2024-08-01,-0.020000,ipca,2024,8,3,Aug/2024,0.382000,-105.263158,
2024-09-01,0.440000,ipca,2024,9,3,Sep/2024,0.342667,-2300.000000,
2024-10-01,0.560000,ipca,2024,10,4,Oct/2024,0.326000,27.272727,
2024-11-01,0.390000,ipca,2024,11,4,Nov/2024,0.323333,-30.357143,
2024-12-01,0.520000,ipca,2024,12,4,Dec/2024,0.318333,33.333333,
2025-01-01,0.160000,ipca,2025,1,1,Jan/2025,0.346333,-69.230769,
2025-02-01,1.310000,ipca,2025,2,1,Feb/2025,0.402000,718.750000,
2025-03-01,0.560000,ipca,2025,3,1,Mar/2025,0.430333,-57.251908,
2025-04-01,0.430000,ipca,2025,4,2,Apr/2025,0.425000,-23.214286,
2025-05-01,0.260000,ipca,2025,5,2,May/2025,0.420000,-39.534884,
2025-06-01,0.240000,ipca,2025,6,2,Jun/2025,0.407333,-7.692308,
2025-07-01,0.260000,ipca,2025,7,3,Jul/2025,0.398333,8.333333,
2025-08-01,-0.110000,ipca,2025,8,3,Aug/2025,0.366667,-142.307692,
2025-09-01,0.480000,ipca,2025,9,3,Sep/2025,0.359000,-536.363636,
2025-10-01,0.090000,ipca,2025,10,4,Oct/2025,0.341667,-81.250000,
2025-11-01,0.180000,ipca,2025,11,4,Nov/2025,0.340000,100.000000,
2025-12-01,0.330000,ipca,2025,12,4,Dec/2025,0.353667,83.333333,
2026-01-01,0.330000,ipca,2026,1,1,Jan/2026,0.360667,0.000000,
2026-02-01,0.700000,ipca,2026,2,1,Feb/2026,0.376333,112.121212,
2026-03-01,0.880000,ipca,2026,3,1,Mar/2026,0.397000,25.714286,
2026-04-01,0.670000,ipca,2026,4,2,Apr/2026,0.411333,-23.863636,
2026-05-01,0.580000,ipca,2026,5,2,May/2026,0.421333,-13.432836,
2026-06-01,0.160000,ipca,2026,6,2,Jun/2026,0.408000,-72.413793,
2026-07-01,0.070000,ipca,2026,7,3,Jul/2026,0.396333,-56.250000,
2020-01-02,0.017089,selic,2020,1,1,Jan/2020,0.017089,,
2020-01-03,0.017089,selic,2020,1,1,Jan/2020,0.017089,0.000000,
2020-01-06,0.017089,selic,2020,1,1,Jan/2020,0.017089,0.000000,
2020-01-07,0.017089,selic,2020,1,1,Jan/2020,0.017089,0.000000,
2020-01-08,0.017089,selic,2020,1,1,Jan/2020,0.017089,0.000000,
2020-01-09,0.017089,selic,2020,1,1,Jan/2020,0.017089,0.000000,
2020-01-10,0.017089,selic,2020,1,1,Jan/2020,0.017089,0.000000,
2020-01-13,0.017089,selic,2020,1,1,Jan/2020,0.017089,0.000000,
2020-01-14,0.017089,selic,2020,1,1,Jan/2020,0.017089,0.000000,
2020-01-15,0.017089,selic,2020,1,1,Jan/2020,0.017089,0.000000,
2020-01-16,0.017089,selic,2020,1,1,Jan/2020,0.017089,0.000000,
2020-01-17,0.017089,selic,2020,1,1,Jan/2020,0.017089,0.000000,
2020-01-20,0.017089,selic,2020,1,1,Jan/2020,0.017089,0.000000,
2020-01-21,0.017089,selic,2020,1,1,Jan/2020,0.017089,0.000000,
2020-01-22,0.017089,selic,2020,1,1,Jan/2020,0.017089,0.000000,
2020-01-23,0.017089,selic,2020,1,1,Jan/2020,0.017089,0.000000,
2020-01-24,0.017089,selic,2020,1,1,Jan/2020,0.017089,0.000000,
2020-01-27,0.017089,selic,2020,1,1,Jan/2020,0.017089,0.000000,
2020-01-28,0.017089,selic,2020,1,1,Jan/2020,0.017089,0.000000,
2020-01-29,0.017089,selic,2020,1,1,Jan/2020,0.017089,0.000000,
2020-01-30,0.017089,selic,2020,1,1,Jan/2020,0.017089,0.000000,
2020-01-31,0.017089,selic,2020,1,1,Jan/2020,0.017089,0.000000,
2020-02-03,0.017089,selic,2020,2,1,Feb/2020,0.017089,0.000000,
2020-02-04,0.017089,selic,2020,2,1,Feb/2020,0.017089,0.000000,
2020-02-05,0.017089,selic,2020,2,1,Feb/2020,0.017089,0.000000,
2020-02-06,0.016137,selic,2020,2,1,Feb/2020,0.017052,-5.570835,
2020-02-07,0.016137,selic,2020,2,1,Feb/2020,0.017018,0.000000,
2020-02-10,0.016137,selic,2020,2,1,Feb/2020,0.016987,0.000000,
2020-02-11,0.016137,selic,2020,2,1,Feb/2020,0.016958,0.000000,
2020-02-12,0.016137,selic,2020,2,1,Feb/2020,0.016930,0.000000,
2020-02-13,0.016137,selic,2020,2,1,Feb/2020,0.016899,0.000000,
2020-02-14,0.016137,selic,2020,2,1,Feb/2020,0.016867,0.000000,
2020-02-17,0.016137,selic,2020,2,1,Feb/2020,0.016835,0.000000,
2020-02-18,0.016137,selic,2020,2,1,Feb/2020,0.016803,0.000000,
2020-02-19,0.016137,selic,2020,2,1,Feb/2020,0.016772,0.000000,
2020-02-20,0.016137,selic,2020,2,1,Feb/2020,0.016740,0.000000,
2020-02-21,0.016137,selic,2020,2,1,Feb/2020,0.016708,0.000000,
2020-02-26,0.016137,selic,2020,2,1,Feb/2020,0.016676,0.000000,
2020-02-27,0.016137,selic,2020,2,1,Feb/2020,0.016645,0.000000,
2020-02-28,0.016137,selic,2020,2,1,Feb/2020,0.016613,0.000000,
2020-03-02,0.016137,selic,2020,3,1,Mar/2020,0.016581,0.000000,
2020-03-03,0.016137,selic,2020,3,1,Mar/2020,0.016550,0.000000,
2020-03-04,0.016137,selic,2020,3,1,Mar/2020,0.016518,0.000000,
2020-03-05,0.016137,selic,2020,3,1,Mar/2020,0.016486,0.000000,
2020-03-06,0.016137,selic,2020,3,1,Mar/2020,0.016454,0.000000,
2020-03-09,0.016137,selic,2020,3,1,Mar/2020,0.016423,0.000000,
2020-03-10,0.016137,selic,2020,3,1,Mar/2020,0.016391,0.000000,
2020-03-11,0.016137,selic,2020,3,1,Mar/2020,0.016359,0.000000,
2020-03-12,0.016137,selic,2020,3,1,Mar/2020,0.016327,0.000000,
2020-03-13,0.016137,selic,2020,3,1,Mar/2020,0.016296,0.000000,
2020-03-16,0.016137,selic,2020,3,1,Mar/2020,0.016264,0.000000,
2020-03-17,0.016137,selic,2020,3,1,Mar/2020,0.016232,0.000000,
2020-03-18,0.016137,selic,2020,3,1,Mar/2020,0.016200,0.000000,
2020-03-19,0.014227,selic,2020,3,1,Mar/2020,0.016105,-11.836153,
2020-03-20,0.014227,selic,2020,3,1,Mar/2020,0.016010,0.000000,
2020-03-23,0.014227,selic,2020,3,1,Mar/2020,0.015946,0.000000,
2020-03-24,0.014227,selic,2020,3,1,Mar/2020,0.015882,0.000000,
2020-03-25,0.014227,selic,2020,3,1,Mar/2020,0.015819,0.000000,
2020-03-26,0.014227,selic,2020,3,1,Mar/2020,0.015755,0.000000,
2020-03-27,0.014227,selic,2020,3,1,Mar/2020,0.015691,0.000000,
2020-03-30,0.014227,selic,2020,3,1,Mar/2020,0.015628,0.000000,
2020-03-31,0.014227,selic,2020,3,1,Mar/2020,0.015564,0.000000,
2020-04-01,0.014227,selic,2020,4,2,Apr/2020,0.015500,0.000000,
2020-04-02,0.014227,selic,2020,4,2,Apr/2020,0.015437,0.000000,
2020-04-03,0.014227,selic,2020,4,2,Apr/2020,0.015373,0.000000,
2020-04-06,0.014227,selic,2020,4,2,Apr/2020,0.015309,0.000000,
2020-04-07,0.014227,selic,2020,4,2,Apr/2020,0.015246,0.000000,
2020-04-08,0.014227,selic,2020,4,2,Apr/2020,0.015182,0.000000,
2020-04-09,0.014227,selic,2020,4,2,Apr/2020,0.015118,0.000000,
2020-04-13,0.014227,selic,2020,4,2,Apr/2020,0.015055,0.000000,
2020-04-14,0.014227,selic,2020,4,2,Apr/2020,0.014991,0.000000,
2020-04-15,0.014227,selic,2020,4,2,Apr/2020,0.014927,0.000000,
2020-04-16,0.014227,selic,2020,4,2,Apr/2020,0.014864,0.000000,
2020-04-17,0.014227,selic,2020,4,2,Apr/2020,0.014800,0.000000,
2020-04-20,0.014227,selic,2020,4,2,Apr/2020,0.014736,0.000000,
2020-04-22,0.014227,selic,2020,4,2,Apr/2020,0.014673,0.000000,
2020-04-23,0.014227,selic,2020,4,2,Apr/2020,0.014609,0.000000,
2020-04-24,0.014227,selic,2020,4,2,Apr/2020,0.014545,0.000000,
2020-04-27,0.014227,selic,2020,4,2,Apr/2020,0.014482,0.000000,
2020-04-28,0.014227,selic,2020,4,2,Apr/2020,0.014418,0.000000,
2020-04-29,0.014227,selic,2020,4,2,Apr/2020,0.014354,0.000000,
2020-04-30,0.014227,selic,2020,4,2,Apr/2020,0.014291,0.000000,
2020-05-04,0.014227,selic,2020,5,2,May/2020,0.014227,0.000000,
2020-05-05,0.014227,selic,2020,5,2,May/2020,0.014227,0.000000,
2020-05-06,0.014227,selic,2020,5,2,May/2020,0.014227,0.000000,
2020-05-07,0.011345,selic,2020,5,2,May/2020,0.014131,-20.257257,
2020-05-08,0.011345,selic,2020,5,2,May/2020,0.014035,0.000000,
2020-05-11,0.011345,selic,2020,5,2,May/2020,0.013939,0.000000,
2020-05-12,0.011345,selic,2020,5,2,May/2020,0.013843,0.000000,
2020-05-13,0.011345,selic,2020,5,2,May/2020,0.013747,0.000000,
2020-05-14,0.011345,selic,2020,5,2,May/2020,0.013651,0.000000,
2020-05-15,0.011345,selic,2020,5,2,May/2020,0.013555,0.000000,
2020-05-18,0.011345,selic,2020,5,2,May/2020,0.013458,0.000000,
2020-05-19,0.011345,selic,2020,5,2,May/2020,0.013362,0.000000,
2020-05-20,0.011345,selic,2020,5,2,May/2020,0.013266,0.000000,
2020-05-21,0.011345,selic,2020,5,2,May/2020,0.013170,0.000000,
2020-05-22,0.011345,selic,2020,5,2,May/2020,0.013074,0.000000,
2020-05-25,0.011345,selic,2020,5,2,May/2020,0.012978,0.000000,
2020-05-26,0.011345,selic,2020,5,2,May/2020,0.012882,0.000000,
2020-05-27,0.011345,selic,2020,5,2,May/2020,0.012786,0.000000,
2020-05-28,0.011345,selic,2020,5,2,May/2020,0.012690,0.000000,
2020-05-29,0.011345,selic,2020,5,2,May/2020,0.012594,0.000000,
2020-06-01,0.011345,selic,2020,6,2,Jun/2020,0.012498,0.000000,
2020-06-02,0.011345,selic,2020,6,2,Jun/2020,0.012402,0.000000,
2020-06-03,0.011345,selic,2020,6,2,Jun/2020,0.012306,0.000000,
2020-06-04,0.011345,selic,2020,6,2,Jun/2020,0.012210,0.000000,
2020-06-05,0.011345,selic,2020,6,2,Jun/2020,0.012114,0.000000,
2020-06-08,0.011345,selic,2020,6,2,Jun/2020,0.012017,0.000000,
2020-06-09,0.011345,selic,2020,6,2,Jun/2020,0.011921,0.000000,
2020-06-10,0.011345,selic,2020,6,2,Jun/2020,0.011825,0.000000,
2020-06-12,0.011345,selic,2020,6,2,Jun/2020,0.011729,0.000000,
2020-06-15,0.011345,selic,2020,6,2,Jun/2020,0.011633,0.000000,
2020-06-16,0.011345,selic,2020,6,2,Jun/2020,0.011537,0.000000,
2020-06-17,0.011345,selic,2020,6,2,Jun/2020,0.011441,0.000000,
2020-06-18,0.008442,selic,2020,6,2,Jun/2020,0.011248,-25.588365,
2020-06-19,0.008442,selic,2020,6,2,Jun/2020,0.011151,0.000000,
2020-06-22,0.008442,selic,2020,6,2,Jun/2020,0.011055,0.000000,
2020-06-23,0.008442,selic,2020,6,2,Jun/2020,0.010958,0.000000,
2020-06-24,0.008442,selic,2020,6,2,Jun/2020,0.010861,0.000000,
2020-06-25,0.008442,selic,2020,6,2,Jun/2020,0.010764,0.000000,
2020-06-26,0.008442,selic,2020,6,2,Jun/2020,0.010668,0.000000,
2020-06-29,0.008442,selic,2020,6,2,Jun/2020,0.010571,0.000000,
2020-06-30,0.008442,selic,2020,6,2,Jun/2020,0.010474,0.000000,
2020-07-01,0.008442,selic,2020,7,3,Jul/2020,0.010377,0.000000,
2020-07-02,0.008442,selic,2020,7,3,Jul/2020,0.010281,0.000000,
2020-07-03,0.008442,selic,2020,7,3,Jul/2020,0.010184,0.000000,
2020-07-06,0.008442,selic,2020,7,3,Jul/2020,0.010087,0.000000,
2020-07-07,0.008442,selic,2020,7,3,Jul/2020,0.009990,0.000000,
2020-07-08,0.008442,selic,2020,7,3,Jul/2020,0.009893,0.000000,
2020-07-09,0.008442,selic,2020,7,3,Jul/2020,0.009797,0.000000,
2020-07-10,0.008442,selic,2020,7,3,Jul/2020,0.009700,0.000000,
2020-07-13,0.008442,selic,2020,7,3,Jul/2020,0.009603,0.000000,
2020-07-14,0.008442,selic,2020,7,3,Jul/2020,0.009506,0.000000,
2020-07-15,0.008442,selic,2020,7,3,Jul/2020,0.009410,0.000000,
2020-07-16,0.008442,selic,2020,7,3,Jul/2020,0.009313,0.000000,
2020-07-17,0.008442,selic,2020,7,3,Jul/2020,0.009216,0.000000,
2020-07-20,0.008442,selic,2020,7,3,Jul/2020,0.009119,0.000000,
2020-07-21,0.008442,selic,2020,7,3,Jul/2020,0.009023,0.000000,
2020-07-22,0.008442,selic,2020,7,3,Jul/2020,0.008926,0.000000,
2020-07-23,0.008442,selic,2020,7,3,Jul/2020,0.008829,0.000000,
2020-07-24,0.008442,selic,2020,7,3,Jul/2020,0.008732,0.000000,
2020-07-27,0.008442,selic,2020,7,3,Jul/2020,0.008636,0.000000,
2020-07-28,0.008442,selic,2020,7,3,Jul/2020,0.008539,0.000000,
2020-07-29,0.008442,selic,2020,7,3,Jul/2020,0.008442,0.000000,
2020-07-30,0.008442,selic,2020,7,3,Jul/2020,0.008442,0.000000,
2020-07-31,0.008442,selic,2020,7,3,Jul/2020,0.008442,0.000000,
2020-08-03,0.008442,selic,2020,8,3,Aug/2020,0.008442,0.000000,
2020-08-04,0.008442,selic,2020,8,3,Aug/2020,0.008442,0.000000,
2020-08-05,0.008442,selic,2020,8,3,Aug/2020,0.008442,0.000000,
2020-08-06,0.007469,selic,2020,8,3,Aug/2020,0.008410,-11.525705,
2020-08-07,0.007469,selic,2020,8,3,Aug/2020,0.008377,0.000000,
2020-08-10,0.007469,selic,2020,8,3,Aug/2020,0.008345,0.000000,
2020-08-11,0.007469,selic,2020,8,3,Aug/2020,0.008312,0.000000,
2020-08-12,0.007469,selic,2020,8,3,Aug/2020,0.008280,0.000000,
2020-08-13,0.007469,selic,2020,8,3,Aug/2020,0.008247,0.000000,
2020-08-14,0.007469,selic,2020,8,3,Aug/2020,0.008215,0.000000,
2020-08-17,0.007469,selic,2020,8,3,Aug/2020,0.008183,0.000000,
2020-08-18,0.007469,selic,2020,8,3,Aug/2020,0.008150,0.000000,
2020-08-19,0.007469,selic,2020,8,3,Aug/2020,0.008118,0.000000,
2020-08-20,0.007469,selic,2020,8,3,Aug/2020,0.008085,0.000000,
2020-08-21,0.007469,selic,2020,8,3,Aug/2020,0.008053,0.000000,
2020-08-24,0.007469,selic,2020,8,3,Aug/2020,0.008020,0.000000,
2020-08-25,0.007469,selic,2020,8,3,Aug/2020,0.007988,0.000000,
2020-08-26,0.007469,selic,2020,8,3,Aug/2020,0.007955,0.000000,
2020-08-27,0.007469,selic,2020,8,3,Aug/2020,0.007923,0.000000,
2020-08-28,0.007469,selic,2020,8,3,Aug/2020,0.007891,0.000000,
2020-08-31,0.007469,selic,2020,8,3,Aug/2020,0.007858,0.000000,
2020-09-01,0.007469,selic,2020,9,3,Sep/2020,0.007826,0.000000,
2020-09-02,0.007469,selic,2020,9,3,Sep/2020,0.007793,0.000000,
2020-09-03,0.007469,selic,2020,9,3,Sep/2020,0.007761,0.000000,
2020-09-04,0.007469,selic,2020,9,3,Sep/2020,0.007728,0.000000,
2020-09-08,0.007469,selic,2020,9,3,Sep/2020,0.007696,0.000000,
2020-09-09,0.007469,selic,2020,9,3,Sep/2020,0.007664,0.000000,
2020-09-10,0.007469,selic,2020,9,3,Sep/2020,0.007631,0.000000,
2020-09-11,0.007469,selic,2020,9,3,Sep/2020,0.007599,0.000000,
2020-09-14,0.007469,selic,2020,9,3,Sep/2020,0.007566,0.000000,
2020-09-15,0.007469,selic,2020,9,3,Sep/2020,0.007534,0.000000,
2020-09-16,0.007469,selic,2020,9,3,Sep/2020,0.007501,0.000000,
2020-09-17,0.007469,selic,2020,9,3,Sep/2020,0.007469,0.000000,
2020-09-18,0.007469,selic,2020,9,3,Sep/2020,0.007469,0.000000,
2020-09-21,0.007469,selic,2020,9,3,Sep/2020,0.007469,0.000000,
2020-09-22,0.007469,selic,2020,9,3,Sep/2020,0.007469,0.000000,
2020-09-23,0.007469,selic,2020,9,3,Sep/2020,0.007469,0.000000,
2020-09-24,0.007469,selic,2020,9,3,Sep/2020,0.007469,0.000000,
2020-09-25,0.007469,selic,2020,9,3,Sep/2020,0.007469,0.000000,
2020-09-28,0.007469,selic,2020,9,3,Sep/2020,0.007469,0.000000,
2020-09-29,0.007469,selic,2020,9,3,Sep/2020,0.007469,0.000000,
2020-09-30,0.007469,selic,2020,9,3,Sep/2020,0.007469,0.000000,
2020-10-01,0.007469,selic,2020,10,4,Oct/2020,0.007469,0.000000,
2020-10-02,0.007469,selic,2020,10,4,Oct/2020,0.007469,0.000000,
2020-10-05,0.007469,selic,2020,10,4,Oct/2020,0.007469,0.000000,
2020-10-06,0.007469,selic,2020,10,4,Oct/2020,0.007469,0.000000,
2020-10-07,0.007469,selic,2020,10,4,Oct/2020,0.007469,0.000000,
2020-10-08,0.007469,selic,2020,10,4,Oct/2020,0.007469,0.000000,
2020-10-09,0.007469,selic,2020,10,4,Oct/2020,0.007469,0.000000,
2020-10-13,0.007469,selic,2020,10,4,Oct/2020,0.007469,0.000000,
2020-10-14,0.007469,selic,2020,10,4,Oct/2020,0.007469,0.000000,
2020-10-15,0.007469,selic,2020,10,4,Oct/2020,0.007469,0.000000,
2020-10-16,0.007469,selic,2020,10,4,Oct/2020,0.007469,0.000000,
2020-10-19,0.007469,selic,2020,10,4,Oct/2020,0.007469,0.000000,
2020-10-20,0.007469,selic,2020,10,4,Oct/2020,0.007469,0.000000,
2020-10-21,0.007469,selic,2020,10,4,Oct/2020,0.007469,0.000000,
2020-10-22,0.007469,selic,2020,10,4,Oct/2020,0.007469,0.000000,
2020-10-23,0.007469,selic,2020,10,4,Oct/2020,0.007469,0.000000,
2020-10-26,0.007469,selic,2020,10,4,Oct/2020,0.007469,0.000000,
2020-10-27,0.007469,selic,2020,10,4,Oct/2020,0.007469,0.000000,
2020-10-28,0.007469,selic,2020,10,4,Oct/2020,0.007469,0.000000,
2020-10-29,0.007469,selic,2020,10,4,Oct/2020,0.007469,0.000000,
2020-10-30,0.007469,selic,2020,10,4,Oct/2020,0.007469,0.000000,
2020-11-03,0.007469,selic,2020,11,4,Nov/2020,0.007469,0.000000,
2020-11-04,0.007469,selic,2020,11,4,Nov/2020,0.007469,0.000000,
2020-11-05,0.007469,selic,2020,11,4,Nov/2020,0.007469,0.000000,
2020-11-06,0.007469,selic,2020,11,4,Nov/2020,0.007469,0.000000,
2020-11-09,0.007469,selic,2020,11,4,Nov/2020,0.007469,0.000000,
2020-11-10,0.007469,selic,2020,11,4,Nov/2020,0.007469,0.000000,
2020-11-11,0.007469,selic,2020,11,4,Nov/2020,0.007469,0.000000,
2020-11-12,0.007469,selic,2020,11,4,Nov/2020,0.007469,0.000000,
2020-11-13,0.007469,selic,2020,11,4,Nov/2020,0.007469,0.000000,
2020-11-16,0.007469,selic,2020,11,4,Nov/2020,0.007469,0.000000,
2020-11-17,0.007469,selic,2020,11,4,Nov/2020,0.007469,0.000000,
2020-11-18,0.007469,selic,2020,11,4,Nov/2020,0.007469,0.000000,
2020-11-19,0.007469,selic,2020,11,4,Nov/2020,0.007469,0.000000,
2020-11-20,0.007469,selic,2020,11,4,Nov/2020,0.007469,0.000000,
2020-11-23,0.007469,selic,2020,11,4,Nov/2020,0.007469,0.000000,
2020-11-24,0.007469,selic,2020,11,4,Nov/2020,0.007469,0.000000,
2020-11-25,0.007469,selic,2020,11,4,Nov/2020,0.007469,0.000000,
2020-11-26,0.007469,selic,2020,11,4,Nov/2020,0.007469,0.000000,
2020-11-27,0.007469,selic,2020,11,4,Nov/2020,0.007469,0.000000,
2020-11-30,0.007469,selic,2020,11,4,Nov/2020,0.007469,0.000000,
2020-12-01,0.007469,selic,2020,12,4,Dec/2020,0.007469,0.000000,
2020-12-02,0.007469,selic,2020,12,4,Dec/2020,0.007469,0.000000,
2020-12-03,0.007469,selic,2020,12,4,Dec/2020,0.007469,0.000000,
2020-12-04,0.007469,selic,2020,12,4,Dec/2020,0.007469,0.000000,
2020-12-07,0.007469,selic,2020,12,4,Dec/2020,0.007469,0.000000,
2020-12-08,0.007469,selic,2020,12,4,Dec/2020,0.007469,0.000000,
2020-12-09,0.007469,selic,2020,12,4,Dec/2020,0.007469,0.000000,
2020-12-10,0.007469,selic,2020,12,4,Dec/2020,0.007469,0.000000,
2020-12-11,0.007469,selic,2020,12,4,Dec/2020,0.007469,0.000000,
2020-12-14,0.007469,selic,2020,12,4,Dec/2020,0.007469,0.000000,
2020-12-15,0.007469,selic,2020,12,4,Dec/2020,0.007469,0.000000,
2020-12-16,0.007469,selic,2020,12,4,Dec/2020,0.007469,0.000000,
2020-12-17,0.007469,selic,2020,12,4,Dec/2020,0.007469,0.000000,
2020-12-18,0.007469,selic,2020,12,4,Dec/2020,0.007469,0.000000,
2020-12-21,0.007469,selic,2020,12,4,Dec/2020,0.007469,0.000000,
2020-12-22,0.007469,selic,2020,12,4,Dec/2020,0.007469,0.000000,
2020-12-23,0.007469,selic,2020,12,4,Dec/2020,0.007469,0.000000,
2020-12-24,0.007469,selic,2020,12,4,Dec/2020,0.007469,0.000000,
2020-12-28,0.007469,selic,2020,12,4,Dec/2020,0.007469,0.000000,
2020-12-29,0.007469,selic,2020,12,4,Dec/2020,0.007469,0.000000,
2020-12-30,0.007469,selic,2020,12,4,Dec/2020,0.007469,0.000000,
2020-12-31,0.007469,selic,2020,12,4,Dec/2020,0.007469,0.000000,
2021-01-04,0.007469,selic,2021,1,1,Jan/2021,0.007469,0.000000,
2021-01-05,0.007469,selic,2021,1,1,Jan/2021,0.007469,0.000000,
2021-01-06,0.007469,selic,2021,1,1,Jan/2021,0.007469,0.000000,
2021-01-07,0.007469,selic,2021,1,1,Jan/2021,0.007469,0.000000,
2021-01-08,0.007469,selic,2021,1,1,Jan/2021,0.007469,0.000000,
2021-01-11,0.007469,selic,2021,1,1,Jan/2021,0.007469,0.000000,
2021-01-12,0.007469,selic,2021,1,1,Jan/2021,0.007469,0.000000,
2021-01-13,0.007469,selic,2021,1,1,Jan/2021,0.007469,0.000000,
2021-01-14,0.007469,selic,2021,1,1,Jan/2021,0.007469,0.000000,
2021-01-15,0.007469,selic,2021,1,1,Jan/2021,0.007469,0.000000,
2021-01-18,0.007469,selic,2021,1,1,Jan/2021,0.007469,0.000000,
2021-01-19,0.007469,selic,2021,1,1,Jan/2021,0.007469,0.000000,
2021-01-20,0.007469,selic,2021,1,1,Jan/2021,0.007469,0.000000,
2021-01-21,0.007469,selic,2021,1,1,Jan/2021,0.007469,0.000000,
2021-01-22,0.007469,selic,2021,1,1,Jan/2021,0.007469,0.000000,
2021-01-25,0.007469,selic,2021,1,1,Jan/2021,0.007469,0.000000,
2021-01-26,0.007469,selic,2021,1,1,Jan/2021,0.007469,0.000000,
2021-01-27,0.007469,selic,2021,1,1,Jan/2021,0.007469,0.000000,
2021-01-28,0.007469,selic,2021,1,1,Jan/2021,0.007469,0.000000,
2021-01-29,0.007469,selic,2021,1,1,Jan/2021,0.007469,0.000000,
2021-02-01,0.007469,selic,2021,2,1,Feb/2021,0.007469,0.000000,
2021-02-02,0.007469,selic,2021,2,1,Feb/2021,0.007469,0.000000,
2021-02-03,0.007469,selic,2021,2,1,Feb/2021,0.007469,0.000000,
2021-02-04,0.007469,selic,2021,2,1,Feb/2021,0.007469,0.000000,
2021-02-05,0.007469,selic,2021,2,1,Feb/2021,0.007469,0.000000,
2021-02-08,0.007469,selic,2021,2,1,Feb/2021,0.007469,0.000000,
2021-02-09,0.007469,selic,2021,2,1,Feb/2021,0.007469,0.000000,
2021-02-10,0.007469,selic,2021,2,1,Feb/2021,0.007469,0.000000,
2021-02-11,0.007469,selic,2021,2,1,Feb/2021,0.007469,0.000000,
2021-02-12,0.007469,selic,2021,2,1,Feb/2021,0.007469,0.000000,
2021-02-17,0.007469,selic,2021,2,1,Feb/2021,0.007469,0.000000,
2021-02-18,0.007469,selic,2021,2,1,Feb/2021,0.007469,0.000000,
2021-02-19,0.007469,selic,2021,2,1,Feb/2021,0.007469,0.000000,
2021-02-22,0.007469,selic,2021,2,1,Feb/2021,0.007469,0.000000,
2021-02-23,0.007469,selic,2021,2,1,Feb/2021,0.007469,0.000000,
2021-02-24,0.007469,selic,2021,2,1,Feb/2021,0.007469,0.000000,
2021-02-25,0.007469,selic,2021,2,1,Feb/2021,0.007469,0.000000,
2021-02-26,0.007469,selic,2021,2,1,Feb/2021,0.007469,0.000000,
2021-03-01,0.007469,selic,2021,3,1,Mar/2021,0.007469,0.000000,
2021-03-02,0.007469,selic,2021,3,1,Mar/2021,0.007469,0.000000,
2021-03-03,0.007469,selic,2021,3,1,Mar/2021,0.007469,0.000000,
2021-03-04,0.007469,selic,2021,3,1,Mar/2021,0.007469,0.000000,
2021-03-05,0.007469,selic,2021,3,1,Mar/2021,0.007469,0.000000,
2021-03-08,0.007469,selic,2021,3,1,Mar/2021,0.007469,0.000000,
2021-03-09,0.007469,selic,2021,3,1,Mar/2021,0.007469,0.000000,
2021-03-10,0.007469,selic,2021,3,1,Mar/2021,0.007469,0.000000,
2021-03-11,0.007469,selic,2021,3,1,Mar/2021,0.007469,0.000000,
2021-03-12,0.007469,selic,2021,3,1,Mar/2021,0.007469,0.000000,
2021-03-15,0.007469,selic,2021,3,1,Mar/2021,0.007469,0.000000,
2021-03-16,0.007469,selic,2021,3,1,Mar/2021,0.007469,0.000000,
2021-03-17,0.007469,selic,2021,3,1,Mar/2021,0.007469,0.000000,
2021-03-18,0.010379,selic,2021,3,1,Mar/2021,0.007566,38.961039,
2021-03-19,0.010379,selic,2021,3,1,Mar/2021,0.007663,0.000000,
2021-03-22,0.010379,selic,2021,3,1,Mar/2021,0.007760,0.000000,
2021-03-23,0.010379,selic,2021,3,1,Mar/2021,0.007857,0.000000,
2021-03-24,0.010379,selic,2021,3,1,Mar/2021,0.007954,0.000000,
2021-03-25,0.010379,selic,2021,3,1,Mar/2021,0.008051,0.000000,
2021-03-26,0.010379,selic,2021,3,1,Mar/2021,0.008148,0.000000,
2021-03-29,0.010379,selic,2021,3,1,Mar/2021,0.008245,0.000000,
2021-03-30,0.010379,selic,2021,3,1,Mar/2021,0.008342,0.000000,
2021-03-31,0.010379,selic,2021,3,1,Mar/2021,0.008439,0.000000,
2021-04-01,0.010379,selic,2021,4,2,Apr/2021,0.008536,0.000000,
2021-04-05,0.010379,selic,2021,4,2,Apr/2021,0.008633,0.000000,
2021-04-06,0.010379,selic,2021,4,2,Apr/2021,0.008730,0.000000,
2021-04-07,0.010379,selic,2021,4,2,Apr/2021,0.008827,0.000000,
2021-04-08,0.010379,selic,2021,4,2,Apr/2021,0.008924,0.000000,
2021-04-09,0.010379,selic,2021,4,2,Apr/2021,0.009021,0.000000,
2021-04-12,0.010379,selic,2021,4,2,Apr/2021,0.009118,0.000000,
2021-04-13,0.010379,selic,2021,4,2,Apr/2021,0.009215,0.000000,
2021-04-14,0.010379,selic,2021,4,2,Apr/2021,0.009312,0.000000,
2021-04-15,0.010379,selic,2021,4,2,Apr/2021,0.009409,0.000000,
2021-04-16,0.010379,selic,2021,4,2,Apr/2021,0.009506,0.000000,
2021-04-19,0.010379,selic,2021,4,2,Apr/2021,0.009603,0.000000,
2021-04-20,0.010379,selic,2021,4,2,Apr/2021,0.009700,0.000000,
2021-04-22,0.010379,selic,2021,4,2,Apr/2021,0.009797,0.000000,
2021-04-23,0.010379,selic,2021,4,2,Apr/2021,0.009894,0.000000,
2021-04-26,0.010379,selic,2021,4,2,Apr/2021,0.009991,0.000000,
2021-04-27,0.010379,selic,2021,4,2,Apr/2021,0.010088,0.000000,
2021-04-28,0.010379,selic,2021,4,2,Apr/2021,0.010185,0.000000,
2021-04-29,0.010379,selic,2021,4,2,Apr/2021,0.010282,0.000000,
2021-04-30,0.010379,selic,2021,4,2,Apr/2021,0.010379,0.000000,
2021-05-03,0.010379,selic,2021,5,2,May/2021,0.010379,0.000000,
2021-05-04,0.010379,selic,2021,5,2,May/2021,0.010379,0.000000,
2021-05-05,0.010379,selic,2021,5,2,May/2021,0.010379,0.000000,
2021-05-06,0.013269,selic,2021,5,2,May/2021,0.010475,27.844686,
2021-05-07,0.013269,selic,2021,5,2,May/2021,0.010572,0.000000,
2021-05-10,0.013269,selic,2021,5,2,May/2021,0.010668,0.000000,
2021-05-11,0.013269,selic,2021,5,2,May/2021,0.010764,0.000000,
2021-05-12,0.013269,selic,2021,5,2,May/2021,0.010861,0.000000,
2021-05-13,0.013269,selic,2021,5,2,May/2021,0.010957,0.000000,
2021-05-14,0.013269,selic,2021,5,2,May/2021,0.011053,0.000000,
2021-05-17,0.013269,selic,2021,5,2,May/2021,0.011150,0.000000,
2021-05-18,0.013269,selic,2021,5,2,May/2021,0.011246,0.000000,
2021-05-19,0.013269,selic,2021,5,2,May/2021,0.011342,0.000000,
2021-05-20,0.013269,selic,2021,5,2,May/2021,0.011439,0.000000,
2021-05-21,0.013269,selic,2021,5,2,May/2021,0.011535,0.000000,
2021-05-24,0.013269,selic,2021,5,2,May/2021,0.011631,0.000000,
2021-05-25,0.013269,selic,2021,5,2,May/2021,0.011728,0.000000,
2021-05-26,0.013269,selic,2021,5,2,May/2021,0.011824,0.000000,
2021-05-27,0.013269,selic,2021,5,2,May/2021,0.011920,0.000000,
2021-05-28,0.013269,selic,2021,5,2,May/2021,0.012017,0.000000,
2021-05-31,0.013269,selic,2021,5,2,May/2021,0.012113,0.000000,
2021-06-01,0.013269,selic,2021,6,2,Jun/2021,0.012209,0.000000,
2021-06-02,0.013269,selic,2021,6,2,Jun/2021,0.012306,0.000000,
2021-06-04,0.013269,selic,2021,6,2,Jun/2021,0.012402,0.000000,
2021-06-07,0.013269,selic,2021,6,2,Jun/2021,0.012498,0.000000,
2021-06-08,0.013269,selic,2021,6,2,Jun/2021,0.012595,0.000000,
2021-06-09,0.013269,selic,2021,6,2,Jun/2021,0.012691,0.000000,
2021-06-10,0.013269,selic,2021,6,2,Jun/2021,0.012787,0.000000,
2021-06-11,0.013269,selic,2021,6,2,Jun/2021,0.012884,0.000000,
2021-06-14,0.013269,selic,2021,6,2,Jun/2021,0.012980,0.000000,
2021-06-15,0.013269,selic,2021,6,2,Jun/2021,0.013076,0.000000,
2021-06-16,0.013269,selic,2021,6,2,Jun/2021,0.013173,0.000000,
2021-06-17,0.016137,selic,2021,6,2,Jun/2021,0.013365,21.614289,
2021-06-18,0.016137,selic,2021,6,2,Jun/2021,0.013460,0.000000,
2021-06-21,0.016137,selic,2021,6,2,Jun/2021,0.013556,0.000000,
2021-06-22,0.016137,selic,2021,6,2,Jun/2021,0.013651,0.000000,
2021-06-23,0.016137,selic,2021,6,2,Jun/2021,0.013747,0.000000,
2021-06-24,0.016137,selic,2021,6,2,Jun/2021,0.013843,0.000000,
2021-06-25,0.016137,selic,2021,6,2,Jun/2021,0.013938,0.000000,
2021-06-28,0.016137,selic,2021,6,2,Jun/2021,0.014034,0.000000,
2021-06-29,0.016137,selic,2021,6,2,Jun/2021,0.014129,0.000000,
2021-06-30,0.016137,selic,2021,6,2,Jun/2021,0.014225,0.000000,
2021-07-01,0.016137,selic,2021,7,3,Jul/2021,0.014321,0.000000,
2021-07-02,0.016137,selic,2021,7,3,Jul/2021,0.014416,0.000000,
2021-07-05,0.016137,selic,2021,7,3,Jul/2021,0.014512,0.000000,
2021-07-06,0.016137,selic,2021,7,3,Jul/2021,0.014607,0.000000,
2021-07-07,0.016137,selic,2021,7,3,Jul/2021,0.014703,0.000000,
2021-07-08,0.016137,selic,2021,7,3,Jul/2021,0.014799,0.000000,
2021-07-09,0.016137,selic,2021,7,3,Jul/2021,0.014894,0.000000,
2021-07-12,0.016137,selic,2021,7,3,Jul/2021,0.014990,0.000000,
2021-07-13,0.016137,selic,2021,7,3,Jul/2021,0.015085,0.000000,
2021-07-14,0.016137,selic,2021,7,3,Jul/2021,0.015181,0.000000,
2021-07-15,0.016137,selic,2021,7,3,Jul/2021,0.015277,0.000000,
2021-07-16,0.016137,selic,2021,7,3,Jul/2021,0.015372,0.000000,
2021-07-19,0.016137,selic,2021,7,3,Jul/2021,0.015468,0.000000,
2021-07-20,0.016137,selic,2021,7,3,Jul/2021,0.015563,0.000000,
2021-07-21,0.016137,selic,2021,7,3,Jul/2021,0.015659,0.000000,
2021-07-22,0.016137,selic,2021,7,3,Jul/2021,0.015755,0.000000,
2021-07-23,0.016137,selic,2021,7,3,Jul/2021,0.015850,0.000000,
2021-07-26,0.016137,selic,2021,7,3,Jul/2021,0.015946,0.000000,
2021-07-27,0.016137,selic,2021,7,3,Jul/2021,0.016041,0.000000,
2021-07-28,0.016137,selic,2021,7,3,Jul/2021,0.016137,0.000000,
2021-07-29,0.016137,selic,2021,7,3,Jul/2021,0.016137,0.000000,
2021-07-30,0.016137,selic,2021,7,3,Jul/2021,0.016137,0.000000,
2021-08-02,0.016137,selic,2021,8,3,Aug/2021,0.016137,0.000000,
2021-08-03,0.016137,selic,2021,8,3,Aug/2021,0.016137,0.000000,
2021-08-04,0.016137,selic,2021,8,3,Aug/2021,0.016137,0.000000,
2021-08-05,0.019930,selic,2021,8,3,Aug/2021,0.016263,23.504989,
2021-08-06,0.019930,selic,2021,8,3,Aug/2021,0.016390,0.000000,
2021-08-09,0.019930,selic,2021,8,3,Aug/2021,0.016516,0.000000,
2021-08-10,0.019930,selic,2021,8,3,Aug/2021,0.016643,0.000000,
2021-08-11,0.019930,selic,2021,8,3,Aug/2021,0.016769,0.000000,
2021-08-12,0.019930,selic,2021,8,3,Aug/2021,0.016896,0.000000,
2021-08-13,0.019930,selic,2021,8,3,Aug/2021,0.017022,0.000000,
2021-08-16,0.019930,selic,2021,8,3,Aug/2021,0.017148,0.000000,
2021-08-17,0.019930,selic,2021,8,3,Aug/2021,0.017275,0.000000,
2021-08-18,0.019930,selic,2021,8,3,Aug/2021,0.017401,0.000000,
2021-08-19,0.019930,selic,2021,8,3,Aug/2021,0.017528,0.000000,
2021-08-20,0.019930,selic,2021,8,3,Aug/2021,0.017654,0.000000,
2021-08-23,0.019930,selic,2021,8,3,Aug/2021,0.017781,0.000000,
2021-08-24,0.019930,selic,2021,8,3,Aug/2021,0.017907,0.000000,
2021-08-25,0.019930,selic,2021,8,3,Aug/2021,0.018033,0.000000,
2021-08-26,0.019930,selic,2021,8,3,Aug/2021,0.018160,0.000000,
2021-08-27,0.019930,selic,2021,8,3,Aug/2021,0.018286,0.000000,
2021-08-30,0.019930,selic,2021,8,3,Aug/2021,0.018413,0.000000,
2021-08-31,0.019930,selic,2021,8,3,Aug/2021,0.018539,0.000000,
2021-09-01,0.019930,selic,2021,9,3,Sep/2021,0.018666,0.000000,
2021-09-02,0.019930,selic,2021,9,3,Sep/2021,0.018792,0.000000,
2021-09-03,0.019930,selic,2021,9,3,Sep/2021,0.018919,0.000000,
2021-09-06,0.019930,selic,2021,9,3,Sep/2021,0.019045,0.000000,
2021-09-08,0.019930,selic,2021,9,3,Sep/2021,0.019171,0.000000,
2021-09-09,0.019930,selic,2021,9,3,Sep/2021,0.019298,0.000000,
2021-09-10,0.019930,selic,2021,9,3,Sep/2021,0.019424,0.000000,
2021-09-13,0.019930,selic,2021,9,3,Sep/2021,0.019551,0.000000,
2021-09-14,0.019930,selic,2021,9,3,Sep/2021,0.019677,0.000000,
2021-09-15,0.019930,selic,2021,9,3,Sep/2021,0.019804,0.000000,
2021-09-16,0.019930,selic,2021,9,3,Sep/2021,0.019930,0.000000,
2021-09-17,0.019930,selic,2021,9,3,Sep/2021,0.019930,0.000000,
2021-09-20,0.019930,selic,2021,9,3,Sep/2021,0.019930,0.000000,
2021-09-21,0.019930,selic,2021,9,3,Sep/2021,0.019930,0.000000,
2021-09-22,0.019930,selic,2021,9,3,Sep/2021,0.019930,0.000000,
2021-09-23,0.023687,selic,2021,9,3,Sep/2021,0.020055,18.850978,
2021-09-24,0.023687,selic,2021,9,3,Sep/2021,0.020180,0.000000,
2021-09-27,0.023687,selic,2021,9,3,Sep/2021,0.020306,0.000000,
2021-09-28,0.023687,selic,2021,9,3,Sep/2021,0.020431,0.000000,
2021-09-29,0.023687,selic,2021,9,3,Sep/2021,0.020556,0.000000,
2021-09-30,0.023687,selic,2021,9,3,Sep/2021,0.020681,0.000000,
2021-10-01,0.023687,selic,2021,10,4,Oct/2021,0.020807,0.000000,
2021-10-04,0.023687,selic,2021,10,4,Oct/2021,0.020932,0.000000,
2021-10-05,0.023687,selic,2021,10,4,Oct/2021,0.021057,0.000000,
2021-10-06,0.023687,selic,2021,10,4,Oct/2021,0.021182,0.000000,
2021-10-07,0.023687,selic,2021,10,4,Oct/2021,0.021308,0.000000,
2021-10-08,0.023687,selic,2021,10,4,Oct/2021,0.021433,0.000000,
2021-10-11,0.023687,selic,2021,10,4,Oct/2021,0.021558,0.000000,
2021-10-13,0.023687,selic,2021,10,4,Oct/2021,0.021683,0.000000,
2021-10-14,0.023687,selic,2021,10,4,Oct/2021,0.021809,0.000000,
2021-10-15,0.023687,selic,2021,10,4,Oct/2021,0.021934,0.000000,
2021-10-18,0.023687,selic,2021,10,4,Oct/2021,0.022059,0.000000,
2021-10-19,0.023687,selic,2021,10,4,Oct/2021,0.022184,0.000000,
2021-10-20,0.023687,selic,2021,10,4,Oct/2021,0.022309,0.000000,
2021-10-21,0.023687,selic,2021,10,4,Oct/2021,0.022435,0.000000,
2021-10-22,0.023687,selic,2021,10,4,Oct/2021,0.022560,0.000000,
2021-10-25,0.023687,selic,2021,10,4,Oct/2021,0.022685,0.000000,
2021-10-26,0.023687,selic,2021,10,4,Oct/2021,0.022810,0.000000,
2021-10-27,0.023687,selic,2021,10,4,Oct/2021,0.022936,0.000000,
2021-10-28,0.029256,selic,2021,10,4,Oct/2021,0.023246,23.510787,
2021-10-29,0.029256,selic,2021,10,4,Oct/2021,0.023557,0.000000,
2021-11-01,0.029256,selic,2021,11,4,Nov/2021,0.023868,0.000000,
2021-11-03,0.029256,selic,2021,11,4,Nov/2021,0.024179,0.000000,
2021-11-04,0.029256,selic,2021,11,4,Nov/2021,0.024490,0.000000,
2021-11-05,0.029256,selic,2021,11,4,Nov/2021,0.024801,0.000000,
2021-11-08,0.029256,selic,2021,11,4,Nov/2021,0.024986,0.000000,
2021-11-09,0.029256,selic,2021,11,4,Nov/2021,0.025172,0.000000,
2021-11-10,0.029256,selic,2021,11,4,Nov/2021,0.025358,0.000000,
2021-11-11,0.029256,selic,2021,11,4,Nov/2021,0.025543,0.000000,
2021-11-12,0.029256,selic,2021,11,4,Nov/2021,0.025729,0.000000,
2021-11-16,0.029256,selic,2021,11,4,Nov/2021,0.025915,0.000000,
2021-11-17,0.029256,selic,2021,11,4,Nov/2021,0.026100,0.000000,
2021-11-18,0.029256,selic,2021,11,4,Nov/2021,0.026286,0.000000,
2021-11-19,0.029256,selic,2021,11,4,Nov/2021,0.026471,0.000000,
2021-11-22,0.029256,selic,2021,11,4,Nov/2021,0.026657,0.000000,
2021-11-23,0.029256,selic,2021,11,4,Nov/2021,0.026843,0.000000,
2021-11-24,0.029256,selic,2021,11,4,Nov/2021,0.027028,0.000000,
2021-11-25,0.029256,selic,2021,11,4,Nov/2021,0.027214,0.000000,
2021-11-26,0.029256,selic,2021,11,4,Nov/2021,0.027400,0.000000,
2021-11-29,0.029256,selic,2021,11,4,Nov/2021,0.027585,0.000000,
2021-11-30,0.029256,selic,2021,11,4,Nov/2021,0.027771,0.000000,
2021-12-01,0.029256,selic,2021,12,4,Dec/2021,0.027957,0.000000,
2021-12-02,0.029256,selic,2021,12,4,Dec/2021,0.028142,0.000000,
2021-12-03,0.029256,selic,2021,12,4,Dec/2021,0.028328,0.000000,
2021-12-06,0.029256,selic,2021,12,4,Dec/2021,0.028513,0.000000,
2021-12-07,0.029256,selic,2021,12,4,Dec/2021,0.028699,0.000000,
2021-12-08,0.029256,selic,2021,12,4,Dec/2021,0.028885,0.000000,
2021-12-09,0.034749,selic,2021,12,4,Dec/2021,0.029253,18.775636,
2021-12-10,0.034749,selic,2021,12,4,Dec/2021,0.029622,0.000000,
2021-12-13,0.034749,selic,2021,12,4,Dec/2021,0.029805,0.000000,
2021-12-14,0.034749,selic,2021,12,4,Dec/2021,0.029988,0.000000,
2021-12-15,0.034749,selic,2021,12,4,Dec/2021,0.030172,0.000000,
2021-12-16,0.034749,selic,2021,12,4,Dec/2021,0.030355,0.000000,
2021-12-17,0.034749,selic,2021,12,4,Dec/2021,0.030538,0.000000,
2021-12-20,0.034749,selic,2021,12,4,Dec/2021,0.030721,0.000000,
2021-12-21,0.034749,selic,2021,12,4,Dec/2021,0.030904,0.000000,
2021-12-22,0.034749,selic,2021,12,4,Dec/2021,0.031087,0.000000,
2021-12-23,0.034749,selic,2021,12,4,Dec/2021,0.031270,0.000000,
2021-12-24,0.034749,selic,2021,12,4,Dec/2021,0.031453,0.000000,
2021-12-27,0.034749,selic,2021,12,4,Dec/2021,0.031636,0.000000,
2021-12-28,0.034749,selic,2021,12,4,Dec/2021,0.031819,0.000000,
2021-12-29,0.034749,selic,2021,12,4,Dec/2021,0.032003,0.000000,
2021-12-30,0.034749,selic,2021,12,4,Dec/2021,0.032186,0.000000,
2021-12-31,0.034749,selic,2021,12,4,Dec/2021,0.032369,0.000000,
2022-01-03,0.034749,selic,2022,1,1,Jan/2022,0.032552,0.000000,
2022-01-04,0.034749,selic,2022,1,1,Jan/2022,0.032735,0.000000,
2022-01-05,0.034749,selic,2022,1,1,Jan/2022,0.032918,0.000000,
2022-01-06,0.034749,selic,2022,1,1,Jan/2022,0.033101,0.000000,
2022-01-07,0.034749,selic,2022,1,1,Jan/2022,0.033284,0.000000,
2022-01-10,0.034749,selic,2022,1,1,Jan/2022,0.033467,0.000000,
2022-01-11,0.034749,selic,2022,1,1,Jan/2022,0.033650,0.000000,
2022-01-12,0.034749,selic,2022,1,1,Jan/2022,0.033834,0.000000,
2022-01-13,0.034749,selic,2022,1,1,Jan/2022,0.034017,0.000000,
2022-01-14,0.034749,selic,2022,1,1,Jan/2022,0.034200,0.000000,
2022-01-17,0.034749,selic,2022,1,1,Jan/2022,0.034383,0.000000,
2022-01-18,0.034749,selic,2022,1,1,Jan/2022,0.034566,0.000000,
2022-01-19,0.034749,selic,2022,1,1,Jan/2022,0.034749,0.000000,
2022-01-20,0.034749,selic,2022,1,1,Jan/2022,0.034749,0.000000,
2022-01-21,0.034749,selic,2022,1,1,Jan/2022,0.034749,0.000000,
2022-01-24,0.034749,selic,2022,1,1,Jan/2022,0.034749,0.000000,
2022-01-25,0.034749,selic,2022,1,1,Jan/2022,0.034749,0.000000,
2022-01-26,0.034749,selic,2022,1,1,Jan/2022,0.034749,0.000000,
2022-01-27,0.034749,selic,2022,1,1,Jan/2022,0.034749,0.000000,
2022-01-28,0.034749,selic,2022,1,1,Jan/2022,0.034749,0.000000,
2022-01-31,0.034749,selic,2022,1,1,Jan/2022,0.034749,0.000000,
2022-02-01,0.034749,selic,2022,2,1,Feb/2022,0.034749,0.000000,
2022-02-02,0.034749,selic,2022,2,1,Feb/2022,0.034749,0.000000,
2022-02-03,0.040168,selic,2022,2,1,Feb/2022,0.034930,15.594693,
2022-02-04,0.040168,selic,2022,2,1,Feb/2022,0.035110,0.000000,
2022-02-07,0.040168,selic,2022,2,1,Feb/2022,0.035291,0.000000,
2022-02-08,0.040168,selic,2022,2,1,Feb/2022,0.035472,0.000000,
2022-02-09,0.040168,selic,2022,2,1,Feb/2022,0.035652,0.000000,
2022-02-10,0.040168,selic,2022,2,1,Feb/2022,0.035833,0.000000,
2022-02-11,0.040168,selic,2022,2,1,Feb/2022,0.036013,0.000000,
2022-02-14,0.040168,selic,2022,2,1,Feb/2022,0.036194,0.000000,
2022-02-15,0.040168,selic,2022,2,1,Feb/2022,0.036375,0.000000,
2022-02-16,0.040168,selic,2022,2,1,Feb/2022,0.036555,0.000000,
2022-02-17,0.040168,selic,2022,2,1,Feb/2022,0.036736,0.000000,
2022-02-18,0.040168,selic,2022,2,1,Feb/2022,0.036917,0.000000,
2022-02-21,0.040168,selic,2022,2,1,Feb/2022,0.037097,0.000000,
2022-02-22,0.040168,selic,2022,2,1,Feb/2022,0.037278,0.000000,
2022-02-23,0.040168,selic,2022,2,1,Feb/2022,0.037458,0.000000,
2022-02-24,0.040168,selic,2022,2,1,Feb/2022,0.037639,0.000000,
2022-02-25,0.040168,selic,2022,2,1,Feb/2022,0.037820,0.000000,
2022-03-02,0.040168,selic,2022,3,1,Mar/2022,0.038000,0.000000,
2022-03-03,0.040168,selic,2022,3,1,Mar/2022,0.038181,0.000000,
2022-03-04,0.040168,selic,2022,3,1,Mar/2022,0.038362,0.000000,
2022-03-07,0.040168,selic,2022,3,1,Mar/2022,0.038542,0.000000,
2022-03-08,0.040168,selic,2022,3,1,Mar/2022,0.038723,0.000000,
2022-03-09,0.040168,selic,2022,3,1,Mar/2022,0.038904,0.000000,
2022-03-10,0.040168,selic,2022,3,1,Mar/2022,0.039084,0.000000,
2022-03-11,0.040168,selic,2022,3,1,Mar/2022,0.039265,0.000000,
2022-03-14,0.040168,selic,2022,3,1,Mar/2022,0.039445,0.000000,
2022-03-15,0.040168,selic,2022,3,1,Mar/2022,0.039626,0.000000,
2022-03-16,0.040168,selic,2022,3,1,Mar/2022,0.039807,0.000000,
2022-03-17,0.043739,selic,2022,3,1,Mar/2022,0.040106,8.890161,
2022-03-18,0.043739,selic,2022,3,1,Mar/2022,0.040406,0.000000,
2022-03-21,0.043739,selic,2022,3,1,Mar/2022,0.040525,0.000000,
2022-03-22,0.043739,selic,2022,3,1,Mar/2022,0.040644,0.000000,
2022-03-23,0.043739,selic,2022,3,1,Mar/2022,0.040763,0.000000,
2022-03-24,0.043739,selic,2022,3,1,Mar/2022,0.040882,0.000000,
2022-03-25,0.043739,selic,2022,3,1,Mar/2022,0.041001,0.000000,
2022-03-28,0.043739,selic,2022,3,1,Mar/2022,0.041120,0.000000,
2022-03-29,0.043739,selic,2022,3,1,Mar/2022,0.041239,0.000000,
2022-03-30,0.043739,selic,2022,3,1,Mar/2022,0.041358,0.000000,
2022-03-31,0.043739,selic,2022,3,1,Mar/2022,0.041477,0.000000,
2022-04-01,0.043739,selic,2022,4,2,Apr/2022,0.041596,0.000000,
2022-04-04,0.043739,selic,2022,4,2,Apr/2022,0.041715,0.000000,
2022-04-05,0.043739,selic,2022,4,2,Apr/2022,0.041834,0.000000,
2022-04-06,0.043739,selic,2022,4,2,Apr/2022,0.041953,0.000000,
2022-04-07,0.043739,selic,2022,4,2,Apr/2022,0.042073,0.000000,
2022-04-08,0.043739,selic,2022,4,2,Apr/2022,0.042192,0.000000,
2022-04-11,0.043739,selic,2022,4,2,Apr/2022,0.042311,0.000000,
2022-04-12,0.043739,selic,2022,4,2,Apr/2022,0.042430,0.000000,
2022-04-13,0.043739,selic,2022,4,2,Apr/2022,0.042549,0.000000,
2022-04-14,0.043739,selic,2022,4,2,Apr/2022,0.042668,0.000000,
2022-04-18,0.043739,selic,2022,4,2,Apr/2022,0.042787,0.000000,
2022-04-19,0.043739,selic,2022,4,2,Apr/2022,0.042906,0.000000,
2022-04-20,0.043739,selic,2022,4,2,Apr/2022,0.043025,0.000000,
2022-04-22,0.043739,selic,2022,4,2,Apr/2022,0.043144,0.000000,
2022-04-25,0.043739,selic,2022,4,2,Apr/2022,0.043263,0.000000,
2022-04-26,0.043739,selic,2022,4,2,Apr/2022,0.043382,0.000000,
2022-04-27,0.043739,selic,2022,4,2,Apr/2022,0.043501,0.000000,
2022-04-28,0.043739,selic,2022,4,2,Apr/2022,0.043620,0.000000,
2022-04-29,0.043739,selic,2022,4,2,Apr/2022,0.043739,0.000000,
2022-05-02,0.043739,selic,2022,5,2,May/2022,0.043739,0.000000,
2022-05-03,0.043739,selic,2022,5,2,May/2022,0.043739,0.000000,
2022-05-04,0.043739,selic,2022,5,2,May/2022,0.043739,0.000000,
2022-05-05,0.047279,selic,2022,5,2,May/2022,0.043857,8.093463,
2022-05-06,0.047279,selic,2022,5,2,May/2022,0.043975,0.000000,
2022-05-09,0.047279,selic,2022,5,2,May/2022,0.044093,0.000000,
2022-05-10,0.047279,selic,2022,5,2,May/2022,0.044211,0.000000,
2022-05-11,0.047279,selic,2022,5,2,May/2022,0.044329,0.000000,
2022-05-12,0.047279,selic,2022,5,2,May/2022,0.044447,0.000000,
2022-05-13,0.047279,selic,2022,5,2,May/2022,0.044565,0.000000,
2022-05-16,0.047279,selic,2022,5,2,May/2022,0.044683,0.000000,
2022-05-17,0.047279,selic,2022,5,2,May/2022,0.044801,0.000000,
2022-05-18,0.047279,selic,2022,5,2,May/2022,0.044919,0.000000,
2022-05-19,0.047279,selic,2022,5,2,May/2022,0.045037,0.000000,
2022-05-20,0.047279,selic,2022,5,2,May/2022,0.045155,0.000000,
2022-05-23,0.047279,selic,2022,5,2,May/2022,0.045273,0.000000,
2022-05-24,0.047279,selic,2022,5,2,May/2022,0.045391,0.000000,
2022-05-25,0.047279,selic,2022,5,2,May/2022,0.045509,0.000000,
2022-05-26,0.047279,selic,2022,5,2,May/2022,0.045627,0.000000,
2022-05-27,0.047279,selic,2022,5,2,May/2022,0.045745,0.000000,
2022-05-30,0.047279,selic,2022,5,2,May/2022,0.045863,0.000000,
2022-05-31,0.047279,selic,2022,5,2,May/2022,0.045981,0.000000,
2022-06-01,0.047279,selic,2022,6,2,Jun/2022,0.046099,0.000000,
2022-06-02,0.047279,selic,2022,6,2,Jun/2022,0.046217,0.000000,
2022-06-03,0.047279,selic,2022,6,2,Jun/2022,0.046335,0.000000,
2022-06-06,0.047279,selic,2022,6,2,Jun/2022,0.046453,0.000000,
2022-06-07,0.047279,selic,2022,6,2,Jun/2022,0.046571,0.000000,
2022-06-08,0.047279,selic,2022,6,2,Jun/2022,0.046689,0.000000,
2022-06-09,0.047279,selic,2022,6,2,Jun/2022,0.046807,0.000000,
2022-06-10,0.047279,selic,2022,6,2,Jun/2022,0.046925,0.000000,
2022-06-13,0.047279,selic,2022,6,2,Jun/2022,0.047043,0.000000,
2022-06-14,0.047279,selic,2022,6,2,Jun/2022,0.047161,0.000000,
2022-06-15,0.047279,selic,2022,6,2,Jun/2022,0.047279,0.000000,
2022-06-17,0.049037,selic,2022,6,2,Jun/2022,0.047338,3.718353,
2022-06-20,0.049037,selic,2022,6,2,Jun/2022,0.047396,0.000000,
2022-06-21,0.049037,selic,2022,6,2,Jun/2022,0.047455,0.000000,
2022-06-22,0.049037,selic,2022,6,2,Jun/2022,0.047513,0.000000,
2022-06-23,0.049037,selic,2022,6,2,Jun/2022,0.047572,0.000000,
2022-06-24,0.049037,selic,2022,6,2,Jun/2022,0.047631,0.000000,
2022-06-27,0.049037,selic,2022,6,2,Jun/2022,0.047689,0.000000,
2022-06-28,0.049037,selic,2022,6,2,Jun/2022,0.047748,0.000000,
2022-06-29,0.049037,selic,2022,6,2,Jun/2022,0.047806,0.000000,
2022-06-30,0.049037,selic,2022,6,2,Jun/2022,0.047865,0.000000,
2022-07-01,0.049037,selic,2022,7,3,Jul/2022,0.047924,0.000000,
2022-07-04,0.049037,selic,2022,7,3,Jul/2022,0.047982,0.000000,
2022-07-05,0.049037,selic,2022,7,3,Jul/2022,0.048041,0.000000,
2022-07-06,0.049037,selic,2022,7,3,Jul/2022,0.048099,0.000000,
2022-07-07,0.049037,selic,2022,7,3,Jul/2022,0.048158,0.000000,
2022-07-08,0.049037,selic,2022,7,3,Jul/2022,0.048217,0.000000,
2022-07-11,0.049037,selic,2022,7,3,Jul/2022,0.048275,0.000000,
2022-07-12,0.049037,selic,2022,7,3,Jul/2022,0.048334,0.000000,
2022-07-13,0.049037,selic,2022,7,3,Jul/2022,0.048392,0.000000,
2022-07-14,0.049037,selic,2022,7,3,Jul/2022,0.048451,0.000000,
2022-07-15,0.049037,selic,2022,7,3,Jul/2022,0.048510,0.000000,
2022-07-18,0.049037,selic,2022,7,3,Jul/2022,0.048568,0.000000,
2022-07-19,0.049037,selic,2022,7,3,Jul/2022,0.048627,0.000000,
2022-07-20,0.049037,selic,2022,7,3,Jul/2022,0.048685,0.000000,
2022-07-21,0.049037,selic,2022,7,3,Jul/2022,0.048744,0.000000,
2022-07-22,0.049037,selic,2022,7,3,Jul/2022,0.048803,0.000000,
2022-07-25,0.049037,selic,2022,7,3,Jul/2022,0.048861,0.000000,
2022-07-26,0.049037,selic,2022,7,3,Jul/2022,0.048920,0.000000,
2022-07-27,0.049037,selic,2022,7,3,Jul/2022,0.048978,0.000000,
2022-07-28,0.049037,selic,2022,7,3,Jul/2022,0.049037,0.000000,
2022-07-29,0.049037,selic,2022,7,3,Jul/2022,0.049037,0.000000,
2022-08-01,0.049037,selic,2022,8,3,Aug/2022,0.049037,0.000000,
2022-08-02,0.049037,selic,2022,8,3,Aug/2022,0.049037,0.000000,
2022-08-03,0.049037,selic,2022,8,3,Aug/2022,0.049037,0.000000,
2022-08-04,0.050788,selic,2022,8,3,Aug/2022,0.049095,3.570773,
2022-08-05,0.050788,selic,2022,8,3,Aug/2022,0.049154,0.000000,
2022-08-08,0.050788,selic,2022,8,3,Aug/2022,0.049212,0.000000,
2022-08-09,0.050788,selic,2022,8,3,Aug/2022,0.049270,0.000000,
2022-08-10,0.050788,selic,2022,8,3,Aug/2022,0.049329,0.000000,
2022-08-11,0.050788,selic,2022,8,3,Aug/2022,0.049387,0.000000,
2022-08-12,0.050788,selic,2022,8,3,Aug/2022,0.049446,0.000000,
2022-08-15,0.050788,selic,2022,8,3,Aug/2022,0.049504,0.000000,
2022-08-16,0.050788,selic,2022,8,3,Aug/2022,0.049562,0.000000,
2022-08-17,0.050788,selic,2022,8,3,Aug/2022,0.049621,0.000000,
2022-08-18,0.050788,selic,2022,8,3,Aug/2022,0.049679,0.000000,
2022-08-19,0.050788,selic,2022,8,3,Aug/2022,0.049737,0.000000,
2022-08-22,0.050788,selic,2022,8,3,Aug/2022,0.049796,0.000000,
2022-08-23,0.050788,selic,2022,8,3,Aug/2022,0.049854,0.000000,
2022-08-24,0.050788,selic,2022,8,3,Aug/2022,0.049912,0.000000,
2022-08-25,0.050788,selic,2022,8,3,Aug/2022,0.049971,0.000000,
2022-08-26,0.050788,selic,2022,8,3,Aug/2022,0.050029,0.000000,
2022-08-29,0.050788,selic,2022,8,3,Aug/2022,0.050088,0.000000,
2022-08-30,0.050788,selic,2022,8,3,Aug/2022,0.050146,0.000000,
2022-08-31,0.050788,selic,2022,8,3,Aug/2022,0.050204,0.000000,
2022-09-01,0.050788,selic,2022,9,3,Sep/2022,0.050263,0.000000,
2022-09-02,0.050788,selic,2022,9,3,Sep/2022,0.050321,0.000000,
2022-09-05,0.050788,selic,2022,9,3,Sep/2022,0.050379,0.000000,
2022-09-06,0.050788,selic,2022,9,3,Sep/2022,0.050438,0.000000,
2022-09-08,0.050788,selic,2022,9,3,Sep/2022,0.050496,0.000000,
2022-09-09,0.050788,selic,2022,9,3,Sep/2022,0.050555,0.000000,
2022-09-12,0.050788,selic,2022,9,3,Sep/2022,0.050613,0.000000,
2022-09-13,0.050788,selic,2022,9,3,Sep/2022,0.050671,0.000000,
2022-09-14,0.050788,selic,2022,9,3,Sep/2022,0.050730,0.000000,
2022-09-15,0.050788,selic,2022,9,3,Sep/2022,0.050788,0.000000,
2022-09-16,0.050788,selic,2022,9,3,Sep/2022,0.050788,0.000000,
2022-09-19,0.050788,selic,2022,9,3,Sep/2022,0.050788,0.000000,
2022-09-20,0.050788,selic,2022,9,3,Sep/2022,0.050788,0.000000,
2022-09-21,0.050788,selic,2022,9,3,Sep/2022,0.050788,0.000000,
2022-09-22,0.050788,selic,2022,9,3,Sep/2022,0.050788,0.000000,
2022-09-23,0.050788,selic,2022,9,3,Sep/2022,0.050788,0.000000,
2022-09-26,0.050788,selic,2022,9,3,Sep/2022,0.050788,0.000000,
2022-09-27,0.050788,selic,2022,9,3,Sep/2022,0.050788,0.000000,
2022-09-28,0.050788,selic,2022,9,3,Sep/2022,0.050788,0.000000,
2022-09-29,0.050788,selic,2022,9,3,Sep/2022,0.050788,0.000000,
2022-09-30,0.050788,selic,2022,9,3,Sep/2022,0.050788,0.000000,
2022-10-03,0.050788,selic,2022,10,4,Oct/2022,0.050788,0.000000,
2022-10-04,0.050788,selic,2022,10,4,Oct/2022,0.050788,0.000000,
2022-10-05,0.050788,selic,2022,10,4,Oct/2022,0.050788,0.000000,
2022-10-06,0.050788,selic,2022,10,4,Oct/2022,0.050788,0.000000,
2022-10-07,0.050788,selic,2022,10,4,Oct/2022,0.050788,0.000000,
2022-10-10,0.050788,selic,2022,10,4,Oct/2022,0.050788,0.000000,
2022-10-11,0.050788,selic,2022,10,4,Oct/2022,0.050788,0.000000,
2022-10-13,0.050788,selic,2022,10,4,Oct/2022,0.050788,0.000000,
2022-10-14,0.050788,selic,2022,10,4,Oct/2022,0.050788,0.000000,
2022-10-17,0.050788,selic,2022,10,4,Oct/2022,0.050788,0.000000,
2022-10-18,0.050788,selic,2022,10,4,Oct/2022,0.050788,0.000000,
2022-10-19,0.050788,selic,2022,10,4,Oct/2022,0.050788,0.000000,
2022-10-20,0.050788,selic,2022,10,4,Oct/2022,0.050788,0.000000,
2022-10-21,0.050788,selic,2022,10,4,Oct/2022,0.050788,0.000000,
2022-10-24,0.050788,selic,2022,10,4,Oct/2022,0.050788,0.000000,
2022-10-25,0.050788,selic,2022,10,4,Oct/2022,0.050788,0.000000,
2022-10-26,0.050788,selic,2022,10,4,Oct/2022,0.050788,0.000000,
2022-10-27,0.050788,selic,2022,10,4,Oct/2022,0.050788,0.000000,
2022-10-28,0.050788,selic,2022,10,4,Oct/2022,0.050788,0.000000,
2022-10-31,0.050788,selic,2022,10,4,Oct/2022,0.050788,0.000000,
2022-11-01,0.050788,selic,2022,11,4,Nov/2022,0.050788,0.000000,
2022-11-03,0.050788,selic,2022,11,4,Nov/2022,0.050788,0.000000,
2022-11-04,0.050788,selic,2022,11,4,Nov/2022,0.050788,0.000000,
2022-11-07,0.050788,selic,2022,11,4,Nov/2022,0.050788,0.000000,
2022-11-08,0.050788,selic,2022,11,4,Nov/2022,0.050788,0.000000,
2022-11-09,0.050788,selic,2022,11,4,Nov/2022,0.050788,0.000000,
2022-11-10,0.050788,selic,2022,11,4,Nov/2022,0.050788,0.000000,
2022-11-11,0.050788,selic,2022,11,4,Nov/2022,0.050788,0.000000,
2022-11-14,0.050788,selic,2022,11,4,Nov/2022,0.050788,0.000000,
2022-11-16,0.050788,selic,2022,11,4,Nov/2022,0.050788,0.000000,
2022-11-17,0.050788,selic,2022,11,4,Nov/2022,0.050788,0.000000,
2022-11-18,0.050788,selic,2022,11,4,Nov/2022,0.050788,0.000000,
2022-11-21,0.050788,selic,2022,11,4,Nov/2022,0.050788,0.000000,
2022-11-22,0.050788,selic,2022,11,4,Nov/2022,0.050788,0.000000,
2022-11-23,0.050788,selic,2022,11,4,Nov/2022,0.050788,0.000000,
2022-11-24,0.050788,selic,2022,11,4,Nov/2022,0.050788,0.000000,
2022-11-25,0.050788,selic,2022,11,4,Nov/2022,0.050788,0.000000,
2022-11-28,0.050788,selic,2022,11,4,Nov/2022,0.050788,0.000000,
2022-11-29,0.050788,selic,2022,11,4,Nov/2022,0.050788,0.000000,
2022-11-30,0.050788,selic,2022,11,4,Nov/2022,0.050788,0.000000,
2022-12-01,0.050788,selic,2022,12,4,Dec/2022,0.050788,0.000000,
2022-12-02,0.050788,selic,2022,12,4,Dec/2022,0.050788,0.000000,
2022-12-05,0.050788,selic,2022,12,4,Dec/2022,0.050788,0.000000,
2022-12-06,0.050788,selic,2022,12,4,Dec/2022,0.050788,0.000000,
2022-12-07,0.050788,selic,2022,12,4,Dec/2022,0.050788,0.000000,
2022-12-08,0.050788,selic,2022,12,4,Dec/2022,0.050788,0.000000,
2022-12-09,0.050788,selic,2022,12,4,Dec/2022,0.050788,0.000000,
2022-12-12,0.050788,selic,2022,12,4,Dec/2022,0.050788,0.000000,
2022-12-13,0.050788,selic,2022,12,4,Dec/2022,0.050788,0.000000,
2022-12-14,0.050788,selic,2022,12,4,Dec/2022,0.050788,0.000000,
2022-12-15,0.050788,selic,2022,12,4,Dec/2022,0.050788,0.000000,
2022-12-16,0.050788,selic,2022,12,4,Dec/2022,0.050788,0.000000,
2022-12-19,0.050788,selic,2022,12,4,Dec/2022,0.050788,0.000000,
2022-12-20,0.050788,selic,2022,12,4,Dec/2022,0.050788,0.000000,
2022-12-21,0.050788,selic,2022,12,4,Dec/2022,0.050788,0.000000,
2022-12-22,0.050788,selic,2022,12,4,Dec/2022,0.050788,0.000000,
2022-12-23,0.050788,selic,2022,12,4,Dec/2022,0.050788,0.000000,
2022-12-26,0.050788,selic,2022,12,4,Dec/2022,0.050788,0.000000,
2022-12-27,0.050788,selic,2022,12,4,Dec/2022,0.050788,0.000000,
2022-12-28,0.050788,selic,2022,12,4,Dec/2022,0.050788,0.000000,
2022-12-29,0.050788,selic,2022,12,4,Dec/2022,0.050788,0.000000,
2022-12-30,0.050788,selic,2022,12,4,Dec/2022,0.050788,0.000000,
2023-01-02,0.050788,selic,2023,1,1,Jan/2023,0.050788,0.000000,
2023-01-03,0.050788,selic,2023,1,1,Jan/2023,0.050788,0.000000,
2023-01-04,0.050788,selic,2023,1,1,Jan/2023,0.050788,0.000000,
2023-01-05,0.050788,selic,2023,1,1,Jan/2023,0.050788,0.000000,
2023-01-06,0.050788,selic,2023,1,1,Jan/2023,0.050788,0.000000,
2023-01-09,0.050788,selic,2023,1,1,Jan/2023,0.050788,0.000000,
2023-01-10,0.050788,selic,2023,1,1,Jan/2023,0.050788,0.000000,
2023-01-11,0.050788,selic,2023,1,1,Jan/2023,0.050788,0.000000,
2023-01-12,0.050788,selic,2023,1,1,Jan/2023,0.050788,0.000000,
2023-01-13,0.050788,selic,2023,1,1,Jan/2023,0.050788,0.000000,
2023-01-16,0.050788,selic,2023,1,1,Jan/2023,0.050788,0.000000,
2023-01-17,0.050788,selic,2023,1,1,Jan/2023,0.050788,0.000000,
2023-01-18,0.050788,selic,2023,1,1,Jan/2023,0.050788,0.000000,
2023-01-19,0.050788,selic,2023,1,1,Jan/2023,0.050788,0.000000,
2023-01-20,0.050788,selic,2023,1,1,Jan/2023,0.050788,0.000000,
2023-01-23,0.050788,selic,2023,1,1,Jan/2023,0.050788,0.000000,
2023-01-24,0.050788,selic,2023,1,1,Jan/2023,0.050788,0.000000,
2023-01-25,0.050788,selic,2023,1,1,Jan/2023,0.050788,0.000000,
2023-01-26,0.050788,selic,2023,1,1,Jan/2023,0.050788,0.000000,
2023-01-27,0.050788,selic,2023,1,1,Jan/2023,0.050788,0.000000,
2023-01-30,0.050788,selic,2023,1,1,Jan/2023,0.050788,0.000000,
2023-01-31,0.050788,selic,2023,1,1,Jan/2023,0.050788,0.000000,
2023-02-01,0.050788,selic,2023,2,1,Feb/2023,0.050788,0.000000,
2023-02-02,0.050788,selic,2023,2,1,Feb/2023,0.050788,0.000000,
2023-02-03,0.050788,selic,2023,2,1,Feb/2023,0.050788,0.000000,
2023-02-06,0.050788,selic,2023,2,1,Feb/2023,0.050788,0.000000,
2023-02-07,0.050788,selic,2023,2,1,Feb/2023,0.050788,0.000000,
2023-02-08,0.050788,selic,2023,2,1,Feb/2023,0.050788,0.000000,
2023-02-09,0.050788,selic,2023,2,1,Feb/2023,0.050788,0.000000,
2023-02-10,0.050788,selic,2023,2,1,Feb/2023,0.050788,0.000000,
2023-02-13,0.050788,selic,2023,2,1,Feb/2023,0.050788,0.000000,
2023-02-14,0.050788,selic,2023,2,1,Feb/2023,0.050788,0.000000,
2023-02-15,0.050788,selic,2023,2,1,Feb/2023,0.050788,0.000000,
2023-02-16,0.050788,selic,2023,2,1,Feb/2023,0.050788,0.000000,
2023-02-17,0.050788,selic,2023,2,1,Feb/2023,0.050788,0.000000,
2023-02-22,0.050788,selic,2023,2,1,Feb/2023,0.050788,0.000000,
2023-02-23,0.050788,selic,2023,2,1,Feb/2023,0.050788,0.000000,
2023-02-24,0.050788,selic,2023,2,1,Feb/2023,0.050788,0.000000,
2023-02-27,0.050788,selic,2023,2,1,Feb/2023,0.050788,0.000000,
2023-02-28,0.050788,selic,2023,2,1,Feb/2023,0.050788,0.000000,
2023-03-01,0.050788,selic,2023,3,1,Mar/2023,0.050788,0.000000,
2023-03-02,0.050788,selic,2023,3,1,Mar/2023,0.050788,0.000000,
2023-03-03,0.050788,selic,2023,3,1,Mar/2023,0.050788,0.000000,
2023-03-06,0.050788,selic,2023,3,1,Mar/2023,0.050788,0.000000,
2023-03-07,0.050788,selic,2023,3,1,Mar/2023,0.050788,0.000000,
2023-03-08,0.050788,selic,2023,3,1,Mar/2023,0.050788,0.000000,
2023-03-09,0.050788,selic,2023,3,1,Mar/2023,0.050788,0.000000,
2023-03-10,0.050788,selic,2023,3,1,Mar/2023,0.050788,0.000000,
2023-03-13,0.050788,selic,2023,3,1,Mar/2023,0.050788,0.000000,
2023-03-14,0.050788,selic,2023,3,1,Mar/2023,0.050788,0.000000,
2023-03-15,0.050788,selic,2023,3,1,Mar/2023,0.050788,0.000000,
2023-03-16,0.050788,selic,2023,3,1,Mar/2023,0.050788,0.000000,
2023-03-17,0.050788,selic,2023,3,1,Mar/2023,0.050788,0.000000,
2023-03-20,0.050788,selic,2023,3,1,Mar/2023,0.050788,0.000000,
2023-03-21,0.050788,selic,2023,3,1,Mar/2023,0.050788,0.000000,
2023-03-22,0.050788,selic,2023,3,1,Mar/2023,0.050788,0.000000,
2023-03-23,0.050788,selic,2023,3,1,Mar/2023,0.050788,0.000000,
2023-03-24,0.050788,selic,2023,3,1,Mar/2023,0.050788,0.000000,
2023-03-27,0.050788,selic,2023,3,1,Mar/2023,0.050788,0.000000,
2023-03-28,0.050788,selic,2023,3,1,Mar/2023,0.050788,0.000000,
2023-03-29,0.050788,selic,2023,3,1,Mar/2023,0.050788,0.000000,
2023-03-30,0.050788,selic,2023,3,1,Mar/2023,0.050788,0.000000,
2023-03-31,0.050788,selic,2023,3,1,Mar/2023,0.050788,0.000000,
2023-04-03,0.050788,selic,2023,4,2,Apr/2023,0.050788,0.000000,
2023-04-04,0.050788,selic,2023,4,2,Apr/2023,0.050788,0.000000,
2023-04-05,0.050788,selic,2023,4,2,Apr/2023,0.050788,0.000000,
2023-04-06,0.050788,selic,2023,4,2,Apr/2023,0.050788,0.000000,
2023-04-10,0.050788,selic,2023,4,2,Apr/2023,0.050788,0.000000,
2023-04-11,0.050788,selic,2023,4,2,Apr/2023,0.050788,0.000000,
2023-04-12,0.050788,selic,2023,4,2,Apr/2023,0.050788,0.000000,
2023-04-13,0.050788,selic,2023,4,2,Apr/2023,0.050788,0.000000,
2023-04-14,0.050788,selic,2023,4,2,Apr/2023,0.050788,0.000000,
2023-04-17,0.050788,selic,2023,4,2,Apr/2023,0.050788,0.000000,
2023-04-18,0.050788,selic,2023,4,2,Apr/2023,0.050788,0.000000,
2023-04-19,0.050788,selic,2023,4,2,Apr/2023,0.050788,0.000000,
2023-04-20,0.050788,selic,2023,4,2,Apr/2023,0.050788,0.000000,
2023-04-24,0.050788,selic,2023,4,2,Apr/2023,0.050788,0.000000,
2023-04-25,0.050788,selic,2023,4,2,Apr/2023,0.050788,0.000000,
2023-04-26,0.050788,selic,2023,4,2,Apr/2023,0.050788,0.000000,
2023-04-27,0.050788,selic,2023,4,2,Apr/2023,0.050788,0.000000,
2023-04-28,0.050788,selic,2023,4,2,Apr/2023,0.050788,0.000000,
2023-05-02,0.050788,selic,2023,5,2,May/2023,0.050788,0.000000,
2023-05-03,0.050788,selic,2023,5,2,May/2023,0.050788,0.000000,
2023-05-04,0.050788,selic,2023,5,2,May/2023,0.050788,0.000000,
2023-05-05,0.050788,selic,2023,5,2,May/2023,0.050788,0.000000,
2023-05-08,0.050788,selic,2023,5,2,May/2023,0.050788,0.000000,
2023-05-09,0.050788,selic,2023,5,2,May/2023,0.050788,0.000000,
2023-05-10,0.050788,selic,2023,5,2,May/2023,0.050788,0.000000,
2023-05-11,0.050788,selic,2023,5,2,May/2023,0.050788,0.000000,
2023-05-12,0.050788,selic,2023,5,2,May/2023,0.050788,0.000000,
2023-05-15,0.050788,selic,2023,5,2,May/2023,0.050788,0.000000,
2023-05-16,0.050788,selic,2023,5,2,May/2023,0.050788,0.000000,
2023-05-17,0.050788,selic,2023,5,2,May/2023,0.050788,0.000000,
2023-05-18,0.050788,selic,2023,5,2,May/2023,0.050788,0.000000,
2023-05-19,0.050788,selic,2023,5,2,May/2023,0.050788,0.000000,
2023-05-22,0.050788,selic,2023,5,2,May/2023,0.050788,0.000000,
2023-05-23,0.050788,selic,2023,5,2,May/2023,0.050788,0.000000,
2023-05-24,0.050788,selic,2023,5,2,May/2023,0.050788,0.000000,
2023-05-25,0.050788,selic,2023,5,2,May/2023,0.050788,0.000000,
2023-05-26,0.050788,selic,2023,5,2,May/2023,0.050788,0.000000,
2023-05-29,0.050788,selic,2023,5,2,May/2023,0.050788,0.000000,
2023-05-30,0.050788,selic,2023,5,2,May/2023,0.050788,0.000000,
2023-05-31,0.050788,selic,2023,5,2,May/2023,0.050788,0.000000,
2023-06-01,0.050788,selic,2023,6,2,Jun/2023,0.050788,0.000000,
2023-06-02,0.050788,selic,2023,6,2,Jun/2023,0.050788,0.000000,
2023-06-05,0.050788,selic,2023,6,2,Jun/2023,0.050788,0.000000,
2023-06-06,0.050788,selic,2023,6,2,Jun/2023,0.050788,0.000000,
2023-06-07,0.050788,selic,2023,6,2,Jun/2023,0.050788,0.000000,
2023-06-09,0.050788,selic,2023,6,2,Jun/2023,0.050788,0.000000,
2023-06-12,0.050788,selic,2023,6,2,Jun/2023,0.050788,0.000000,
2023-06-13,0.050788,selic,2023,6,2,Jun/2023,0.050788,0.000000,
2023-06-14,0.050788,selic,2023,6,2,Jun/2023,0.050788,0.000000,
2023-06-15,0.050788,selic,2023,6,2,Jun/2023,0.050788,0.000000,
2023-06-16,0.050788,selic,2023,6,2,Jun/2023,0.050788,0.000000,
2023-06-19,0.050788,selic,2023,6,2,Jun/2023,0.050788,0.000000,
2023-06-20,0.050788,selic,2023,6,2,Jun/2023,0.050788,0.000000,
2023-06-21,0.050788,selic,2023,6,2,Jun/2023,0.050788,0.000000,
2023-06-22,0.050788,selic,2023,6,2,Jun/2023,0.050788,0.000000,
2023-06-23,0.050788,selic,2023,6,2,Jun/2023,0.050788,0.000000,
2023-06-26,0.050788,selic,2023,6,2,Jun/2023,0.050788,0.000000,
2023-06-27,0.050788,selic,2023,6,2,Jun/2023,0.050788,0.000000,
2023-06-28,0.050788,selic,2023,6,2,Jun/2023,0.050788,0.000000,
2023-06-29,0.050788,selic,2023,6,2,Jun/2023,0.050788,0.000000,
2023-06-30,0.050788,selic,2023,6,2,Jun/2023,0.050788,0.000000,
2023-07-03,0.050788,selic,2023,7,3,Jul/2023,0.050788,0.000000,
2023-07-04,0.050788,selic,2023,7,3,Jul/2023,0.050788,0.000000,
2023-07-05,0.050788,selic,2023,7,3,Jul/2023,0.050788,0.000000,
2023-07-06,0.050788,selic,2023,7,3,Jul/2023,0.050788,0.000000,
2023-07-07,0.050788,selic,2023,7,3,Jul/2023,0.050788,0.000000,
2023-07-10,0.050788,selic,2023,7,3,Jul/2023,0.050788,0.000000,
2023-07-11,0.050788,selic,2023,7,3,Jul/2023,0.050788,0.000000,
2023-07-12,0.050788,selic,2023,7,3,Jul/2023,0.050788,0.000000,
2023-07-13,0.050788,selic,2023,7,3,Jul/2023,0.050788,0.000000,
2023-07-14,0.050788,selic,2023,7,3,Jul/2023,0.050788,0.000000,
2023-07-17,0.050788,selic,2023,7,3,Jul/2023,0.050788,0.000000,
2023-07-18,0.050788,selic,2023,7,3,Jul/2023,0.050788,0.000000,
2023-07-19,0.050788,selic,2023,7,3,Jul/2023,0.050788,0.000000,
2023-07-20,0.050788,selic,2023,7,3,Jul/2023,0.050788,0.000000,
2023-07-21,0.050788,selic,2023,7,3,Jul/2023,0.050788,0.000000,
2023-07-24,0.050788,selic,2023,7,3,Jul/2023,0.050788,0.000000,
2023-07-25,0.050788,selic,2023,7,3,Jul/2023,0.050788,0.000000,
2023-07-26,0.050788,selic,2023,7,3,Jul/2023,0.050788,0.000000,
2023-07-27,0.050788,selic,2023,7,3,Jul/2023,0.050788,0.000000,
2023-07-28,0.050788,selic,2023,7,3,Jul/2023,0.050788,0.000000,
2023-07-31,0.050788,selic,2023,7,3,Jul/2023,0.050788,0.000000,
2023-08-01,0.050788,selic,2023,8,3,Aug/2023,0.050788,0.000000,
2023-08-02,0.050788,selic,2023,8,3,Aug/2023,0.050788,0.000000,
2023-08-03,0.049037,selic,2023,8,3,Aug/2023,0.050730,-3.447665,
2023-08-04,0.049037,selic,2023,8,3,Aug/2023,0.050671,0.000000,
2023-08-07,0.049037,selic,2023,8,3,Aug/2023,0.050613,0.000000,
2023-08-08,0.049037,selic,2023,8,3,Aug/2023,0.050555,0.000000,
2023-08-09,0.049037,selic,2023,8,3,Aug/2023,0.050496,0.000000,
2023-08-10,0.049037,selic,2023,8,3,Aug/2023,0.050438,0.000000,
2023-08-11,0.049037,selic,2023,8,3,Aug/2023,0.050379,0.000000,
2023-08-14,0.049037,selic,2023,8,3,Aug/2023,0.050321,0.000000,
2023-08-15,0.049037,selic,2023,8,3,Aug/2023,0.050263,0.000000,
2023-08-16,0.049037,selic,2023,8,3,Aug/2023,0.050204,0.000000,
2023-08-17,0.049037,selic,2023,8,3,Aug/2023,0.050146,0.000000,
2023-08-18,0.049037,selic,2023,8,3,Aug/2023,0.050088,0.000000,
2023-08-21,0.049037,selic,2023,8,3,Aug/2023,0.050029,0.000000,
2023-08-22,0.049037,selic,2023,8,3,Aug/2023,0.049971,0.000000,
2023-08-23,0.049037,selic,2023,8,3,Aug/2023,0.049912,0.000000,
2023-08-24,0.049037,selic,2023,8,3,Aug/2023,0.049854,0.000000,
2023-08-25,0.049037,selic,2023,8,3,Aug/2023,0.049796,0.000000,
2023-08-28,0.049037,selic,2023,8,3,Aug/2023,0.049737,0.000000,
2023-08-29,0.049037,selic,2023,8,3,Aug/2023,0.049679,0.000000,
2023-08-30,0.049037,selic,2023,8,3,Aug/2023,0.049621,0.000000,
2023-08-31,0.049037,selic,2023,8,3,Aug/2023,0.049562,0.000000,
2023-09-01,0.049037,selic,2023,9,3,Sep/2023,0.049504,0.000000,
2023-09-04,0.049037,selic,2023,9,3,Sep/2023,0.049446,0.000000,
2023-09-05,0.049037,selic,2023,9,3,Sep/2023,0.049387,0.000000,
2023-09-06,0.049037,selic,2023,9,3,Sep/2023,0.049329,0.000000,
2023-09-08,0.049037,selic,2023,9,3,Sep/2023,0.049270,0.000000,
2023-09-11,0.049037,selic,2023,9,3,Sep/2023,0.049212,0.000000,
2023-09-12,0.049037,selic,2023,9,3,Sep/2023,0.049154,0.000000,
2023-09-13,0.049037,selic,2023,9,3,Sep/2023,0.049095,0.000000,
2023-09-14,0.049037,selic,2023,9,3,Sep/2023,0.049037,0.000000,
2023-09-15,0.049037,selic,2023,9,3,Sep/2023,0.049037,0.000000,
2023-09-18,0.049037,selic,2023,9,3,Sep/2023,0.049037,0.000000,
2023-09-19,0.049037,selic,2023,9,3,Sep/2023,0.049037,0.000000,
2023-09-20,0.049037,selic,2023,9,3,Sep/2023,0.049037,0.000000,
2023-09-21,0.047279,selic,2023,9,3,Sep/2023,0.048978,-3.585048,
2023-09-22,0.047279,selic,2023,9,3,Sep/2023,0.048920,0.000000,
2023-09-25,0.047279,selic,2023,9,3,Sep/2023,0.048861,0.000000,
2023-09-26,0.047279,selic,2023,9,3,Sep/2023,0.048803,0.000000,
2023-09-27,0.047279,selic,2023,9,3,Sep/2023,0.048744,0.000000,
2023-09-28,0.047279,selic,2023,9,3,Sep/2023,0.048685,0.000000,
2023-09-29,0.047279,selic,2023,9,3,Sep/2023,0.048627,0.000000,
2023-10-02,0.047279,selic,2023,10,4,Oct/2023,0.048568,0.000000,
2023-10-03,0.047279,selic,2023,10,4,Oct/2023,0.048510,0.000000,
2023-10-04,0.047279,selic,2023,10,4,Oct/2023,0.048451,0.000000,
2023-10-05,0.047279,selic,2023,10,4,Oct/2023,0.048392,0.000000,
2023-10-06,0.047279,selic,2023,10,4,Oct/2023,0.048334,0.000000,
2023-10-09,0.047279,selic,2023,10,4,Oct/2023,0.048275,0.000000,
2023-10-10,0.047279,selic,2023,10,4,Oct/2023,0.048217,0.000000,
2023-10-11,0.047279,selic,2023,10,4,Oct/2023,0.048158,0.000000,
2023-10-13,0.047279,selic,2023,10,4,Oct/2023,0.048099,0.000000,
2023-10-16,0.047279,selic,2023,10,4,Oct/2023,0.048041,0.000000,
2023-10-17,0.047279,selic,2023,10,4,Oct/2023,0.047982,0.000000,
2023-10-18,0.047279,selic,2023,10,4,Oct/2023,0.047924,0.000000,
2023-10-19,0.047279,selic,2023,10,4,Oct/2023,0.047865,0.000000,
2023-10-20,0.047279,selic,2023,10,4,Oct/2023,0.047806,0.000000,
2023-10-23,0.047279,selic,2023,10,4,Oct/2023,0.047748,0.000000,
2023-10-24,0.047279,selic,2023,10,4,Oct/2023,0.047689,0.000000,
2023-10-25,0.047279,selic,2023,10,4,Oct/2023,0.047631,0.000000,
2023-10-26,0.047279,selic,2023,10,4,Oct/2023,0.047572,0.000000,
2023-10-27,0.047279,selic,2023,10,4,Oct/2023,0.047513,0.000000,
2023-10-30,0.047279,selic,2023,10,4,Oct/2023,0.047455,0.000000,
2023-10-31,0.047279,selic,2023,10,4,Oct/2023,0.047396,0.000000,
2023-11-01,0.047279,selic,2023,11,4,Nov/2023,0.047338,0.000000,
2023-11-03,0.045513,selic,2023,11,4,Nov/2023,0.047220,-3.735274,
2023-11-06,0.045513,selic,2023,11,4,Nov/2023,0.047161,0.000000,
2023-11-07,0.045513,selic,2023,11,4,Nov/2023,0.047102,0.000000,
2023-11-08,0.045513,selic,2023,11,4,Nov/2023,0.047044,0.000000,
2023-11-09,0.045513,selic,2023,11,4,Nov/2023,0.046985,0.000000,
2023-11-10,0.045513,selic,2023,11,4,Nov/2023,0.046926,0.000000,
2023-11-13,0.045513,selic,2023,11,4,Nov/2023,0.046867,0.000000,
2023-11-14,0.045513,selic,2023,11,4,Nov/2023,0.046808,0.000000,
2023-11-16,0.045513,selic,2023,11,4,Nov/2023,0.046749,0.000000,
2023-11-17,0.045513,selic,2023,11,4,Nov/2023,0.046690,0.000000,
2023-11-20,0.045513,selic,2023,11,4,Nov/2023,0.046631,0.000000,
2023-11-21,0.045513,selic,2023,11,4,Nov/2023,0.046573,0.000000,
2023-11-22,0.045513,selic,2023,11,4,Nov/2023,0.046514,0.000000,
2023-11-23,0.045513,selic,2023,11,4,Nov/2023,0.046455,0.000000,
2023-11-24,0.045513,selic,2023,11,4,Nov/2023,0.046396,0.000000,
2023-11-27,0.045513,selic,2023,11,4,Nov/2023,0.046337,0.000000,
2023-11-28,0.045513,selic,2023,11,4,Nov/2023,0.046278,0.000000,
2023-11-29,0.045513,selic,2023,11,4,Nov/2023,0.046219,0.000000,
2023-11-30,0.045513,selic,2023,11,4,Nov/2023,0.046161,0.000000,
2023-12-01,0.045513,selic,2023,12,4,Dec/2023,0.046102,0.000000,
2023-12-04,0.045513,selic,2023,12,4,Dec/2023,0.046043,0.000000,
2023-12-05,0.045513,selic,2023,12,4,Dec/2023,0.045984,0.000000,
2023-12-06,0.045513,selic,2023,12,4,Dec/2023,0.045925,0.000000,
2023-12-07,0.045513,selic,2023,12,4,Dec/2023,0.045866,0.000000,
2023-12-08,0.045513,selic,2023,12,4,Dec/2023,0.045807,0.000000,
2023-12-11,0.045513,selic,2023,12,4,Dec/2023,0.045748,0.000000,
2023-12-12,0.045513,selic,2023,12,4,Dec/2023,0.045690,0.000000,
2023-12-13,0.045513,selic,2023,12,4,Dec/2023,0.045631,0.000000,
2023-12-14,0.043739,selic,2023,12,4,Dec/2023,0.045513,-3.897787,
2023-12-15,0.043739,selic,2023,12,4,Dec/2023,0.045395,0.000000,
2023-12-18,0.043739,selic,2023,12,4,Dec/2023,0.045336,0.000000,
2023-12-19,0.043739,selic,2023,12,4,Dec/2023,0.045276,0.000000,
2023-12-20,0.043739,selic,2023,12,4,Dec/2023,0.045217,0.000000,
2023-12-21,0.043739,selic,2023,12,4,Dec/2023,0.045158,0.000000,
2023-12-22,0.043739,selic,2023,12,4,Dec/2023,0.045099,0.000000,
2023-12-26,0.043739,selic,2023,12,4,Dec/2023,0.045040,0.000000,
2023-12-27,0.043739,selic,2023,12,4,Dec/2023,0.044981,0.000000,
2023-12-28,0.043739,selic,2023,12,4,Dec/2023,0.044922,0.000000,
2023-12-29,0.043739,selic,2023,12,4,Dec/2023,0.044863,0.000000,
2024-01-02,0.043739,selic,2024,1,1,Jan/2024,0.044803,0.000000,
2024-01-03,0.043739,selic,2024,1,1,Jan/2024,0.044744,0.000000,
2024-01-04,0.043739,selic,2024,1,1,Jan/2024,0.044685,0.000000,
2024-01-05,0.043739,selic,2024,1,1,Jan/2024,0.044626,0.000000,
2024-01-08,0.043739,selic,2024,1,1,Jan/2024,0.044567,0.000000,
2024-01-09,0.043739,selic,2024,1,1,Jan/2024,0.044508,0.000000,
2024-01-10,0.043739,selic,2024,1,1,Jan/2024,0.044449,0.000000,
2024-01-11,0.043739,selic,2024,1,1,Jan/2024,0.044389,0.000000,
2024-01-12,0.043739,selic,2024,1,1,Jan/2024,0.044330,0.000000,
2024-01-15,0.043739,selic,2024,1,1,Jan/2024,0.044271,0.000000,
2024-01-16,0.043739,selic,2024,1,1,Jan/2024,0.044212,0.000000,
2024-01-17,0.043739,selic,2024,1,1,Jan/2024,0.044153,0.000000,
2024-01-18,0.043739,selic,2024,1,1,Jan/2024,0.044094,0.000000,
2024-01-19,0.043739,selic,2024,1,1,Jan/2024,0.044035,0.000000,
2024-01-22,0.043739,selic,2024,1,1,Jan/2024,0.043976,0.000000,
2024-01-23,0.043739,selic,2024,1,1,Jan/2024,0.043916,0.000000,
2024-01-24,0.043739,selic,2024,1,1,Jan/2024,0.043857,0.000000,
2024-01-25,0.043739,selic,2024,1,1,Jan/2024,0.043798,0.000000,
2024-01-26,0.043739,selic,2024,1,1,Jan/2024,0.043739,0.000000,
2024-01-29,0.043739,selic,2024,1,1,Jan/2024,0.043739,0.000000,
2024-01-30,0.043739,selic,2024,1,1,Jan/2024,0.043739,0.000000,
2024-01-31,0.043739,selic,2024,1,1,Jan/2024,0.043739,0.000000,
2024-02-01,0.041957,selic,2024,2,1,Feb/2024,0.043680,-4.074167,
2024-02-02,0.041957,selic,2024,2,1,Feb/2024,0.043620,0.000000,
2024-02-05,0.041957,selic,2024,2,1,Feb/2024,0.043561,0.000000,
2024-02-06,0.041957,selic,2024,2,1,Feb/2024,0.043501,0.000000,
2024-02-07,0.041957,selic,2024,2,1,Feb/2024,0.043442,0.000000,
2024-02-08,0.041957,selic,2024,2,1,Feb/2024,0.043383,0.000000,
2024-02-09,0.041957,selic,2024,2,1,Feb/2024,0.043323,0.000000,
2024-02-14,0.041957,selic,2024,2,1,Feb/2024,0.043264,0.000000,
2024-02-15,0.041957,selic,2024,2,1,Feb/2024,0.043204,0.000000,
2024-02-16,0.041957,selic,2024,2,1,Feb/2024,0.043145,0.000000,
2024-02-19,0.041957,selic,2024,2,1,Feb/2024,0.043086,0.000000,
2024-02-20,0.041957,selic,2024,2,1,Feb/2024,0.043026,0.000000,
2024-02-21,0.041957,selic,2024,2,1,Feb/2024,0.042967,0.000000,
2024-02-22,0.041957,selic,2024,2,1,Feb/2024,0.042907,0.000000,
2024-02-23,0.041957,selic,2024,2,1,Feb/2024,0.042848,0.000000,
2024-02-26,0.041957,selic,2024,2,1,Feb/2024,0.042789,0.000000,
2024-02-27,0.041957,selic,2024,2,1,Feb/2024,0.042729,0.000000,
2024-02-28,0.041957,selic,2024,2,1,Feb/2024,0.042670,0.000000,
2024-02-29,0.041957,selic,2024,2,1,Feb/2024,0.042610,0.000000,
2024-03-01,0.041957,selic,2024,3,1,Mar/2024,0.042551,0.000000,
2024-03-04,0.041957,selic,2024,3,1,Mar/2024,0.042492,0.000000,
2024-03-05,0.041957,selic,2024,3,1,Mar/2024,0.042432,0.000000,
2024-03-06,0.041957,selic,2024,3,1,Mar/2024,0.042373,0.000000,
2024-03-07,0.041957,selic,2024,3,1,Mar/2024,0.042313,0.000000,
2024-03-08,0.041957,selic,2024,3,1,Mar/2024,0.042254,0.000000,
2024-03-11,0.041957,selic,2024,3,1,Mar/2024,0.042195,0.000000,
2024-03-12,0.041957,selic,2024,3,1,Mar/2024,0.042135,0.000000,
2024-03-13,0.041957,selic,2024,3,1,Mar/2024,0.042076,0.000000,
2024-03-14,0.041957,selic,2024,3,1,Mar/2024,0.042016,0.000000,
2024-03-15,0.041957,selic,2024,3,1,Mar/2024,0.041957,0.000000,
2024-03-18,0.041957,selic,2024,3,1,Mar/2024,0.041957,0.000000,
2024-03-19,0.041957,selic,2024,3,1,Mar/2024,0.041957,0.000000,
2024-03-20,0.041957,selic,2024,3,1,Mar/2024,0.041957,0.000000,
2024-03-21,0.040168,selic,2024,3,1,Mar/2024,0.041897,-4.263889,
2024-03-22,0.040168,selic,2024,3,1,Mar/2024,0.041838,0.000000,
2024-03-25,0.040168,selic,2024,3,1,Mar/2024,0.041778,0.000000,
2024-03-26,0.040168,selic,2024,3,1,Mar/2024,0.041718,0.000000,
2024-03-27,0.040168,selic,2024,3,1,Mar/2024,0.041659,0.000000,
2024-03-28,0.040168,selic,2024,3,1,Mar/2024,0.041599,0.000000,
2024-04-01,0.040168,selic,2024,4,2,Apr/2024,0.041540,0.000000,
2024-04-02,0.040168,selic,2024,4,2,Apr/2024,0.041480,0.000000,
2024-04-03,0.040168,selic,2024,4,2,Apr/2024,0.041420,0.000000,
2024-04-04,0.040168,selic,2024,4,2,Apr/2024,0.041361,0.000000,
2024-04-05,0.040168,selic,2024,4,2,Apr/2024,0.041301,0.000000,
2024-04-08,0.040168,selic,2024,4,2,Apr/2024,0.041241,0.000000,
2024-04-09,0.040168,selic,2024,4,2,Apr/2024,0.041182,0.000000,
2024-04-10,0.040168,selic,2024,4,2,Apr/2024,0.041122,0.000000,
2024-04-11,0.040168,selic,2024,4,2,Apr/2024,0.041063,0.000000,
2024-04-12,0.040168,selic,2024,4,2,Apr/2024,0.041003,0.000000,
2024-04-15,0.040168,selic,2024,4,2,Apr/2024,0.040943,0.000000,
2024-04-16,0.040168,selic,2024,4,2,Apr/2024,0.040884,0.000000,
2024-04-17,0.040168,selic,2024,4,2,Apr/2024,0.040824,0.000000,
2024-04-18,0.040168,selic,2024,4,2,Apr/2024,0.040764,0.000000,
2024-04-19,0.040168,selic,2024,4,2,Apr/2024,0.040705,0.000000,
2024-04-22,0.040168,selic,2024,4,2,Apr/2024,0.040645,0.000000,
2024-04-23,0.040168,selic,2024,4,2,Apr/2024,0.040585,0.000000,
2024-04-24,0.040168,selic,2024,4,2,Apr/2024,0.040526,0.000000,
2024-04-25,0.040168,selic,2024,4,2,Apr/2024,0.040466,0.000000,
2024-04-26,0.040168,selic,2024,4,2,Apr/2024,0.040407,0.000000,
2024-04-29,0.040168,selic,2024,4,2,Apr/2024,0.040347,0.000000,
2024-04-30,0.040168,selic,2024,4,2,Apr/2024,0.040287,0.000000,
2024-05-02,0.040168,selic,2024,5,2,May/2024,0.040228,0.000000,
2024-05-03,0.040168,selic,2024,5,2,May/2024,0.040168,0.000000,
2024-05-06,0.040168,selic,2024,5,2,May/2024,0.040168,0.000000,
2024-05-07,0.040168,selic,2024,5,2,May/2024,0.040168,0.000000,
2024-05-08,0.040168,selic,2024,5,2,May/2024,0.040168,0.000000,
2024-05-09,0.039270,selic,2024,5,2,May/2024,0.040138,-2.235610,
2024-05-10,0.039270,selic,2024,5,2,May/2024,0.040108,0.000000,
2024-05-13,0.039270,selic,2024,5,2,May/2024,0.040078,0.000000,
2024-05-14,0.039270,selic,2024,5,2,May/2024,0.040048,0.000000,
2024-05-15,0.039270,selic,2024,5,2,May/2024,0.040018,0.000000,
2024-05-16,0.039270,selic,2024,5,2,May/2024,0.039988,0.000000,
2024-05-17,0.039270,selic,2024,5,2,May/2024,0.039958,0.000000,
2024-05-20,0.039270,selic,2024,5,2,May/2024,0.039929,0.000000,
2024-05-21,0.039270,selic,2024,5,2,May/2024,0.039899,0.000000,
2024-05-22,0.039270,selic,2024,5,2,May/2024,0.039869,0.000000,
2024-05-23,0.039270,selic,2024,5,2,May/2024,0.039839,0.000000,
2024-05-24,0.039270,selic,2024,5,2,May/2024,0.039809,0.000000,
2024-05-27,0.039270,selic,2024,5,2,May/2024,0.039779,0.000000,
2024-05-28,0.039270,selic,2024,5,2,May/2024,0.039749,0.000000,
2024-05-29,0.039270,selic,2024,5,2,May/2024,0.039719,0.000000,
2024-05-31,0.039270,selic,2024,5,2,May/2024,0.039689,0.000000,
2024-06-03,0.039270,selic,2024,6,2,Jun/2024,0.039659,0.000000,
2024-06-04,0.039270,selic,2024,6,2,Jun/2024,0.039629,0.000000,
2024-06-05,0.039270,selic,2024,6,2,Jun/2024,0.039599,0.000000,
2024-06-06,0.039270,selic,2024,6,2,Jun/2024,0.039569,0.000000,
2024-06-07,0.039270,selic,2024,6,2,Jun/2024,0.039539,0.000000,
2024-06-10,0.039270,selic,2024,6,2,Jun/2024,0.039509,0.000000,
2024-06-11,0.039270,selic,2024,6,2,Jun/2024,0.039480,0.000000,
2024-06-12,0.039270,selic,2024,6,2,Jun/2024,0.039450,0.000000,
2024-06-13,0.039270,selic,2024,6,2,Jun/2024,0.039420,0.000000,
2024-06-14,0.039270,selic,2024,6,2,Jun/2024,0.039390,0.000000,
2024-06-17,0.039270,selic,2024,6,2,Jun/2024,0.039360,0.000000,
2024-06-18,0.039270,selic,2024,6,2,Jun/2024,0.039330,0.000000,
2024-06-19,0.039270,selic,2024,6,2,Jun/2024,0.039300,0.000000,
2024-06-20,0.039270,selic,2024,6,2,Jun/2024,0.039270,0.000000,
2024-06-21,0.039270,selic,2024,6,2,Jun/2024,0.039270,0.000000,
2024-06-24,0.039270,selic,2024,6,2,Jun/2024,0.039270,0.000000,
2024-06-25,0.039270,selic,2024,6,2,Jun/2024,0.039270,0.000000,
2024-06-26,0.039270,selic,2024,6,2,Jun/2024,0.039270,0.000000,
2024-06-27,0.039270,selic,2024,6,2,Jun/2024,0.039270,0.000000,
2024-06-28,0.039270,selic,2024,6,2,Jun/2024,0.039270,0.000000,
2024-07-01,0.039270,selic,2024,7,3,Jul/2024,0.039270,0.000000,
2024-07-02,0.039270,selic,2024,7,3,Jul/2024,0.039270,0.000000,
2024-07-03,0.039270,selic,2024,7,3,Jul/2024,0.039270,0.000000,
2024-07-04,0.039270,selic,2024,7,3,Jul/2024,0.039270,0.000000,
2024-07-05,0.039270,selic,2024,7,3,Jul/2024,0.039270,0.000000,
2024-07-08,0.039270,selic,2024,7,3,Jul/2024,0.039270,0.000000,
2024-07-09,0.039270,selic,2024,7,3,Jul/2024,0.039270,0.000000,
2024-07-10,0.039270,selic,2024,7,3,Jul/2024,0.039270,0.000000,
2024-07-11,0.039270,selic,2024,7,3,Jul/2024,0.039270,0.000000,
2024-07-12,0.039270,selic,2024,7,3,Jul/2024,0.039270,0.000000,
2024-07-15,0.039270,selic,2024,7,3,Jul/2024,0.039270,0.000000,
2024-07-16,0.039270,selic,2024,7,3,Jul/2024,0.039270,0.000000,
2024-07-17,0.039270,selic,2024,7,3,Jul/2024,0.039270,0.000000,
2024-07-18,0.039270,selic,2024,7,3,Jul/2024,0.039270,0.000000,
2024-07-19,0.039270,selic,2024,7,3,Jul/2024,0.039270,0.000000,
2024-07-22,0.039270,selic,2024,7,3,Jul/2024,0.039270,0.000000,
2024-07-23,0.039270,selic,2024,7,3,Jul/2024,0.039270,0.000000,
2024-07-24,0.039270,selic,2024,7,3,Jul/2024,0.039270,0.000000,
2024-07-25,0.039270,selic,2024,7,3,Jul/2024,0.039270,0.000000,
2024-07-26,0.039270,selic,2024,7,3,Jul/2024,0.039270,0.000000,
2024-07-29,0.039270,selic,2024,7,3,Jul/2024,0.039270,0.000000,
2024-07-30,0.039270,selic,2024,7,3,Jul/2024,0.039270,0.000000,
2024-07-31,0.039270,selic,2024,7,3,Jul/2024,0.039270,0.000000,
2024-08-01,0.039270,selic,2024,8,3,Aug/2024,0.039270,0.000000,
2024-08-02,0.039270,selic,2024,8,3,Aug/2024,0.039270,0.000000,
2024-08-05,0.039270,selic,2024,8,3,Aug/2024,0.039270,0.000000,
2024-08-06,0.039270,selic,2024,8,3,Aug/2024,0.039270,0.000000,
2024-08-07,0.039270,selic,2024,8,3,Aug/2024,0.039270,0.000000,
2024-08-08,0.039270,selic,2024,8,3,Aug/2024,0.039270,0.000000,
2024-08-09,0.039270,selic,2024,8,3,Aug/2024,0.039270,0.000000,
2024-08-12,0.039270,selic,2024,8,3,Aug/2024,0.039270,0.000000,
2024-08-13,0.039270,selic,2024,8,3,Aug/2024,0.039270,0.000000,
2024-08-14,0.039270,selic,2024,8,3,Aug/2024,0.039270,0.000000,
2024-08-15,0.039270,selic,2024,8,3,Aug/2024,0.039270,0.000000,
2024-08-16,0.039270,selic,2024,8,3,Aug/2024,0.039270,0.000000,
2024-08-19,0.039270,selic,2024,8,3,Aug/2024,0.039270,0.000000,
2024-08-20,0.039270,selic,2024,8,3,Aug/2024,0.039270,0.000000,
2024-08-21,0.039270,selic,2024,8,3,Aug/2024,0.039270,0.000000,
2024-08-22,0.039270,selic,2024,8,3,Aug/2024,0.039270,0.000000,
2024-08-23,0.039270,selic,2024,8,3,Aug/2024,0.039270,0.000000,
2024-08-26,0.039270,selic,2024,8,3,Aug/2024,0.039270,0.000000,
2024-08-27,0.039270,selic,2024,8,3,Aug/2024,0.039270,0.000000,
2024-08-28,0.039270,selic,2024,8,3,Aug/2024,0.039270,0.000000,
2024-08-29,0.039270,selic,2024,8,3,Aug/2024,0.039270,0.000000,
2024-08-30,0.039270,selic,2024,8,3,Aug/2024,0.039270,0.000000,
2024-09-02,0.039270,selic,2024,9,3,Sep/2024,0.039270,0.000000,
2024-09-03,0.039270,selic,2024,9,3,Sep/2024,0.039270,0.000000,
2024-09-04,0.039270,selic,2024,9,3,Sep/2024,0.039270,0.000000,
2024-09-05,0.039270,selic,2024,9,3,Sep/2024,0.039270,0.000000,
2024-09-06,0.039270,selic,2024,9,3,Sep/2024,0.039270,0.000000,
2024-09-09,0.039270,selic,2024,9,3,Sep/2024,0.039270,0.000000,
2024-09-10,0.039270,selic,2024,9,3,Sep/2024,0.039270,0.000000,
2024-09-11,0.039270,selic,2024,9,3,Sep/2024,0.039270,0.000000,
2024-09-12,0.039270,selic,2024,9,3,Sep/2024,0.039270,0.000000,
2024-09-13,0.039270,selic,2024,9,3,Sep/2024,0.039270,0.000000,
2024-09-16,0.039270,selic,2024,9,3,Sep/2024,0.039270,0.000000,
2024-09-17,0.039270,selic,2024,9,3,Sep/2024,0.039270,0.000000,
2024-09-18,0.039270,selic,2024,9,3,Sep/2024,0.039270,0.000000,
2024-09-19,0.040168,selic,2024,9,3,Sep/2024,0.039300,2.286733,
2024-09-20,0.040168,selic,2024,9,3,Sep/2024,0.039330,0.000000,
2024-09-23,0.040168,selic,2024,9,3,Sep/2024,0.039360,0.000000,
2024-09-24,0.040168,selic,2024,9,3,Sep/2024,0.039390,0.000000,
2024-09-25,0.040168,selic,2024,9,3,Sep/2024,0.039420,0.000000,
2024-09-26,0.040168,selic,2024,9,3,Sep/2024,0.039450,0.000000,
2024-09-27,0.040168,selic,2024,9,3,Sep/2024,0.039480,0.000000,
2024-09-30,0.040168,selic,2024,9,3,Sep/2024,0.039509,0.000000,
2024-10-01,0.040168,selic,2024,10,4,Oct/2024,0.039539,0.000000,
2024-10-02,0.040168,selic,2024,10,4,Oct/2024,0.039569,0.000000,
2024-10-03,0.040168,selic,2024,10,4,Oct/2024,0.039599,0.000000,
2024-10-04,0.040168,selic,2024,10,4,Oct/2024,0.039629,0.000000,
2024-10-07,0.040168,selic,2024,10,4,Oct/2024,0.039659,0.000000,
2024-10-08,0.040168,selic,2024,10,4,Oct/2024,0.039689,0.000000,
2024-10-09,0.040168,selic,2024,10,4,Oct/2024,0.039719,0.000000,
2024-10-10,0.040168,selic,2024,10,4,Oct/2024,0.039749,0.000000,
2024-10-11,0.040168,selic,2024,10,4,Oct/2024,0.039779,0.000000,
2024-10-14,0.040168,selic,2024,10,4,Oct/2024,0.039809,0.000000,
2024-10-15,0.040168,selic,2024,10,4,Oct/2024,0.039839,0.000000,
2024-10-16,0.040168,selic,2024,10,4,Oct/2024,0.039869,0.000000,
2024-10-17,0.040168,selic,2024,10,4,Oct/2024,0.039899,0.000000,
2024-10-18,0.040168,selic,2024,10,4,Oct/2024,0.039929,0.000000,
2024-10-21,0.040168,selic,2024,10,4,Oct/2024,0.039958,0.000000,
2024-10-22,0.040168,selic,2024,10,4,Oct/2024,0.039988,0.000000,
2024-10-23,0.040168,selic,2024,10,4,Oct/2024,0.040018,0.000000,
2024-10-24,0.040168,selic,2024,10,4,Oct/2024,0.040048,0.000000,
2024-10-25,0.040168,selic,2024,10,4,Oct/2024,0.040078,0.000000,
2024-10-28,0.040168,selic,2024,10,4,Oct/2024,0.040108,0.000000,
2024-10-29,0.040168,selic,2024,10,4,Oct/2024,0.040138,0.000000,
2024-10-30,0.040168,selic,2024,10,4,Oct/2024,0.040168,0.000000,
2024-10-31,0.040168,selic,2024,10,4,Oct/2024,0.040168,0.000000,
2024-11-01,0.040168,selic,2024,11,4,Nov/2024,0.040168,0.000000,
2024-11-04,0.040168,selic,2024,11,4,Nov/2024,0.040168,0.000000,
2024-11-05,0.040168,selic,2024,11,4,Nov/2024,0.040168,0.000000,
2024-11-06,0.040168,selic,2024,11,4,Nov/2024,0.040168,0.000000,
2024-11-07,0.041957,selic,2024,11,4,Nov/2024,0.040228,4.453794,
2024-11-08,0.041957,selic,2024,11,4,Nov/2024,0.040287,0.000000,
2024-11-11,0.041957,selic,2024,11,4,Nov/2024,0.040347,0.000000,
2024-11-12,0.041957,selic,2024,11,4,Nov/2024,0.040407,0.000000,
2024-11-13,0.041957,selic,2024,11,4,Nov/2024,0.040466,0.000000,
2024-11-14,0.041957,selic,2024,11,4,Nov/2024,0.040526,0.000000,
2024-11-18,0.041957,selic,2024,11,4,Nov/2024,0.040585,0.000000,
2024-11-19,0.041957,selic,2024,11,4,Nov/2024,0.040645,0.000000,
2024-11-21,0.041957,selic,2024,11,4,Nov/2024,0.040705,0.000000,
2024-11-22,0.041957,selic,2024,11,4,Nov/2024,0.040764,0.000000,
2024-11-25,0.041957,selic,2024,11,4,Nov/2024,0.040824,0.000000,
2024-11-26,0.041957,selic,2024,11,4,Nov/2024,0.040884,0.000000,
2024-11-27,0.041957,selic,2024,11,4,Nov/2024,0.040943,0.000000,
2024-11-28,0.041957,selic,2024,11,4,Nov/2024,0.041003,0.000000,
2024-11-29,0.041957,selic,2024,11,4,Nov/2024,0.041063,0.000000,
2024-12-02,0.041957,selic,2024,12,4,Dec/2024,0.041122,0.000000,
2024-12-03,0.041957,selic,2024,12,4,Dec/2024,0.041182,0.000000,
2024-12-04,0.041957,selic,2024,12,4,Dec/2024,0.041241,0.000000,
2024-12-05,0.041957,selic,2024,12,4,Dec/2024,0.041301,0.000000,
2024-12-06,0.041957,selic,2024,12,4,Dec/2024,0.041361,0.000000,
2024-12-09,0.041957,selic,2024,12,4,Dec/2024,0.041420,0.000000,
2024-12-10,0.041957,selic,2024,12,4,Dec/2024,0.041480,0.000000,
2024-12-11,0.041957,selic,2024,12,4,Dec/2024,0.041540,0.000000,
2024-12-12,0.045513,selic,2024,12,4,Dec/2024,0.041718,8.475344,
2024-12-13,0.045513,selic,2024,12,4,Dec/2024,0.041896,0.000000,
2024-12-16,0.045513,selic,2024,12,4,Dec/2024,0.042074,0.000000,
2024-12-17,0.045513,selic,2024,12,4,Dec/2024,0.042252,0.000000,
2024-12-18,0.045513,selic,2024,12,4,Dec/2024,0.042430,0.000000,
2024-12-19,0.045513,selic,2024,12,4,Dec/2024,0.042609,0.000000,
2024-12-20,0.045513,selic,2024,12,4,Dec/2024,0.042787,0.000000,
2024-12-23,0.045513,selic,2024,12,4,Dec/2024,0.042905,0.000000,
2024-12-24,0.045513,selic,2024,12,4,Dec/2024,0.043024,0.000000,
2024-12-26,0.045513,selic,2024,12,4,Dec/2024,0.043142,0.000000,
2024-12-27,0.045513,selic,2024,12,4,Dec/2024,0.043261,0.000000,
2024-12-30,0.045513,selic,2024,12,4,Dec/2024,0.043379,0.000000,
2024-12-31,0.045513,selic,2024,12,4,Dec/2024,0.043498,0.000000,
2025-01-02,0.045513,selic,2025,1,1,Jan/2025,0.043616,0.000000,
2025-01-03,0.045513,selic,2025,1,1,Jan/2025,0.043735,0.000000,
2025-01-06,0.045513,selic,2025,1,1,Jan/2025,0.043854,0.000000,
2025-01-07,0.045513,selic,2025,1,1,Jan/2025,0.043972,0.000000,
2025-01-08,0.045513,selic,2025,1,1,Jan/2025,0.044091,0.000000,
2025-01-09,0.045513,selic,2025,1,1,Jan/2025,0.044209,0.000000,
2025-01-10,0.045513,selic,2025,1,1,Jan/2025,0.044328,0.000000,
2025-01-13,0.045513,selic,2025,1,1,Jan/2025,0.044446,0.000000,
2025-01-14,0.045513,selic,2025,1,1,Jan/2025,0.044565,0.000000,
2025-01-15,0.045513,selic,2025,1,1,Jan/2025,0.044683,0.000000,
2025-01-16,0.045513,selic,2025,1,1,Jan/2025,0.044802,0.000000,
2025-01-17,0.045513,selic,2025,1,1,Jan/2025,0.044920,0.000000,
2025-01-20,0.045513,selic,2025,1,1,Jan/2025,0.045039,0.000000,
2025-01-21,0.045513,selic,2025,1,1,Jan/2025,0.045157,0.000000,
2025-01-22,0.045513,selic,2025,1,1,Jan/2025,0.045276,0.000000,
2025-01-23,0.045513,selic,2025,1,1,Jan/2025,0.045394,0.000000,
2025-01-24,0.045513,selic,2025,1,1,Jan/2025,0.045513,0.000000,
2025-01-27,0.045513,selic,2025,1,1,Jan/2025,0.045513,0.000000,
2025-01-28,0.045513,selic,2025,1,1,Jan/2025,0.045513,0.000000,
2025-01-29,0.045513,selic,2025,1,1,Jan/2025,0.045513,0.000000,
2025-01-30,0.049037,selic,2025,1,1,Jan/2025,0.045630,7.742843,
2025-01-31,0.049037,selic,2025,1,1,Jan/2025,0.045748,0.000000,
2025-02-03,0.049037,selic,2025,2,1,Feb/2025,0.045865,0.000000,
2025-02-04,0.049037,selic,2025,2,1,Feb/2025,0.045983,0.000000,
2025-02-05,0.049037,selic,2025,2,1,Feb/2025,0.046100,0.000000,
2025-02-06,0.049037,selic,2025,2,1,Feb/2025,0.046218,0.000000,
2025-02-07,0.049037,selic,2025,2,1,Feb/2025,0.046335,0.000000,
2025-02-10,0.049037,selic,2025,2,1,Feb/2025,0.046453,0.000000,
2025-02-11,0.049037,selic,2025,2,1,Feb/2025,0.046570,0.000000,
2025-02-12,0.049037,selic,2025,2,1,Feb/2025,0.046688,0.000000,
2025-02-13,0.049037,selic,2025,2,1,Feb/2025,0.046805,0.000000,
2025-02-14,0.049037,selic,2025,2,1,Feb/2025,0.046923,0.000000,
2025-02-17,0.049037,selic,2025,2,1,Feb/2025,0.047040,0.000000,
2025-02-18,0.049037,selic,2025,2,1,Feb/2025,0.047158,0.000000,
2025-02-19,0.049037,selic,2025,2,1,Feb/2025,0.047275,0.000000,
2025-02-20,0.049037,selic,2025,2,1,Feb/2025,0.047392,0.000000,
2025-02-21,0.049037,selic,2025,2,1,Feb/2025,0.047510,0.000000,
2025-02-24,0.049037,selic,2025,2,1,Feb/2025,0.047627,0.000000,
2025-02-25,0.049037,selic,2025,2,1,Feb/2025,0.047745,0.000000,
2025-02-26,0.049037,selic,2025,2,1,Feb/2025,0.047862,0.000000,
2025-02-27,0.049037,selic,2025,2,1,Feb/2025,0.047980,0.000000,
2025-02-28,0.049037,selic,2025,2,1,Feb/2025,0.048097,0.000000,
2025-03-05,0.049037,selic,2025,3,1,Mar/2025,0.048215,0.000000,
2025-03-06,0.049037,selic,2025,3,1,Mar/2025,0.048332,0.000000,
2025-03-07,0.049037,selic,2025,3,1,Mar/2025,0.048450,0.000000,
2025-03-10,0.049037,selic,2025,3,1,Mar/2025,0.048567,0.000000,
2025-03-11,0.049037,selic,2025,3,1,Mar/2025,0.048685,0.000000,
2025-03-12,0.049037,selic,2025,3,1,Mar/2025,0.048802,0.000000,
2025-03-13,0.049037,selic,2025,3,1,Mar/2025,0.048920,0.000000,
2025-03-14,0.049037,selic,2025,3,1,Mar/2025,0.049037,0.000000,
2025-03-17,0.049037,selic,2025,3,1,Mar/2025,0.049037,0.000000,
2025-03-18,0.049037,selic,2025,3,1,Mar/2025,0.049037,0.000000,
2025-03-19,0.049037,selic,2025,3,1,Mar/2025,0.049037,0.000000,
2025-03-20,0.052531,selic,2025,3,1,Mar/2025,0.049153,7.125232,
2025-03-21,0.052531,selic,2025,3,1,Mar/2025,0.049270,0.000000,
2025-03-24,0.052531,selic,2025,3,1,Mar/2025,0.049386,0.000000,
2025-03-25,0.052531,selic,2025,3,1,Mar/2025,0.049503,0.000000,
2025-03-26,0.052531,selic,2025,3,1,Mar/2025,0.049619,0.000000,
2025-03-27,0.052531,selic,2025,3,1,Mar/2025,0.049736,0.000000,
2025-03-28,0.052531,selic,2025,3,1,Mar/2025,0.049852,0.000000,
2025-03-31,0.052531,selic,2025,3,1,Mar/2025,0.049969,0.000000,
2025-04-01,0.052531,selic,2025,4,2,Apr/2025,0.050085,0.000000,
2025-04-02,0.052531,selic,2025,4,2,Apr/2025,0.050202,0.000000,
2025-04-03,0.052531,selic,2025,4,2,Apr/2025,0.050318,0.000000,
2025-04-04,0.052531,selic,2025,4,2,Apr/2025,0.050435,0.000000,
2025-04-07,0.052531,selic,2025,4,2,Apr/2025,0.050551,0.000000,
2025-04-08,0.052531,selic,2025,4,2,Apr/2025,0.050668,0.000000,
2025-04-09,0.052531,selic,2025,4,2,Apr/2025,0.050784,0.000000,
2025-04-10,0.052531,selic,2025,4,2,Apr/2025,0.050900,0.000000,
2025-04-11,0.052531,selic,2025,4,2,Apr/2025,0.051017,0.000000,
2025-04-14,0.052531,selic,2025,4,2,Apr/2025,0.051133,0.000000,
2025-04-15,0.052531,selic,2025,4,2,Apr/2025,0.051250,0.000000,
2025-04-16,0.052531,selic,2025,4,2,Apr/2025,0.051366,0.000000,
2025-04-17,0.052531,selic,2025,4,2,Apr/2025,0.051483,0.000000,
2025-04-22,0.052531,selic,2025,4,2,Apr/2025,0.051599,0.000000,
2025-04-23,0.052531,selic,2025,4,2,Apr/2025,0.051716,0.000000,
2025-04-24,0.052531,selic,2025,4,2,Apr/2025,0.051832,0.000000,
2025-04-25,0.052531,selic,2025,4,2,Apr/2025,0.051949,0.000000,
2025-04-28,0.052531,selic,2025,4,2,Apr/2025,0.052065,0.000000,
2025-04-29,0.052531,selic,2025,4,2,Apr/2025,0.052182,0.000000,
2025-04-30,0.052531,selic,2025,4,2,Apr/2025,0.052298,0.000000,
2025-05-02,0.052531,selic,2025,5,2,May/2025,0.052415,0.000000,
2025-05-05,0.052531,selic,2025,5,2,May/2025,0.052531,0.000000,
2025-05-06,0.052531,selic,2025,5,2,May/2025,0.052531,0.000000,
2025-05-07,0.052531,selic,2025,5,2,May/2025,0.052531,0.000000,
2025-05-08,0.054266,selic,2025,5,2,May/2025,0.052589,3.302812,
2025-05-09,0.054266,selic,2025,5,2,May/2025,0.052647,0.000000,
2025-05-12,0.054266,selic,2025,5,2,May/2025,0.052705,0.000000,
2025-05-13,0.054266,selic,2025,5,2,May/2025,0.052762,0.000000,
2025-05-14,0.054266,selic,2025,5,2,May/2025,0.052820,0.000000,
2025-05-15,0.054266,selic,2025,5,2,May/2025,0.052878,0.000000,
2025-05-16,0.054266,selic,2025,5,2,May/2025,0.052936,0.000000,
2025-05-19,0.054266,selic,2025,5,2,May/2025,0.052994,0.000000,
2025-05-20,0.054266,selic,2025,5,2,May/2025,0.053052,0.000000,
2025-05-21,0.054266,selic,2025,5,2,May/2025,0.053109,0.000000,
2025-05-22,0.054266,selic,2025,5,2,May/2025,0.053167,0.000000,
2025-05-23,0.054266,selic,2025,5,2,May/2025,0.053225,0.000000,
2025-05-26,0.054266,selic,2025,5,2,May/2025,0.053283,0.000000,
2025-05-27,0.054266,selic,2025,5,2,May/2025,0.053341,0.000000,
2025-05-28,0.054266,selic,2025,5,2,May/2025,0.053399,0.000000,
2025-05-29,0.054266,selic,2025,5,2,May/2025,0.053456,0.000000,
2025-05-30,0.054266,selic,2025,5,2,May/2025,0.053514,0.000000,
2025-06-02,0.054266,selic,2025,6,2,Jun/2025,0.053572,0.000000,
2025-06-03,0.054266,selic,2025,6,2,Jun/2025,0.053630,0.000000,
2025-06-04,0.054266,selic,2025,6,2,Jun/2025,0.053688,0.000000,
2025-06-05,0.054266,selic,2025,6,2,Jun/2025,0.053746,0.000000,
2025-06-06,0.054266,selic,2025,6,2,Jun/2025,0.053803,0.000000,
2025-06-09,0.054266,selic,2025,6,2,Jun/2025,0.053861,0.000000,
2025-06-10,0.054266,selic,2025,6,2,Jun/2025,0.053919,0.000000,
2025-06-11,0.054266,selic,2025,6,2,Jun/2025,0.053977,0.000000,
2025-06-12,0.054266,selic,2025,6,2,Jun/2025,0.054035,0.000000,
2025-06-13,0.054266,selic,2025,6,2,Jun/2025,0.054093,0.000000,
2025-06-16,0.054266,selic,2025,6,2,Jun/2025,0.054150,0.000000,
2025-06-17,0.054266,selic,2025,6,2,Jun/2025,0.054208,0.000000,
2025-06-18,0.054266,selic,2025,6,2,Jun/2025,0.054266,0.000000,
2025-06-20,0.055131,selic,2025,6,2,Jun/2025,0.054295,1.594000,
2025-06-23,0.055131,selic,2025,6,2,Jun/2025,0.054324,0.000000,
2025-06-24,0.055131,selic,2025,6,2,Jun/2025,0.054352,0.000000,
2025-06-25,0.055131,selic,2025,6,2,Jun/2025,0.054381,0.000000,
2025-06-26,0.055131,selic,2025,6,2,Jun/2025,0.054410,0.000000,
2025-06-27,0.055131,selic,2025,6,2,Jun/2025,0.054439,0.000000,
2025-06-30,0.055131,selic,2025,6,2,Jun/2025,0.054468,0.000000,
2025-07-01,0.055131,selic,2025,7,3,Jul/2025,0.054497,0.000000,
2025-07-02,0.055131,selic,2025,7,3,Jul/2025,0.054525,0.000000,
2025-07-03,0.055131,selic,2025,7,3,Jul/2025,0.054554,0.000000,
2025-07-04,0.055131,selic,2025,7,3,Jul/2025,0.054583,0.000000,
2025-07-07,0.055131,selic,2025,7,3,Jul/2025,0.054612,0.000000,
2025-07-08,0.055131,selic,2025,7,3,Jul/2025,0.054641,0.000000,
2025-07-09,0.055131,selic,2025,7,3,Jul/2025,0.054670,0.000000,
2025-07-10,0.055131,selic,2025,7,3,Jul/2025,0.054698,0.000000,
2025-07-11,0.055131,selic,2025,7,3,Jul/2025,0.054727,0.000000,
2025-07-14,0.055131,selic,2025,7,3,Jul/2025,0.054756,0.000000,
2025-07-15,0.055131,selic,2025,7,3,Jul/2025,0.054785,0.000000,
2025-07-16,0.055131,selic,2025,7,3,Jul/2025,0.054814,0.000000,
2025-07-17,0.055131,selic,2025,7,3,Jul/2025,0.054843,0.000000,
2025-07-18,0.055131,selic,2025,7,3,Jul/2025,0.054871,0.000000,
2025-07-21,0.055131,selic,2025,7,3,Jul/2025,0.054900,0.000000,
2025-07-22,0.055131,selic,2025,7,3,Jul/2025,0.054929,0.000000,
2025-07-23,0.055131,selic,2025,7,3,Jul/2025,0.054958,0.000000,
2025-07-24,0.055131,selic,2025,7,3,Jul/2025,0.054987,0.000000,
2025-07-25,0.055131,selic,2025,7,3,Jul/2025,0.055016,0.000000,
2025-07-28,0.055131,selic,2025,7,3,Jul/2025,0.055045,0.000000,
2025-07-29,0.055131,selic,2025,7,3,Jul/2025,0.055073,0.000000,
2025-07-30,0.055131,selic,2025,7,3,Jul/2025,0.055102,0.000000,
2025-07-31,0.055131,selic,2025,7,3,Jul/2025,0.055131,0.000000,
2025-08-01,0.055131,selic,2025,8,3,Aug/2025,0.055131,0.000000,
2025-08-04,0.055131,selic,2025,8,3,Aug/2025,0.055131,0.000000,
2025-08-05,0.055131,selic,2025,8,3,Aug/2025,0.055131,0.000000,
2025-08-06,0.055131,selic,2025,8,3,Aug/2025,0.055131,0.000000,
2025-08-07,0.055131,selic,2025,8,3,Aug/2025,0.055131,0.000000,
2025-08-08,0.055131,selic,2025,8,3,Aug/2025,0.055131,0.000000,
2025-08-11,0.055131,selic,2025,8,3,Aug/2025,0.055131,0.000000,
2025-08-12,0.055131,selic,2025,8,3,Aug/2025,0.055131,0.000000,
2025-08-13,0.055131,selic,2025,8,3,Aug/2025,0.055131,0.000000,
2025-08-14,0.055131,selic,2025,8,3,Aug/2025,0.055131,0.000000,
2025-08-15,0.055131,selic,2025,8,3,Aug/2025,0.055131,0.000000,
2025-08-18,0.055131,selic,2025,8,3,Aug/2025,0.055131,0.000000,
2025-08-19,0.055131,selic,2025,8,3,Aug/2025,0.055131,0.000000,
2025-08-20,0.055131,selic,2025,8,3,Aug/2025,0.055131,0.000000,
2025-08-21,0.055131,selic,2025,8,3,Aug/2025,0.055131,0.000000,
2025-08-22,0.055131,selic,2025,8,3,Aug/2025,0.055131,0.000000,
2025-08-25,0.055131,selic,2025,8,3,Aug/2025,0.055131,0.000000,
2025-08-26,0.055131,selic,2025,8,3,Aug/2025,0.055131,0.000000,
2025-08-27,0.055131,selic,2025,8,3,Aug/2025,0.055131,0.000000,
2025-08-28,0.055131,selic,2025,8,3,Aug/2025,0.055131,0.000000,
2025-08-29,0.055131,selic,2025,8,3,Aug/2025,0.055131,0.000000,
2025-09-01,0.055131,selic,2025,9,3,Sep/2025,0.055131,0.000000,
2025-09-02,0.055131,selic,2025,9,3,Sep/2025,0.055131,0.000000,
2025-09-03,0.055131,selic,2025,9,3,Sep/2025,0.055131,0.000000,
2025-09-04,0.055131,selic,2025,9,3,Sep/2025,0.055131,0.000000,
2025-09-05,0.055131,selic,2025,9,3,Sep/2025,0.055131,0.000000,
2025-09-08,0.055131,selic,2025,9,3,Sep/2025,0.055131,0.000000,
2025-09-09,0.055131,selic,2025,9,3,Sep/2025,0.055131,0.000000,
2025-09-10,0.055131,selic,2025,9,3,Sep/2025,0.055131,0.000000,
2025-09-11,0.055131,selic,2025,9,3,Sep/2025,0.055131,0.000000,
2025-09-12,0.055131,selic,2025,9,3,Sep/2025,0.055131,0.000000,
2025-09-15,0.055131,selic,2025,9,3,Sep/2025,0.055131,0.000000,
2025-09-16,0.055131,selic,2025,9,3,Sep/2025,0.055131,0.000000,
2025-09-17,0.055131,selic,2025,9,3,Sep/2025,0.055131,0.000000,
2025-09-18,0.055131,selic,2025,9,3,Sep/2025,0.055131,0.000000,
2025-09-19,0.055131,selic,2025,9,3,Sep/2025,0.055131,0.000000,
2025-09-22,0.055131,selic,2025,9,3,Sep/2025,0.055131,0.000000,
2025-09-23,0.055131,selic,2025,9,3,Sep/2025,0.055131,0.000000,
2025-09-24,0.055131,selic,2025,9,3,Sep/2025,0.055131,0.000000,
2025-09-25,0.055131,selic,2025,9,3,Sep/2025,0.055131,0.000000,
2025-09-26,0.055131,selic,2025,9,3,Sep/2025,0.055131,0.000000,
2025-09-29,0.055131,selic,2025,9,3,Sep/2025,0.055131,0.000000,
2025-09-30,0.055131,selic,2025,9,3,Sep/2025,0.055131,0.000000,
2025-10-01,0.055131,selic,2025,10,4,Oct/2025,0.055131,0.000000,
2025-10-02,0.055131,selic,2025,10,4,Oct/2025,0.055131,0.000000,
2025-10-03,0.055131,selic,2025,10,4,Oct/2025,0.055131,0.000000,
2025-10-06,0.055131,selic,2025,10,4,Oct/2025,0.055131,0.000000,
2025-10-07,0.055131,selic,2025,10,4,Oct/2025,0.055131,0.000000,
2025-10-08,0.055131,selic,2025,10,4,Oct/2025,0.055131,0.000000,
2025-10-09,0.055131,selic,2025,10,4,Oct/2025,0.055131,0.000000,
2025-10-10,0.055131,selic,2025,10,4,Oct/2025,0.055131,0.000000,
2025-10-13,0.055131,selic,2025,10,4,Oct/2025,0.055131,0.000000,
2025-10-14,0.055131,selic,2025,10,4,Oct/2025,0.055131,0.000000,
2025-10-15,0.055131,selic,2025,10,4,Oct/2025,0.055131,0.000000,
2025-10-16,0.055131,selic,2025,10,4,Oct/2025,0.055131,0.000000,
2025-10-17,0.055131,selic,2025,10,4,Oct/2025,0.055131,0.000000,
2025-10-20,0.055131,selic,2025,10,4,Oct/2025,0.055131,0.000000,
2025-10-21,0.055131,selic,2025,10,4,Oct/2025,0.055131,0.000000,
2025-10-22,0.055131,selic,2025,10,4,Oct/2025,0.055131,0.000000,
2025-10-23,0.055131,selic,2025,10,4,Oct/2025,0.055131,0.000000,
2025-10-24,0.055131,selic,2025,10,4,Oct/2025,0.055131,0.000000,
2025-10-27,0.055131,selic,2025,10,4,Oct/2025,0.055131,0.000000,
2025-10-28,0.055131,selic,2025,10,4,Oct/2025,0.055131,0.000000,
2025-10-29,0.055131,selic,2025,10,4,Oct/2025,0.055131,0.000000,
2025-10-30,0.055131,selic,2025,10,4,Oct/2025,0.055131,0.000000,
2025-10-31,0.055131,selic,2025,10,4,Oct/2025,0.055131,0.000000,
2025-11-03,0.055131,selic,2025,11,4,Nov/2025,0.055131,0.000000,
2025-11-04,0.055131,selic,2025,11,4,Nov/2025,0.055131,0.000000,
2025-11-05,0.055131,selic,2025,11,4,Nov/2025,0.055131,0.000000,
2025-11-06,0.055131,selic,2025,11,4,Nov/2025,0.055131,0.000000,
2025-11-07,0.055131,selic,2025,11,4,Nov/2025,0.055131,0.000000,
2025-11-10,0.055131,selic,2025,11,4,Nov/2025,0.055131,0.000000,
2025-11-11,0.055131,selic,2025,11,4,Nov/2025,0.055131,0.000000,
2025-11-12,0.055131,selic,2025,11,4,Nov/2025,0.055131,0.000000,
2025-11-13,0.055131,selic,2025,11,4,Nov/2025,0.055131,0.000000,
2025-11-14,0.055131,selic,2025,11,4,Nov/2025,0.055131,0.000000,
2025-11-17,0.055131,selic,2025,11,4,Nov/2025,0.055131,0.000000,
2025-11-18,0.055131,selic,2025,11,4,Nov/2025,0.055131,0.000000,
2025-11-19,0.055131,selic,2025,11,4,Nov/2025,0.055131,0.000000,
2025-11-21,0.055131,selic,2025,11,4,Nov/2025,0.055131,0.000000,
2025-11-24,0.055131,selic,2025,11,4,Nov/2025,0.055131,0.000000,
2025-11-25,0.055131,selic,2025,11,4,Nov/2025,0.055131,0.000000,
2025-11-26,0.055131,selic,2025,11,4,Nov/2025,0.055131,0.000000,
2025-11-27,0.055131,selic,2025,11,4,Nov/2025,0.055131,0.000000,
2025-11-28,0.055131,selic,2025,11,4,Nov/2025,0.055131,0.000000,
2025-12-01,0.055131,selic,2025,12,4,Dec/2025,0.055131,0.000000,
2025-12-02,0.055131,selic,2025,12,4,Dec/2025,0.055131,0.000000,
2025-12-03,0.055131,selic,2025,12,4,Dec/2025,0.055131,0.000000,
2025-12-04,0.055131,selic,2025,12,4,Dec/2025,0.055131,0.000000,
2025-12-05,0.055131,selic,2025,12,4,Dec/2025,0.055131,0.000000,
2025-12-08,0.055131,selic,2025,12,4,Dec/2025,0.055131,0.000000,
2025-12-09,0.055131,selic,2025,12,4,Dec/2025,0.055131,0.000000,
2025-12-10,0.055131,selic,2025,12,4,Dec/2025,0.055131,0.000000,
2025-12-11,0.055131,selic,2025,12,4,Dec/2025,0.055131,0.000000,
2025-12-12,0.055131,selic,2025,12,4,Dec/2025,0.055131,0.000000,
2025-12-15,0.055131,selic,2025,12,4,Dec/2025,0.055131,0.000000,
2025-12-16,0.055131,selic,2025,12,4,Dec/2025,0.055131,0.000000,
2025-12-17,0.055131,selic,2025,12,4,Dec/2025,0.055131,0.000000,
2025-12-18,0.055131,selic,2025,12,4,Dec/2025,0.055131,0.000000,
2025-12-19,0.055131,selic,2025,12,4,Dec/2025,0.055131,0.000000,
2025-12-22,0.055131,selic,2025,12,4,Dec/2025,0.055131,0.000000,
2025-12-23,0.055131,selic,2025,12,4,Dec/2025,0.055131,0.000000,
2025-12-24,0.055131,selic,2025,12,4,Dec/2025,0.055131,0.000000,
2025-12-26,0.055131,selic,2025,12,4,Dec/2025,0.055131,0.000000,
2025-12-29,0.055131,selic,2025,12,4,Dec/2025,0.055131,0.000000,
2025-12-30,0.055131,selic,2025,12,4,Dec/2025,0.055131,0.000000,
2025-12-31,0.055131,selic,2025,12,4,Dec/2025,0.055131,0.000000,
2026-01-02,0.055131,selic,2026,1,1,Jan/2026,0.055131,0.000000,
2026-01-05,0.055131,selic,2026,1,1,Jan/2026,0.055131,0.000000,
2026-01-06,0.055131,selic,2026,1,1,Jan/2026,0.055131,0.000000,
2026-01-07,0.055131,selic,2026,1,1,Jan/2026,0.055131,0.000000,
2026-01-08,0.055131,selic,2026,1,1,Jan/2026,0.055131,0.000000,
2026-01-09,0.055131,selic,2026,1,1,Jan/2026,0.055131,0.000000,
2026-01-12,0.055131,selic,2026,1,1,Jan/2026,0.055131,0.000000,
2026-01-13,0.055131,selic,2026,1,1,Jan/2026,0.055131,0.000000,
2026-01-14,0.055131,selic,2026,1,1,Jan/2026,0.055131,0.000000,
2026-01-15,0.055131,selic,2026,1,1,Jan/2026,0.055131,0.000000,
2026-01-16,0.055131,selic,2026,1,1,Jan/2026,0.055131,0.000000,
2026-01-19,0.055131,selic,2026,1,1,Jan/2026,0.055131,0.000000,
2026-01-20,0.055131,selic,2026,1,1,Jan/2026,0.055131,0.000000,
2026-01-21,0.055131,selic,2026,1,1,Jan/2026,0.055131,0.000000,
2026-01-22,0.055131,selic,2026,1,1,Jan/2026,0.055131,0.000000,
2026-01-23,0.055131,selic,2026,1,1,Jan/2026,0.055131,0.000000,
2026-01-26,0.055131,selic,2026,1,1,Jan/2026,0.055131,0.000000,
2026-01-27,0.055131,selic,2026,1,1,Jan/2026,0.055131,0.000000,
2026-01-28,0.055131,selic,2026,1,1,Jan/2026,0.055131,0.000000,
2026-01-29,0.055131,selic,2026,1,1,Jan/2026,0.055131,0.000000,
2026-01-30,0.055131,selic,2026,1,1,Jan/2026,0.055131,0.000000,
2026-02-02,0.055131,selic,2026,2,1,Feb/2026,0.055131,0.000000,
2026-02-03,0.055131,selic,2026,2,1,Feb/2026,0.055131,0.000000,
2026-02-04,0.055131,selic,2026,2,1,Feb/2026,0.055131,0.000000,
2026-02-05,0.055131,selic,2026,2,1,Feb/2026,0.055131,0.000000,
2026-02-06,0.055131,selic,2026,2,1,Feb/2026,0.055131,0.000000,
2026-02-09,0.055131,selic,2026,2,1,Feb/2026,0.055131,0.000000,
2026-02-10,0.055131,selic,2026,2,1,Feb/2026,0.055131,0.000000,
2026-02-11,0.055131,selic,2026,2,1,Feb/2026,0.055131,0.000000,
2026-02-12,0.055131,selic,2026,2,1,Feb/2026,0.055131,0.000000,
2026-02-13,0.055131,selic,2026,2,1,Feb/2026,0.055131,0.000000,
2026-02-18,0.055131,selic,2026,2,1,Feb/2026,0.055131,0.000000,
2026-02-19,0.055131,selic,2026,2,1,Feb/2026,0.055131,0.000000,
2026-02-20,0.055131,selic,2026,2,1,Feb/2026,0.055131,0.000000,
2026-02-23,0.055131,selic,2026,2,1,Feb/2026,0.055131,0.000000,
2026-02-24,0.055131,selic,2026,2,1,Feb/2026,0.055131,0.000000,
2026-02-25,0.055131,selic,2026,2,1,Feb/2026,0.055131,0.000000,
2026-02-26,0.055131,selic,2026,2,1,Feb/2026,0.055131,0.000000,
2026-02-27,0.055131,selic,2026,2,1,Feb/2026,0.055131,0.000000,
2026-03-02,0.055131,selic,2026,3,1,Mar/2026,0.055131,0.000000,
2026-03-03,0.055131,selic,2026,3,1,Mar/2026,0.055131,0.000000,
2026-03-04,0.055131,selic,2026,3,1,Mar/2026,0.055131,0.000000,
2026-03-05,0.055131,selic,2026,3,1,Mar/2026,0.055131,0.000000,
2026-03-06,0.055131,selic,2026,3,1,Mar/2026,0.055131,0.000000,
2026-03-09,0.055131,selic,2026,3,1,Mar/2026,0.055131,0.000000,
2026-03-10,0.055131,selic,2026,3,1,Mar/2026,0.055131,0.000000,
2026-03-11,0.055131,selic,2026,3,1,Mar/2026,0.055131,0.000000,
2026-03-12,0.055131,selic,2026,3,1,Mar/2026,0.055131,0.000000,
2026-03-13,0.055131,selic,2026,3,1,Mar/2026,0.055131,0.000000,
2026-03-16,0.055131,selic,2026,3,1,Mar/2026,0.055131,0.000000,
2026-03-17,0.055131,selic,2026,3,1,Mar/2026,0.055131,0.000000,
2026-03-18,0.055131,selic,2026,3,1,Mar/2026,0.055131,0.000000,
2026-03-19,0.054266,selic,2026,3,1,Mar/2026,0.055102,-1.568990,
2026-03-20,0.054266,selic,2026,3,1,Mar/2026,0.055073,0.000000,
2026-03-23,0.054266,selic,2026,3,1,Mar/2026,0.055044,0.000000,
2026-03-24,0.054266,selic,2026,3,1,Mar/2026,0.055016,0.000000,
2026-03-25,0.054266,selic,2026,3,1,Mar/2026,0.054987,0.000000,
2026-03-26,0.054266,selic,2026,3,1,Mar/2026,0.054958,0.000000,
2026-03-27,0.054266,selic,2026,3,1,Mar/2026,0.054929,0.000000,
2026-03-30,0.054266,selic,2026,3,1,Mar/2026,0.054900,0.000000,
2026-03-31,0.054266,selic,2026,3,1,Mar/2026,0.054872,0.000000,
2026-04-01,0.054266,selic,2026,4,2,Apr/2026,0.054843,0.000000,
2026-04-02,0.054266,selic,2026,4,2,Apr/2026,0.054814,0.000000,
2026-04-06,0.054266,selic,2026,4,2,Apr/2026,0.054785,0.000000,
2026-04-07,0.054266,selic,2026,4,2,Apr/2026,0.054756,0.000000,
2026-04-08,0.054266,selic,2026,4,2,Apr/2026,0.054727,0.000000,
2026-04-09,0.054266,selic,2026,4,2,Apr/2026,0.054699,0.000000,
2026-04-10,0.054266,selic,2026,4,2,Apr/2026,0.054670,0.000000,
2026-04-13,0.054266,selic,2026,4,2,Apr/2026,0.054641,0.000000,
2026-04-14,0.054266,selic,2026,4,2,Apr/2026,0.054612,0.000000,
2026-04-15,0.054266,selic,2026,4,2,Apr/2026,0.054583,0.000000,
2026-04-16,0.054266,selic,2026,4,2,Apr/2026,0.054554,0.000000,
2026-04-17,0.054266,selic,2026,4,2,Apr/2026,0.054526,0.000000,
2026-04-20,0.054266,selic,2026,4,2,Apr/2026,0.054497,0.000000,
2026-04-22,0.054266,selic,2026,4,2,Apr/2026,0.054468,0.000000,
2026-04-23,0.054266,selic,2026,4,2,Apr/2026,0.054439,0.000000,
2026-04-24,0.054266,selic,2026,4,2,Apr/2026,0.054410,0.000000,
2026-04-27,0.054266,selic,2026,4,2,Apr/2026,0.054381,0.000000,
2026-04-28,0.054266,selic,2026,4,2,Apr/2026,0.054353,0.000000,
2026-04-29,0.054266,selic,2026,4,2,Apr/2026,0.054324,0.000000,
2026-04-30,0.053400,selic,2026,4,2,Apr/2026,0.054266,-1.595843,
2026-05-04,0.053400,selic,2026,5,2,May/2026,0.054208,0.000000,
2026-05-05,0.053400,selic,2026,5,2,May/2026,0.054179,0.000000,
2026-05-06,0.053400,selic,2026,5,2,May/2026,0.054151,0.000000,
2026-05-07,0.053400,selic,2026,5,2,May/2026,0.054122,0.000000,
2026-05-08,0.053400,selic,2026,5,2,May/2026,0.054093,0.000000,
2026-05-11,0.053400,selic,2026,5,2,May/2026,0.054064,0.000000,
2026-05-12,0.053400,selic,2026,5,2,May/2026,0.054035,0.000000,
2026-05-13,0.053400,selic,2026,5,2,May/2026,0.054006,0.000000,
2026-05-14,0.053400,selic,2026,5,2,May/2026,0.053977,0.000000,
2026-05-15,0.053400,selic,2026,5,2,May/2026,0.053948,0.000000,
2026-05-18,0.053400,selic,2026,5,2,May/2026,0.053920,0.000000,
2026-05-19,0.053400,selic,2026,5,2,May/2026,0.053891,0.000000,
2026-05-20,0.053400,selic,2026,5,2,May/2026,0.053862,0.000000,
2026-05-21,0.053400,selic,2026,5,2,May/2026,0.053833,0.000000,
2026-05-22,0.053400,selic,2026,5,2,May/2026,0.053804,0.000000,
2026-05-25,0.053400,selic,2026,5,2,May/2026,0.053775,0.000000,
2026-05-26,0.053400,selic,2026,5,2,May/2026,0.053746,0.000000,
2026-05-27,0.053400,selic,2026,5,2,May/2026,0.053718,0.000000,
2026-05-28,0.053400,selic,2026,5,2,May/2026,0.053689,0.000000,
2026-05-29,0.053400,selic,2026,5,2,May/2026,0.053660,0.000000,
2026-06-01,0.053400,selic,2026,6,2,Jun/2026,0.053631,0.000000,
2026-06-02,0.053400,selic,2026,6,2,Jun/2026,0.053602,0.000000,
2026-06-03,0.053400,selic,2026,6,2,Jun/2026,0.053573,0.000000,
2026-06-05,0.053400,selic,2026,6,2,Jun/2026,0.053544,0.000000,
2026-06-08,0.053400,selic,2026,6,2,Jun/2026,0.053515,0.000000,
2026-06-09,0.053400,selic,2026,6,2,Jun/2026,0.053487,0.000000,
2026-06-10,0.053400,selic,2026,6,2,Jun/2026,0.053458,0.000000,
2026-06-11,0.053400,selic,2026,6,2,Jun/2026,0.053429,0.000000,
2026-06-12,0.053400,selic,2026,6,2,Jun/2026,0.053400,0.000000,
2026-06-15,0.053400,selic,2026,6,2,Jun/2026,0.053400,0.000000,
2026-06-16,0.053400,selic,2026,6,2,Jun/2026,0.053400,0.000000,
2026-06-17,0.053400,selic,2026,6,2,Jun/2026,0.053400,0.000000,
2026-06-18,0.052531,selic,2026,6,2,Jun/2026,0.053371,-1.627341,
2026-06-19,0.052531,selic,2026,6,2,Jun/2026,0.053342,0.000000,
2026-06-22,0.052531,selic,2026,6,2,Jun/2026,0.053313,0.000000,
2026-06-23,0.052531,selic,2026,6,2,Jun/2026,0.053284,0.000000,
2026-06-24,0.052531,selic,2026,6,2,Jun/2026,0.053255,0.000000,
2026-06-25,0.052531,selic,2026,6,2,Jun/2026,0.053226,0.000000,
2026-06-26,0.052531,selic,2026,6,2,Jun/2026,0.053197,0.000000,
2026-06-29,0.052531,selic,2026,6,2,Jun/2026,0.053168,0.000000,
2026-06-30,0.052531,selic,2026,6,2,Jun/2026,0.053139,0.000000,
2026-07-01,0.052531,selic,2026,7,3,Jul/2026,0.053110,0.000000,
2026-07-02,0.052531,selic,2026,7,3,Jul/2026,0.053081,0.000000,
2026-07-03,0.052531,selic,2026,7,3,Jul/2026,0.053052,0.000000,
2026-07-06,0.052531,selic,2026,7,3,Jul/2026,0.053023,0.000000,
2026-07-07,0.052531,selic,2026,7,3,Jul/2026,0.052994,0.000000,
2026-07-08,0.052531,selic,2026,7,3,Jul/2026,0.052966,0.000000,
2026-07-09,0.052531,selic,2026,7,3,Jul/2026,0.052937,0.000000,
2026-07-10,0.052531,selic,2026,7,3,Jul/2026,0.052908,0.000000,
2026-07-13,0.052531,selic,2026,7,3,Jul/2026,0.052879,0.000000,
2026-07-14,0.052531,selic,2026,7,3,Jul/2026,0.052850,0.000000,
2026-07-15,0.052531,selic,2026,7,3,Jul/2026,0.052821,0.000000,
2026-07-16,0.052531,selic,2026,7,3,Jul/2026,0.052792,0.000000,
2026-07-17,0.052531,selic,2026,7,3,Jul/2026,0.052763,0.000000,
2026-07-20,0.052531,selic,2026,7,3,Jul/2026,0.052734,0.000000,
2026-07-21,0.052531,selic,2026,7,3,Jul/2026,0.052705,0.000000,
2026-07-22,0.052531,selic,2026,7,3,Jul/2026,0.052676,0.000000,
2026-07-23,0.052531,selic,2026,7,3,Jul/2026,0.052647,0.000000,
2026-07-24,0.052531,selic,2026,7,3,Jul/2026,0.052618,0.000000,
2026-07-27,0.052531,selic,2026,7,3,Jul/2026,0.052589,0.000000,
2026-07-28,0.052531,selic,2026,7,3,Jul/2026,0.052560,0.000000,
2026-07-29,0.052531,selic,2026,7,3,Jul/2026,0.052531,0.000000,
2026-07-30,0.052531,selic,2026,7,3,Jul/2026,0.052531,0.000000,
2026-07-31,0.052531,selic,2026,7,3,Jul/2026,0.052531,0.000000,
2026-08-03,0.052531,selic,2026,8,3,Aug/2026,0.052531,0.000000,
2026-08-04,0.052531,selic,2026,8,3,Aug/2026,0.052531,0.000000,
2026-08-05,0.052531,selic,2026,8,3,Aug/2026,0.052531,0.000000,
2026-08-06,0.051660,selic,2026,8,3,Aug/2026,0.052502,-1.658069,
2026-08-07,0.051660,selic,2026,8,3,Aug/2026,0.052473,0.000000,
2026-08-10,0.051660,selic,2026,8,3,Aug/2026,0.052444,0.000000,
2026-08-11,0.051660,selic,2026,8,3,Aug/2026,0.052415,0.000000,
2026-08-12,0.051660,selic,2026,8,3,Aug/2026,0.052386,0.000000,
2026-08-13,0.051660,selic,2026,8,3,Aug/2026,0.052357,0.000000,
2026-08-14,0.051660,selic,2026,8,3,Aug/2026,0.052328,0.000000,
2026-08-17,0.051660,selic,2026,8,3,Aug/2026,0.052299,0.000000,
2026-08-18,0.051660,selic,2026,8,3,Aug/2026,0.052270,0.000000,
2026-08-19,0.051660,selic,2026,8,3,Aug/2026,0.052241,0.000000,
