data,valor,indicador
2020-01-02,0.017089,selic
2020-01-03,0.017089,selic
2020-01-06,0.017089,selic
2020-01-07,0.017089,selic
2020-01-08,0.017089,selic
2020-01-09,0.017089,selic
2020-01-10,0.017089,selic
2020-01-13,0.017089,selic
2020-01-14,0.017089,selic
2020-01-15,0.017089,selic
2020-01-16,0.017089,selic
2020-01-17,0.017089,selic
2020-01-20,0.017089,selic
2020-01-21,0.017089,selic
2020-01-22,0.017089,selic
2020-01-23,0.017089,selic
2020-01-24,0.017089,selic
2020-01-27,0.017089,selic
2020-01-28,0.017089,selic
2020-01-29,0.017089,selic
2020-01-30,0.017089,selic
2020-01-31,0.017089,selic
2020-02-03,0.017089,selic
2020-02-04,0.017089,selic
2020-02-05,0.017089,selic
2020-02-06,0.016137,selic
2020-02-07,0.016137,selic
2020-02-10,0.016137,selic
2020-02-11,0.016137,selic
2020-02-12,0.016137,selic
2020-02-13,0.016137,selic
2020-02-14,0.016137,selic
2020-02-17,0.016137,selic
2020-02-18,0.016137,selic
2020-02-19,0.016137,selic
2020-02-20,0.016137,selic
2020-02-21,0.016137,selic
2020-02-26,0.016137,selic
2020-02-27,0.016137,selic
2020-02-28,0.016137,selic
2020-03-02,0.016137,selic
2020-03-03,0.016137,selic
2020-03-04,0.016137,selic
2020-03-05,0.016137,selic
2020-03-06,0.016137,selic
2020-03-09,0.016137,selic
2020-03-10,0.016137,selic
2020-03-11,0.016137,selic
2020-03-12,0.016137,selic
2020-03-13,0.016137,selic
2020-03-16,0.016137,selic
2020-03-17,0.016137,selic
2020-03-18,0.016137,selic
2020-03-19,0.014227,selic
2020-03-20,0.014227,selic
2020-03-23,0.014227,selic
2020-03-24,0.014227,selic
2020-03-25,0.014227,selic
2020-03-26,0.014227,selic
2020-03-27,0.014227,selic
2020-03-30,0.014227,selic
2020-03-31,0.014227,selic
2020-04-01,0.014227,selic
2020-04-02,0.014227,selic
2020-04-03,0.014227,selic
2020-04-06,0.014227,selic
2020-04-07,0.014227,selic
2020-04-08,0.014227,selic
2020-04-09,0.014227,selic
2020-04-13,0.014227,selic
2020-04-14,0.014227,selic
2020-04-15,0.014227,selic
2020-04-16,0.014227,selic
2020-04-17,0.014227,selic
2020-04-20,0.014227,selic
2020-04-22,0.014227,selic
2020-04-23,0.014227,selic
2020-04-24,0.014227,selic
2020-04-27,0.014227,selic
2020-04-28,0.014227,selic
2020-04-29,0.014227,selic
2020-04-30,0.014227,selic
2020-05-04,0.014227,selic
2020-05-05,0.014227,selic
2020-05-06,0.014227,selic
2020-05-07,0.011345,selic
2020-05-08,0.011345,selic
2020-05-11,0.011345,selic
2020-05-12,0.011345,selic
2020-05-13,0.011345,selic
2020-05-14,0.011345,selic
2020-05-15,0.011345,selic
2020-05-18,0.011345,selic
2020-05-19,0.011345,selic
2020-05-20,0.011345,selic
2020-05-21,0.011345,selic
2020-05-22,0.011345,selic
2020-05-25,0.011345,selic
2020-05-26,0.011345,selic
2020-05-27,0.011345,selic
2020-05-28,0.011345,selic
2020-05-29,0.011345,selic
2020-06-01,0.011345,selic
2020-06-02,0.011345,selic
2020-06-03,0.011345,selic
2020-06-04,0.011345,selic
2020-06-05,0.011345,selic
2020-06-08,0.011345,selic
2020-06-09,0.011345,selic
2020-06-10,0.011345,selic
2020-06-12,0.011345,selic
2020-06-15,0.011345,selic
2020-06-16,0.011345,selic
2020-06-17,0.011345,selic
2020-06-18,0.008442,selic
2020-06-19,0.008442,selic
2020-06-22,0.008442,selic
2020-06-23,0.008442,selic
2020-06-24,0.008442,selic
2020-06-25,0.008442,selic
2020-06-26,0.008442,selic
2020-06-29,0.008442,selic
2020-06-30,0.008442,selic
2020-07-01,0.008442,selic
2020-07-02,0.008442,selic
2020-07-03,0.008442,selic
2020-07-06,0.008442,selic
2020-07-07,0.008442,selic
2020-07-08,0.008442,selic
2020-07-09,0.008442,selic
2020-07-10,0.008442,selic
2020-07-13,0.008442,selic
2020-07-14,0.008442,selic
2020-07-15,0.008442,selic
2020-07-16,0.008442,selic
2020-07-17,0.008442,selic
2020-07-20,0.008442,selic
2020-07-21,0.008442,selic
2020-07-22,0.008442,selic
2020-07-23,0.008442,selic
2020-07-24,0.008442,selic
2020-07-27,0.008442,selic
2020-07-28,0.008442,selic
2020-07-29,0.008442,selic
2020-07-30,0.008442,selic
2020-07-31,0.008442,selic
2020-08-03,0.008442,selic
2020-08-04,0.008442,selic
2020-08-05,0.008442,selic
2020-08-06,0.007469,selic
2020-08-07,0.007469,selic
2020-08-10,0.007469,selic
2020-08-11,0.007469,selic
2020-08-12,0.007469,selic
2020-08-13,0.007469,selic
2020-08-14,0.007469,selic
2020-08-17,0.007469,selic
2020-08-18,0.007469,selic
2020-08-19,0.007469,selic
2020-08-20,0.007469,selic
2020-08-21,0.007469,selic
2020-08-24,0.007469,selic
2020-08-25,0.007469,selic
2020-08-26,0.007469,selic
2020-08-27,0.007469,selic
2020-08-28,0.007469,selic
2020-08-31,0.007469,selic
2020-09-01,0.007469,selic
2020-09-02,0.007469,selic
2020-09-03,0.007469,selic
2020-09-04,0.007469,selic
2020-09-08,0.007469,selic
2020-09-09,0.007469,selic
2020-09-10,0.007469,selic
2020-09-11,0.007469,selic
2020-09-14,0.007469,selic
2020-09-15,0.007469,selic
2020-09-16,0.007469,selic
2020-09-17,0.007469,selic
2020-09-18,0.007469,selic
2020-09-21,0.007469,selic
2020-09-22,0.007469,selic
2020-09-23,0.007469,selic
2020-09-24,0.007469,selic
2020-09-25,0.007469,selic
2020-09-28,0.007469,selic
2020-09-29,0.007469,selic
2020-09-30,0.007469,selic
2020-10-01,0.007469,selic
2020-10-02,0.007469,selic
2020-10-05,0.007469,selic
2020-10-06,0.007469,selic
2020-10-07,0.007469,selic
2020-10-08,0.007469,selic
2020-10-09,0.007469,selic
2020-10-13,0.007469,selic
2020-10-14,0.007469,selic
2020-10-15,0.007469,selic
2020-10-16,0.007469,selic
2020-10-19,0.007469,selic
2020-10-20,0.007469,selic
2020-10-21,0.007469,selic
2020-10-22,0.007469,selic
2020-10-23,0.007469,selic
2020-10-26,0.007469,selic
2020-10-27,0.007469,selic
2020-10-28,0.007469,selic
2020-10-29,0.007469,selic
2020-10-30,0.007469,selic
2020-11-03,0.007469,selic
2020-11-04,0.007469,selic
2020-11-05,0.007469,selic
2020-11-06,0.007469,selic
2020-11-09,0.007469,selic
2020-11-10,0.007469,selic
2020-11-11,0.007469,selic
2020-11-12,0.007469,selic
2020-11-13,0.007469,selic
2020-11-16,0.007469,selic
2020-11-17,0.007469,selic
2020-11-18,0.007469,selic
2020-11-19,0.007469,selic
2020-11-20,0.007469,selic
2020-11-23,0.007469,selic
2020-11-24,0.007469,selic
2020-11-25,0.007469,selic
2020-11-26,0.007469,selic
2020-11-27,0.007469,selic
2020-11-30,0.007469,selic
2020-12-01,0.007469,selic
2020-12-02,0.007469,selic
2020-12-03,0.007469,selic
2020-12-04,0.007469,selic
2020-12-07,0.007469,selic
2020-12-08,0.007469,selic
2020-12-09,0.007469,selic
2020-12-10,0.007469,selic
2020-12-11,0.007469,selic
2020-12-14,0.007469,selic
2020-12-15,0.007469,selic
2020-12-16,0.007469,selic
2020-12-17,0.007469,selic
2020-12-18,0.007469,selic
2020-12-21,0.007469,selic
2020-12-22,0.007469,selic
2020-12-23,0.007469,selic
2020-12-24,0.007469,selic
2020-12-28,0.007469,selic
2020-12-29,0.007469,selic
2020-12-30,0.007469,selic
2020-12-31,0.007469,selic
2021-01-04,0.007469,selic
2021-01-05,0.007469,selic
2021-01-06,0.007469,selic
2021-01-07,0.007469,selic
2021-01-08,0.007469,selic
2021-01-11,0.007469,selic
2021-01-12,0.007469,selic
2021-01-13,0.007469,selic
2021-01-14,0.007469,selic
2021-01-15,0.007469,selic
2021-01-18,0.007469,selic
2021-01-19,0.007469,selic
2021-01-20,0.007469,selic
2021-01-21,0.007469,selic
2021-01-22,0.007469,selic
2021-01-25,0.007469,selic
2021-01-26,0.007469,selic
2021-01-27,0.007469,selic
2021-01-28,0.007469,selic
2021-01-29,0.007469,selic
2021-02-01,0.007469,selic
2021-02-02,0.007469,selic
2021-02-03,0.007469,selic
2021-02-04,0.007469,selic
2021-02-05,0.007469,selic
2021-02-08,0.007469,selic
2021-02-09,0.007469,selic
2021-02-10,0.007469,selic
2021-02-11,0.007469,selic
2021-02-12,0.007469,selic
2021-02-17,0.007469,selic
2021-02-18,0.007469,selic
2021-02-19,0.007469,selic
2021-02-22,0.007469,selic
2021-02-23,0.007469,selic
2021-02-24,0.007469,selic
2021-02-25,0.007469,selic
2021-02-26,0.007469,selic
2021-03-01,0.007469,selic
2021-03-02,0.007469,selic
2021-03-03,0.007469,selic
2021-03-04,0.007469,selic
2021-03-05,0.007469,selic
2021-03-08,0.007469,selic
2021-03-09,0.007469,selic
2021-03-10,0.007469,selic
2021-03-11,0.007469,selic
2021-03-12,0.007469,selic
2021-03-15,0.007469,selic
2021-03-16,0.007469,selic
2021-03-17,0.007469,selic
2021-03-18,0.010379,selic
2021-03-19,0.010379,selic
2021-03-22,0.010379,selic
2021-03-23,0.010379,selic
2021-03-24,0.010379,selic
2021-03-25,0.010379,selic
2021-03-26,0.010379,selic
2021-03-29,0.010379,selic
2021-03-30,0.010379,selic
2021-03-31,0.010379,selic
2021-04-01,0.010379,selic
2021-04-05,0.010379,selic
2021-04-06,0.010379,selic
2021-04-07,0.010379,selic
2021-04-08,0.010379,selic
2021-04-09,0.010379,selic
2021-04-12,0.010379,selic
2021-04-13,0.010379,selic
2021-04-14,0.010379,selic
2021-04-15,0.010379,selic
2021-04-16,0.010379,selic
2021-04-19,0.010379,selic
2021-04-20,0.010379,selic
2021-04-22,0.010379,selic
2021-04-23,0.010379,selic
2021-04-26,0.010379,selic
2021-04-27,0.010379,selic
2021-04-28,0.010379,selic
2021-04-29,0.010379,selic
2021-04-30,0.010379,selic
2021-05-03,0.010379,selic
2021-05-04,0.010379,selic
2021-05-05,0.010379,selic
2021-05-06,0.013269,selic
2021-05-07,0.013269,selic
2021-05-10,0.013269,selic
2021-05-11,0.013269,selic
2021-05-12,0.013269,selic
2021-05-13,0.013269,selic
2021-05-14,0.013269,selic
2021-05-17,0.013269,selic
2021-05-18,0.013269,selic
2021-05-19,0.013269,selic
2021-05-20,0.013269,selic
2021-05-21,0.013269,selic
2021-05-24,0.013269,selic
2021-05-25,0.013269,selic
2021-05-26,0.013269,selic
2021-05-27,0.013269,selic
2021-05-28,0.013269,selic
2021-05-31,0.013269,selic
2021-06-01,0.013269,selic
2021-06-02,0.013269,selic
2021-06-04,0.013269,selic
2021-06-07,0.013269,selic
2021-06-08,0.013269,selic
2021-06-09,0.013269,selic
2021-06-10,0.013269,selic
2021-06-11,0.013269,selic
2021-06-14,0.013269,selic
2021-06-15,0.013269,selic
2021-06-16,0.013269,selic
2021-06-17,0.016137,selic
2021-06-18,0.016137,selic
2021-06-21,0.016137,selic
2021-06-22,0.016137,selic
2021-06-23,0.016137,selic
2021-06-24,0.016137,selic
2021-06-25,0.016137,selic
2021-06-28,0.016137,selic
2021-06-29,0.016137,selic
2021-06-30,0.016137,selic
2021-07-01,0.016137,selic
2021-07-02,0.016137,selic
2021-07-05,0.016137,selic
2021-07-06,0.016137,selic
2021-07-07,0.016137,selic
2021-07-08,0.016137,selic
2021-07-09,0.016137,selic
2021-07-12,0.016137,selic
2021-07-13,0.016137,selic
2021-07-14,0.016137,selic
2021-07-15,0.016137,selic
2021-07-16,0.016137,selic
2021-07-19,0.016137,selic
2021-07-20,0.016137,selic
2021-07-21,0.016137,selic
2021-07-22,0.016137,selic
2021-07-23,0.016137,selic
2021-07-26,0.016137,selic
2021-07-27,0.016137,selic
2021-07-28,0.016137,selic
2021-07-29,0.016137,selic
2021-07-30,0.016137,selic
2021-08-02,0.016137,selic
2021-08-03,0.016137,selic
2021-08-04,0.016137,selic
2021-08-05,0.01993,selic
2021-08-06,0.01993,selic
2021-08-09,0.01993,selic
2021-08-10,0.01993,selic
2021-08-11,0.01993,selic
2021-08-12,0.01993,selic
2021-08-13,0.01993,selic
2021-08-16,0.01993,selic
2021-08-17,0.01993,selic
2021-08-18,0.01993,selic
2021-08-19,0.01993,selic
2021-08-20,0.01993,selic
2021-08-23,0.01993,selic
2021-08-24,0.01993,selic
2021-08-25,0.01993,selic
2021-08-26,0.01993,selic
2021-08-27,0.01993,selic
2021-08-30,0.01993,selic
2021-08-31,0.01993,selic
2021-09-01,0.01993,selic
2021-09-02,0.01993,selic
2021-09-03,0.01993,selic
2021-09-06,0.01993,selic
2021-09-08,0.01993,selic
2021-09-09,0.01993,selic
2021-09-10,0.01993,selic
2021-09-13,0.01993,selic
2021-09-14,0.01993,selic
2021-09-15,0.01993,selic
2021-09-16,0.01993,selic
2021-09-17,0.01993,selic
2021-09-20,0.01993,selic
2021-09-21,0.01993,selic
2021-09-22,0.01993,selic
2021-09-23,0.023687,selic
2021-09-24,0.023687,selic
2021-09-27,0.023687,selic
2021-09-28,0.023687,selic
2021-09-29,0.023687,selic
2021-09-30,0.023687,selic
2021-10-01,0.023687,selic
2021-10-04,0.023687,selic
2021-10-05,0.023687,selic
2021-10-06,0.023687,selic
2021-10-07,0.023687,selic
2021-10-08,0.023687,selic
2021-10-11,0.023687,selic
2021-10-13,0.023687,selic
2021-10-14,0.023687,selic
2021-10-15,0.023687,selic
2021-10-18,0.023687,selic
2021-10-19,0.023687,selic
2021-10-20,0.023687,selic
2021-10-21,0.023687,selic
2021-10-22,0.023687,selic
2021-10-25,0.023687,selic
2021-10-26,0.023687,selic
2021-10-27,0.023687,selic
2021-10-28,0.029256,selic
2021-10-29,0.029256,selic
2021-11-01,0.029256,selic
2021-11-03,0.029256,selic
2021-11-04,0.029256,selic
2021-11-05,0.029256,selic
2021-11-08,0.029256,selic
2021-11-09,0.029256,selic
2021-11-10,0.029256,selic
2021-11-11,0.029256,selic
2021-11-12,0.029256,selic
2021-11-16,0.029256,selic
2021-11-17,0.029256,selic
2021-11-18,0.029256,selic
2021-11-19,0.029256,selic
2021-11-22,0.029256,selic
2021-11-23,0.029256,selic
2021-11-24,0.029256,selic
2021-11-25,0.029256,selic
2021-11-26,0.029256,selic
2021-11-29,0.029256,selic
2021-11-30,0.029256,selic
2021-12-01,0.029256,selic
2021-12-02,0.029256,selic
2021-12-03,0.029256,selic
2021-12-06,0.029256,selic
2021-12-07,0.029256,selic
2021-12-08,0.029256,selic
2021-12-09,0.034749,selic
2021-12-10,0.034749,selic
2021-12-13,0.034749,selic
2021-12-14,0.034749,selic
2021-12-15,0.034749,selic
2021-12-16,0.034749,selic
2021-12-17,0.034749,selic
2021-12-20,0.034749,selic
2021-12-21,0.034749,selic
2021-12-22,0.034749,selic
2021-12-23,0.034749,selic
2021-12-24,0.034749,selic
2021-12-27,0.034749,selic
2021-12-28,0.034749,selic
2021-12-29,0.034749,selic
2021-12-30,0.034749,selic
2021-12-31,0.034749,selic
2022-01-03,0.034749,selic
2022-01-04,0.034749,selic
2022-01-05,0.034749,selic
2022-01-06,0.034749,selic
2022-01-07,0.034749,selic
2022-01-10,0.034749,selic
2022-01-11,0.034749,selic
2022-01-12,0.034749,selic
2022-01-13,0.034749,selic
2022-01-14,0.034749,selic
2022-01-17,0.034749,selic
2022-01-18,0.034749,selic
2022-01-19,0.034749,selic
2022-01-20,0.034749,selic
2022-01-21,0.034749,selic
2022-01-24,0.034749,selic
2022-01-25,0.034749,selic
2022-01-26,0.034749,selic
2022-01-27,0.034749,selic
2022-01-28,0.034749,selic
2022-01-31,0.034749,selic
2022-02-01,0.034749,selic
2022-02-02,0.034749,selic
2022-02-03,0.040168,selic
2022-02-04,0.040168,selic
2022-02-07,0.040168,selic
2022-02-08,0.040168,selic
2022-02-09,0.040168,selic
2022-02-10,0.040168,selic
2022-02-11,0.040168,selic
2022-02-14,0.040168,selic
2022-02-15,0.040168,selic
2022-02-16,0.040168,selic
2022-02-17,0.040168,selic
2022-02-18,0.040168,selic
2022-02-21,0.040168,selic
2022-02-22,0.040168,selic
2022-02-23,0.040168,selic
2022-02-24,0.040168,selic
2022-02-25,0.040168,selic
2022-03-02,0.040168,selic
2022-03-03,0.040168,selic
2022-03-04,0.040168,selic
2022-03-07,0.040168,selic
2022-03-08,0.040168,selic
2022-03-09,0.040168,selic
2022-03-10,0.040168,selic
2022-03-11,0.040168,selic
2022-03-14,0.040168,selic
2022-03-15,0.040168,selic
2022-03-16,0.040168,selic
2022-03-17,0.043739,selic
2022-03-18,0.043739,selic
2022-03-21,0.043739,selic
2022-03-22,0.043739,selic
2022-03-23,0.043739,selic
2022-03-24,0.043739,selic
2022-03-25,0.043739,selic
2022-03-28,0.043739,selic
2022-03-29,0.043739,selic
2022-03-30,0.043739,selic
2022-03-31,0.043739,selic
2022-04-01,0.043739,selic
2022-04-04,0.043739,selic
2022-04-05,0.043739,selic
2022-04-06,0.043739,selic
2022-04-07,0.043739,selic
2022-04-08,0.043739,selic
2022-04-11,0.043739,selic
2022-04-12,0.043739,selic
2022-04-13,0.043739,selic
2022-04-14,0.043739,selic
2022-04-18,0.043739,selic
2022-04-19,0.043739,selic
2022-04-20,0.043739,selic
2022-04-22,0.043739,selic
2022-04-25,0.043739,selic
2022-04-26,0.043739,selic
2022-04-27,0.043739,selic
2022-04-28,0.043739,selic
2022-04-29,0.043739,selic
2022-05-02,0.043739,selic
2022-05-03,0.043739,selic
2022-05-04,0.043739,selic
2022-05-05,0.047279,selic
2022-05-06,0.047279,selic
2022-05-09,0.047279,selic
2022-05-10,0.047279,selic
2022-05-11,0.047279,selic
2022-05-12,0.047279,selic
2022-05-13,0.047279,selic
2022-05-16,0.047279,selic
2022-05-17,0.047279,selic
2022-05-18,0.047279,selic
2022-05-19,0.047279,selic
2022-05-20,0.047279,selic
2022-05-23,0.047279,selic
2022-05-24,0.047279,selic
2022-05-25,0.047279,selic
2022-05-26,0.047279,selic
2022-05-27,0.047279,selic
2022-05-30,0.047279,selic
2022-05-31,0.047279,selic
2022-06-01,0.047279,selic
2022-06-02,0.047279,selic
2022-06-03,0.047279,selic
2022-06-06,0.047279,selic
2022-06-07,0.047279,selic
2022-06-08,0.047279,selic
2022-06-09,0.047279,selic
2022-06-10,0.047279,selic
2022-06-13,0.047279,selic
2022-06-14,0.047279,selic
2022-06-15,0.047279,selic
2022-06-17,0.049037,selic
2022-06-20,0.049037,selic
2022-06-21,0.049037,selic
2022-06-22,0.049037,selic
2022-06-23,0.049037,selic
2022-06-24,0.049037,selic
2022-06-27,0.049037,selic
2022-06-28,0.049037,selic
2022-06-29,0.049037,selic
2022-06-30,0.049037,selic
2022-07-01,0.049037,selic
2022-07-04,0.049037,selic
2022-07-05,0.049037,selic
2022-07-06,0.049037,selic
2022-07-07,0.049037,selic
2022-07-08,0.049037,selic
2022-07-11,0.049037,selic
2022-07-12,0.049037,selic
2022-07-13,0.049037,selic
2022-07-14,0.049037,selic
2022-07-15,0.049037,selic
2022-07-18,0.049037,selic
2022-07-19,0.049037,selic
2022-07-20,0.049037,selic
2022-07-21,0.049037,selic
2022-07-22,0.049037,selic
2022-07-25,0.049037,selic
2022-07-26,0.049037,selic
2022-07-27,0.049037,selic
2022-07-28,0.049037,selic
2022-07-29,0.049037,selic
2022-08-01,0.049037,selic
2022-08-02,0.049037,selic
2022-08-03,0.049037,selic
2022-08-04,0.050788,selic
2022-08-05,0.050788,selic
2022-08-08,0.050788,selic
2022-08-09,0.050788,selic
2022-08-10,0.050788,selic
2022-08-11,0.050788,selic
2022-08-12,0.050788,selic
2022-08-15,0.050788,selic
2022-08-16,0.050788,selic
2022-08-17,0.050788,selic
2022-08-18,0.050788,selic
2022-08-19,0.050788,selic
2022-08-22,0.050788,selic
2022-08-23,0.050788,selic
2022-08-24,0.050788,selic
2022-08-25,0.050788,selic
2022-08-26,0.050788,selic
2022-08-29,0.050788,selic
2022-08-30,0.050788,selic
2022-08-31,0.050788,selic
2022-09-01,0.050788,selic
2022-09-02,0.050788,selic
2022-09-05,0.050788,selic
2022-09-06,0.050788,selic
2022-09-08,0.050788,selic
2022-09-09,0.050788,selic
2022-09-12,0.050788,selic
2022-09-13,0.050788,selic
2022-09-14,0.050788,selic
2022-09-15,0.050788,selic
2022-09-16,0.050788,selic
2022-09-19,0.050788,selic
2022-09-20,0.050788,selic
2022-09-21,0.050788,selic
2022-09-22,0.050788,selic
2022-09-23,0.050788,selic
2022-09-26,0.050788,selic
2022-09-27,0.050788,selic
2022-09-28,0.050788,selic
2022-09-29,0.050788,selic
2022-09-30,0.050788,selic
2022-10-03,0.050788,selic
2022-10-04,0.050788,selic
2022-10-05,0.050788,selic
2022-10-06,0.050788,selic
2022-10-07,0.050788,selic
2022-10-10,0.050788,selic
2022-10-11,0.050788,selic
2022-10-13,0.050788,selic
2022-10-14,0.050788,selic
2022-10-17,0.050788,selic
2022-10-18,0.050788,selic
2022-10-19,0.050788,selic
2022-10-20,0.050788,selic
2022-10-21,0.050788,selic
2022-10-24,0.050788,selic
2022-10-25,0.050788,selic
2022-10-26,0.050788,selic
2022-10-27,0.050788,selic
2022-10-28,0.050788,selic
2022-10-31,0.050788,selic
2022-11-01,0.050788,selic
2022-11-03,0.050788,selic
2022-11-04,0.050788,selic
2022-11-07,0.050788,selic
2022-11-08,0.050788,selic
2022-11-09,0.050788,selic
2022-11-10,0.050788,selic
2022-11-11,0.050788,selic
2022-11-14,0.050788,selic
2022-11-16,0.050788,selic
2022-11-17,0.050788,selic
2022-11-18,0.050788,selic
2022-11-21,0.050788,selic
2022-11-22,0.050788,selic
2022-11-23,0.050788,selic
2022-11-24,0.050788,selic
2022-11-25,0.050788,selic
2022-11-28,0.050788,selic
2022-11-29,0.050788,selic
2022-11-30,0.050788,selic
2022-12-01,0.050788,selic
2022-12-02,0.050788,selic
2022-12-05,0.050788,selic
2022-12-06,0.050788,selic
2022-12-07,0.050788,selic
2022-12-08,0.050788,selic
2022-12-09,0.050788,selic
2022-12-12,0.050788,selic
2022-12-13,0.050788,selic
2022-12-14,0.050788,selic
2022-12-15,0.050788,selic
2022-12-16,0.050788,selic
2022-12-19,0.050788,selic
2022-12-20,0.050788,selic
2022-12-21,0.050788,selic
2022-12-22,0.050788,selic
2022-12-23,0.050788,selic
2022-12-26,0.050788,selic
2022-12-27,0.050788,selic
2022-12-28,0.050788,selic
2022-12-29,0.050788,selic
2022-12-30,0.050788,selic
2023-01-02,0.050788,selic
2023-01-03,0.050788,selic
2023-01-04,0.050788,selic
2023-01-05,0.050788,selic
2023-01-06,0.050788,selic
2023-01-09,0.050788,selic
2023-01-10,0.050788,selic
2023-01-11,0.050788,selic
2023-01-12,0.050788,selic
2023-01-13,0.050788,selic
2023-01-16,0.050788,selic
2023-01-17,0.050788,selic
2023-01-18,0.050788,selic
2023-01-19,0.050788,selic
2023-01-20,0.050788,selic
2023-01-23,0.050788,selic
2023-01-24,0.050788,selic
2023-01-25,0.050788,selic
2023-01-26,0.050788,selic
2023-01-27,0.050788,selic
2023-01-30,0.050788,selic
2023-01-31,0.050788,selic
2023-02-01,0.050788,selic
2023-02-02,0.050788,selic
2023-02-03,0.050788,selic
2023-02-06,0.050788,selic
2023-02-07,0.050788,selic
2023-02-08,0.050788,selic
2023-02-09,0.050788,selic
2023-02-10,0.050788,selic
2023-02-13,0.050788,selic
2023-02-14,0.050788,selic
2023-02-15,0.050788,selic
2023-02-16,0.050788,selic
2023-02-17,0.050788,selic
2023-02-22,0.050788,selic
2023-02-23,0.050788,selic
2023-02-24,0.050788,selic
2023-02-27,0.050788,selic
2023-02-28,0.050788,selic
2023-03-01,0.050788,selic
2023-03-02,0.050788,selic
2023-03-03,0.050788,selic
2023-03-06,0.050788,selic
2023-03-07,0.050788,selic
2023-03-08,0.050788,selic
2023-03-09,0.050788,selic
2023-03-10,0.050788,selic
2023-03-13,0.050788,selic
2023-03-14,0.050788,selic
2023-03-15,0.050788,selic
2023-03-16,0.050788,selic
2023-03-17,0.050788,selic
2023-03-20,0.050788,selic
2023-03-21,0.050788,selic
2023-03-22,0.050788,selic
2023-03-23,0.050788,selic
2023-03-24,0.050788,selic
2023-03-27,0.050788,selic
2023-03-28,0.050788,selic
2023-03-29,0.050788,selic
2023-03-30,0.050788,selic
2023-03-31,0.050788,selic
2023-04-03,0.050788,selic
2023-04-04,0.050788,selic
2023-04-05,0.050788,selic
2023-04-06,0.050788,selic
2023-04-10,0.050788,selic
2023-04-11,0.050788,selic
2023-04-12,0.050788,selic
2023-04-13,0.050788,selic
2023-04-14,0.050788,selic
2023-04-17,0.050788,selic
2023-04-18,0.050788,selic
2023-04-19,0.050788,selic
2023-04-20,0.050788,selic
2023-04-24,0.050788,selic
2023-04-25,0.050788,selic
2023-04-26,0.050788,selic
2023-04-27,0.050788,selic
2023-04-28,0.050788,selic
2023-05-02,0.050788,selic
2023-05-03,0.050788,selic
2023-05-04,0.050788,selic
2023-05-05,0.050788,selic
2023-05-08,0.050788,selic
2023-05-09,0.050788,selic
2023-05-10,0.050788,selic
2023-05-11,0.050788,selic
2023-05-12,0.050788,selic
2023-05-15,0.050788,selic
2023-05-16,0.050788,selic
2023-05-17,0.050788,selic
2023-05-18,0.050788,selic
2023-05-19,0.050788,selic
2023-05-22,0.050788,selic
2023-05-23,0.050788,selic
2023-05-24,0.050788,selic
2023-05-25,0.050788,selic
2023-05-26,0.050788,selic
2023-05-29,0.050788,selic
2023-05-30,0.050788,selic
2023-05-31,0.050788,selic
2023-06-01,0.050788,selic
2023-06-02,0.050788,selic
2023-06-05,0.050788,selic
2023-06-06,0.050788,selic
2023-06-07,0.050788,selic
2023-06-09,0.050788,selic
2023-06-12,0.050788,selic
2023-06-13,0.050788,selic
2023-06-14,0.050788,selic
2023-06-15,0.050788,selic
2023-06-16,0.050788,selic
2023-06-19,0.050788,selic
2023-06-20,0.050788,selic
2023-06-21,0.050788,selic
2023-06-22,0.050788,selic
2023-06-23,0.050788,selic
2023-06-26,0.050788,selic
2023-06-27,0.050788,selic
2023-06-28,0.050788,selic
2023-06-29,0.050788,selic
2023-06-30,0.050788,selic
2023-07-03,0.050788,selic
2023-07-04,0.050788,selic
2023-07-05,0.050788,selic
2023-07-06,0.050788,selic
2023-07-07,0.050788,selic
2023-07-10,0.050788,selic
2023-07-11,0.050788,selic
2023-07-12,0.050788,selic
2023-07-13,0.050788,selic
2023-07-14,0.050788,selic
2023-07-17,0.050788,selic
2023-07-18,0.050788,selic
2023-07-19,0.050788,selic
2023-07-20,0.050788,selic
2023-07-21,0.050788,selic
2023-07-24,0.050788,selic
2023-07-25,0.050788,selic
2023-07-26,0.050788,selic
2023-07-27,0.050788,selic
2023-07-28,0.050788,selic
2023-07-31,0.050788,selic
2023-08-01,0.050788,selic
2023-08-02,0.050788,selic
2023-08-03,0.049037,selic
2023-08-04,0.049037,selic
2023-08-07,0.049037,selic
2023-08-08,0.049037,selic
2023-08-09,0.049037,selic
2023-08-10,0.049037,selic
2023-08-11,0.049037,selic
2023-08-14,0.049037,selic
2023-08-15,0.049037,selic
2023-08-16,0.049037,selic
2023-08-17,0.049037,selic
2023-08-18,0.049037,selic
2023-08-21,0.049037,selic
2023-08-22,0.049037,selic
2023-08-23,0.049037,selic
2023-08-24,0.049037,selic
2023-08-25,0.049037,selic
2023-08-28,0.049037,selic
2023-08-29,0.049037,selic
2023-08-30,0.049037,selic
2023-08-31,0.049037,selic
2023-09-01,0.049037,selic
2023-09-04,0.049037,selic
2023-09-05,0.049037,selic
2023-09-06,0.049037,selic
2023-09-08,0.049037,selic
2023-09-11,0.049037,selic
2023-09-12,0.049037,selic
2023-09-13,0.049037,selic
2023-09-14,0.049037,selic
2023-09-15,0.049037,selic
2023-09-18,0.049037,selic
2023-09-19,0.049037,selic
2023-09-20,0.049037,selic
2023-09-21,0.047279,selic
2023-09-22,0.047279,selic
2023-09-25,0.047279,selic
2023-09-26,0.047279,selic
2023-09-27,0.047279,selic
2023-09-28,0.047279,selic
2023-09-29,0.047279,selic
2023-10-02,0.047279,selic
2023-10-03,0.047279,selic
2023-10-04,0.047279,selic
2023-10-05,0.047279,selic
2023-10-06,0.047279,selic
2023-10-09,0.047279,selic
2023-10-10,0.047279,selic
2023-10-11,0.047279,selic
2023-10-13,0.047279,selic
2023-10-16,0.047279,selic
2023-10-17,0.047279,selic
2023-10-18,0.047279,selic
2023-10-19,0.047279,selic
2023-10-20,0.047279,selic
2023-10-23,0.047279,selic
2023-10-24,0.047279,selic
2023-10-25,0.047279,selic
2023-10-26,0.047279,selic
2023-10-27,0.047279,selic
2023-10-30,0.047279,selic
2023-10-31,0.047279,selic
2023-11-01,0.047279,selic
2023-11-03,0.045513,selic
2023-11-06,0.045513,selic
2023-11-07,0.045513,selic
2023-11-08,0.045513,selic
2023-11-09,0.045513,selic
2023-11-10,0.045513,selic
2023-11-13,0.045513,selic
2023-11-14,0.045513,selic
2023-11-16,0.045513,selic
2023-11-17,0.045513,selic
2023-11-20,0.045513,selic
2023-11-21,0.045513,selic
2023-11-22,0.045513,selic
2023-11-23,0.045513,selic
2023-11-24,0.045513,selic
2023-11-27,0.045513,selic
2023-11-28,0.045513,selic
2023-11-29,0.045513,selic
2023-11-30,0.045513,selic
2023-12-01,0.045513,selic
2023-12-04,0.045513,selic
2023-12-05,0.045513,selic
2023-12-06,0.045513,selic
2023-12-07,0.045513,selic
2023-12-08,0.045513,selic
2023-12-11,0.045513,selic
2023-12-12,0.045513,selic
2023-12-13,0.045513,selic
2023-12-14,0.043739,selic
2023-12-15,0.043739,selic
2023-12-18,0.043739,selic
2023-12-19,0.043739,selic
2023-12-20,0.043739,selic
2023-12-21,0.043739,selic
2023-12-22,0.043739,selic
2023-12-26,0.043739,selic
2023-12-27,0.043739,selic
2023-12-28,0.043739,selic
2023-12-29,0.043739,selic
2024-01-02,0.043739,selic
2024-01-03,0.043739,selic
2024-01-04,0.043739,selic
2024-01-05,0.043739,selic
2024-01-08,0.043739,selic
2024-01-09,0.043739,selic
2024-01-10,0.043739,selic
2024-01-11,0.043739,selic
2024-01-12,0.043739,selic
2024-01-15,0.043739,selic
2024-01-16,0.043739,selic
2024-01-17,0.043739,selic
2024-01-18,0.043739,selic
2024-01-19,0.043739,selic
2024-01-22,0.043739,selic
2024-01-23,0.043739,selic
2024-01-24,0.043739,selic
2024-01-25,0.043739,selic
2024-01-26,0.043739,selic
2024-01-29,0.043739,selic
2024-01-30,0.043739,selic
2024-01-31,0.043739,selic
2024-02-01,0.041957,selic
2024-02-02,0.041957,selic
2024-02-05,0.041957,selic
2024-02-06,0.041957,selic
2024-02-07,0.041957,selic
2024-02-08,0.041957,selic
2024-02-09,0.041957,selic
2024-02-14,0.041957,selic
2024-02-15,0.041957,selic
2024-02-16,0.041957,selic
2024-02-19,0.041957,selic
2024-02-20,0.041957,selic
2024-02-21,0.041957,selic
2024-02-22,0.041957,selic
2024-02-23,0.041957,selic
2024-02-26,0.041957,selic
2024-02-27,0.041957,selic
2024-02-28,0.041957,selic
2024-02-29,0.041957,selic
2024-03-01,0.041957,selic
2024-03-04,0.041957,selic
2024-03-05,0.041957,selic
2024-03-06,0.041957,selic
2024-03-07,0.041957,selic
2024-03-08,0.041957,selic
2024-03-11,0.041957,selic
2024-03-12,0.041957,selic
2024-03-13,0.041957,selic
2024-03-14,0.041957,selic
2024-03-15,0.041957,selic
2024-03-18,0.041957,selic
2024-03-19,0.041957,selic
2024-03-20,0.041957,selic
2024-03-21,0.040168,selic
2024-03-22,0.040168,selic
2024-03-25,0.040168,selic
2024-03-26,0.040168,selic
2024-03-27,0.040168,selic
2024-03-28,0.040168,selic
2024-04-01,0.040168,selic
2024-04-02,0.040168,selic
2024-04-03,0.040168,selic
2024-04-04,0.040168,selic
2024-04-05,0.040168,selic
2024-04-08,0.040168,selic
2024-04-09,0.040168,selic
2024-04-10,0.040168,selic
2024-04-11,0.040168,selic
2024-04-12,0.040168,selic
2024-04-15,0.040168,selic
2024-04-16,0.040168,selic
2024-04-17,0.040168,selic
2024-04-18,0.040168,selic
2024-04-19,0.040168,selic
2024-04-22,0.040168,selic
2024-04-23,0.040168,selic
2024-04-24,0.040168,selic
2024-04-25,0.040168,selic
2024-04-26,0.040168,selic
2024-04-29,0.040168,selic
2024-04-30,0.040168,selic
2024-05-02,0.040168,selic
2024-05-03,0.040168,selic
2024-05-06,0.040168,selic
2024-05-07,0.040168,selic
2024-05-08,0.040168,selic
2024-05-09,0.03927,selic
2024-05-10,0.03927,selic
2024-05-13,0.03927,selic
2024-05-14,0.03927,selic
2024-05-15,0.03927,selic
2024-05-16,0.03927,selic
2024-05-17,0.03927,selic
2024-05-20,0.03927,selic
2024-05-21,0.03927,selic
2024-05-22,0.03927,selic
2024-05-23,0.03927,selic
2024-05-24,0.03927,selic
2024-05-27,0.03927,selic
2024-05-28,0.03927,selic
2024-05-29,0.03927,selic
2024-05-31,0.03927,selic
2024-06-03,0.03927,selic
2024-06-04,0.03927,selic
2024-06-05,0.03927,selic
2024-06-06,0.03927,selic
2024-06-07,0.03927,selic
2024-06-10,0.03927,selic
2024-06-11,0.03927,selic
2024-06-12,0.03927,selic
2024-06-13,0.03927,selic
2024-06-14,0.03927,selic
2024-06-17,0.03927,selic
2024-06-18,0.03927,selic
2024-06-19,0.03927,selic
2024-06-20,0.03927,selic
2024-06-21,0.03927,selic
2024-06-24,0.03927,selic
2024-06-25,0.03927,selic
2024-06-26,0.03927,selic
2024-06-27,0.03927,selic
2024-06-28,0.03927,selic
2024-07-01,0.03927,selic
2024-07-02,0.03927,selic
2024-07-03,0.03927,selic
2024-07-04,0.03927,selic
2024-07-05,0.03927,selic
2024-07-08,0.03927,selic
2024-07-09,0.03927,selic
2024-07-10,0.03927,selic
2024-07-11,0.03927,selic
2024-07-12,0.03927,selic
2024-07-15,0.03927,selic
2024-07-16,0.03927,selic
2024-07-17,0.03927,selic
2024-07-18,0.03927,selic
2024-07-19,0.03927,selic
2024-07-22,0.03927,selic
2024-07-23,0.03927,selic
2024-07-24,0.03927,selic
2024-07-25,0.03927,selic
2024-07-26,0.03927,selic
2024-07-29,0.03927,selic
2024-07-30,0.03927,selic
2024-07-31,0.03927,selic
2024-08-01,0.03927,selic
2024-08-02,0.03927,selic
2024-08-05,0.03927,selic
2024-08-06,0.03927,selic
2024-08-07,0.03927,selic
2024-08-08,0.03927,selic
2024-08-09,0.03927,selic
2024-08-12,0.03927,selic
2024-08-13,0.03927,selic
2024-08-14,0.03927,selic
2024-08-15,0.03927,selic
2024-08-16,0.03927,selic
2024-08-19,0.03927,selic
2024-08-20,0.03927,selic
2024-08-21,0.03927,selic
2024-08-22,0.03927,selic
2024-08-23,0.03927,selic
2024-08-26,0.03927,selic
2024-08-27,0.03927,selic
2024-08-28,0.03927,selic
2024-08-29,0.03927,selic
2024-08-30,0.03927,selic
2024-09-02,0.03927,selic
2024-09-03,0.03927,selic
2024-09-04,0.03927,selic
2024-09-05,0.03927,selic
2024-09-06,0.03927,selic
2024-09-09,0.03927,selic
2024-09-10,0.03927,selic
2024-09-11,0.03927,selic
2024-09-12,0.03927,selic
2024-09-13,0.03927,selic
2024-09-16,0.03927,selic
2024-09-17,0.03927,selic
2024-09-18,0.03927,selic
2024-09-19,0.040168,selic
2024-09-20,0.040168,selic
2024-09-23,0.040168,selic
2024-09-24,0.040168,selic
2024-09-25,0.040168,selic
2024-09-26,0.040168,selic
2024-09-27,0.040168,selic
2024-09-30,0.040168,selic
2024-10-01,0.040168,selic
2024-10-02,0.040168,selic
2024-10-03,0.040168,selic
2024-10-04,0.040168,selic
2024-10-07,0.040168,selic
2024-10-08,0.040168,selic
2024-10-09,0.040168,selic
2024-10-10,0.040168,selic
2024-10-11,0.040168,selic
2024-10-14,0.040168,selic
2024-10-15,0.040168,selic
2024-10-16,0.040168,selic
2024-10-17,0.040168,selic
2024-10-18,0.040168,selic
2024-10-21,0.040168,selic
2024-10-22,0.040168,selic
2024-10-23,0.040168,selic
2024-10-24,0.040168,selic
2024-10-25,0.040168,selic
2024-10-28,0.040168,selic
2024-10-29,0.040168,selic
2024-10-30,0.040168,selic
2024-10-31,0.040168,selic
2024-11-01,0.040168,selic
2024-11-04,0.040168,selic
2024-11-05,0.040168,selic
2024-11-06,0.040168,selic
2024-11-07,0.041957,selic
2024-11-08,0.041957,selic
2024-11-11,0.041957,selic
2024-11-12,0.041957,selic
2024-11-13,0.041957,selic
2024-11-14,0.041957,selic
2024-11-18,0.041957,selic
2024-11-19,0.041957,selic
2024-11-21,0.041957,selic
2024-11-22,0.041957,selic
2024-11-25,0.041957,selic
2024-11-26,0.041957,selic
2024-11-27,0.041957,selic
2024-11-28,0.041957,selic
2024-11-29,0.041957,selic
2024-12-02,0.041957,selic
2024-12-03,0.041957,selic
2024-12-04,0.041957,selic
2024-12-05,0.041957,selic
2024-12-06,0.041957,selic
2024-12-09,0.041957,selic
2024-12-10,0.041957,selic
2024-12-11,0.041957,selic
2024-12-12,0.045513,selic
2024-12-13,0.045513,selic
2024-12-16,0.045513,selic
2024-12-17,0.045513,selic
2024-12-18,0.045513,selic
2024-12-19,0.045513,selic
2024-12-20,0.045513,selic
2024-12-23,0.045513,selic
2024-12-24,0.045513,selic
2024-12-26,0.045513,selic
2024-12-27,0.045513,selic
2024-12-30,0.045513,selic
2024-12-31,0.045513,selic
2025-01-02,0.045513,selic
2025-01-03,0.045513,selic
2025-01-06,0.045513,selic
2025-01-07,0.045513,selic
2025-01-08,0.045513,selic
2025-01-09,0.045513,selic
2025-01-10,0.045513,selic
2025-01-13,0.045513,selic
2025-01-14,0.045513,selic
2025-01-15,0.045513,selic
2025-01-16,0.045513,selic
2025-01-17,0.045513,selic
2025-01-20,0.045513,selic
2025-01-21,0.045513,selic
2025-01-22,0.045513,selic
2025-01-23,0.045513,selic
2025-01-24,0.045513,selic
2025-01-27,0.045513,selic
2025-01-28,0.045513,selic
2025-01-29,0.045513,selic
2025-01-30,0.049037,selic
2025-01-31,0.049037,selic
2025-02-03,0.049037,selic
2025-02-04,0.049037,selic
2025-02-05,0.049037,selic
2025-02-06,0.049037,selic
2025-02-07,0.049037,selic
2025-02-10,0.049037,selic
2025-02-11,0.049037,selic
2025-02-12,0.049037,selic
2025-02-13,0.049037,selic
2025-02-14,0.049037,selic
2025-02-17,0.049037,selic
2025-02-18,0.049037,selic
2025-02-19,0.049037,selic
2025-02-20,0.049037,selic
2025-02-21,0.049037,selic
2025-02-24,0.049037,selic
2025-02-25,0.049037,selic
2025-02-26,0.049037,selic
2025-02-27,0.049037,selic
2025-02-28,0.049037,selic
2025-03-05,0.049037,selic
2025-03-06,0.049037,selic
2025-03-07,0.049037,selic
2025-03-10,0.049037,selic
2025-03-11,0.049037,selic
2025-03-12,0.049037,selic
2025-03-13,0.049037,selic
2025-03-14,0.049037,selic
2025-03-17,0.049037,selic
2025-03-18,0.049037,selic
2025-03-19,0.049037,selic
2025-03-20,0.052531,selic
2025-03-21,0.052531,selic
2025-03-24,0.052531,selic
2025-03-25,0.052531,selic
2025-03-26,0.052531,selic
2025-03-27,0.052531,selic
2025-03-28,0.052531,selic
2025-03-31,0.052531,selic
2025-04-01,0.052531,selic
2025-04-02,0.052531,selic
2025-04-03,0.052531,selic
2025-04-04,0.052531,selic
2025-04-07,0.052531,selic
2025-04-08,0.052531,selic
2025-04-09,0.052531,selic
2025-04-10,0.052531,selic
2025-04-11,0.052531,selic
2025-04-14,0.052531,selic
2025-04-15,0.052531,selic
2025-04-16,0.052531,selic
2025-04-17,0.052531,selic
2025-04-22,0.052531,selic
2025-04-23,0.052531,selic
2025-04-24,0.052531,selic
2025-04-25,0.052531,selic
2025-04-28,0.052531,selic
2025-04-29,0.052531,selic
2025-04-30,0.052531,selic
2025-05-02,0.052531,selic
2025-05-05,0.052531,selic
2025-05-06,0.052531,selic
2025-05-07,0.052531,selic
2025-05-08,0.054266,selic
2025-05-09,0.054266,selic
2025-05-12,0.054266,selic
2025-05-13,0.054266,selic
2025-05-14,0.054266,selic
2025-05-15,0.054266,selic
2025-05-16,0.054266,selic
2025-05-19,0.054266,selic
2025-05-20,0.054266,selic
2025-05-21,0.054266,selic
2025-05-22,0.054266,selic
2025-05-23,0.054266,selic
2025-05-26,0.054266,selic
2025-05-27,0.054266,selic
2025-05-28,0.054266,selic
2025-05-29,0.054266,selic
2025-05-30,0.054266,selic
2025-06-02,0.054266,selic
2025-06-03,0.054266,selic
2025-06-04,0.054266,selic
2025-06-05,0.054266,selic
2025-06-06,0.054266,selic
2025-06-09,0.054266,selic
2025-06-10,0.054266,selic
2025-06-11,0.054266,selic
2025-06-12,0.054266,selic
2025-06-13,0.054266,selic
2025-06-16,0.054266,selic
2025-06-17,0.054266,selic
2025-06-18,0.054266,selic
2025-06-20,0.055131,selic
2025-06-23,0.055131,selic
2025-06-24,0.055131,selic
2025-06-25,0.055131,selic
2025-06-26,0.055131,selic
2025-06-27,0.055131,selic
2025-06-30,0.055131,selic
2025-07-01,0.055131,selic
2025-07-02,0.055131,selic
2025-07-03,0.055131,selic
2025-07-04,0.055131,selic
2025-07-07,0.055131,selic
2025-07-08,0.055131,selic
2025-07-09,0.055131,selic
2025-07-10,0.055131,selic
2025-07-11,0.055131,selic
2025-07-14,0.055131,selic
2025-07-15,0.055131,selic
2025-07-16,0.055131,selic
2025-07-17,0.055131,selic
2025-07-18,0.055131,selic
2025-07-21,0.055131,selic
2025-07-22,0.055131,selic
2025-07-23,0.055131,selic
2025-07-24,0.055131,selic
2025-07-25,0.055131,selic
2025-07-28,0.055131,selic
2025-07-29,0.055131,selic
2025-07-30,0.055131,selic
2025-07-31,0.055131,selic
2025-08-01,0.055131,selic
2025-08-04,0.055131,selic
2025-08-05,0.055131,selic
2025-08-06,0.055131,selic
2025-08-07,0.055131,selic
2025-08-08,0.055131,selic
2025-08-11,0.055131,selic
2025-08-12,0.055131,selic
2025-08-13,0.055131,selic
2025-08-14,0.055131,selic
2025-08-15,0.055131,selic
2025-08-18,0.055131,selic
2025-08-19,0.055131,selic
2025-08-20,0.055131,selic
2025-08-21,0.055131,selic
2025-08-22,0.055131,selic
2025-08-25,0.055131,selic
2025-08-26,0.055131,selic
2025-08-27,0.055131,selic
2025-08-28,0.055131,selic
2025-08-29,0.055131,selic
2025-09-01,0.055131,selic
2025-09-02,0.055131,selic
2025-09-03,0.055131,selic
2025-09-04,0.055131,selic
2025-09-05,0.055131,selic
2025-09-08,0.055131,selic
2025-09-09,0.055131,selic
2025-09-10,0.055131,selic
2025-09-11,0.055131,selic
2025-09-12,0.055131,selic
2025-09-15,0.055131,selic
2025-09-16,0.055131,selic
2025-09-17,0.055131,selic
2025-09-18,0.055131,selic
2025-09-19,0.055131,selic
2025-09-22,0.055131,selic
2025-09-23,0.055131,selic
2025-09-24,0.055131,selic
2025-09-25,0.055131,selic
2025-09-26,0.055131,selic
2025-09-29,0.055131,selic
2025-09-30,0.055131,selic
2025-10-01,0.055131,selic
2025-10-02,0.055131,selic
2025-10-03,0.055131,selic
2025-10-06,0.055131,selic
2025-10-07,0.055131,selic
2025-10-08,0.055131,selic
2025-10-09,0.055131,selic
2025-10-10,0.055131,selic
2025-10-13,0.055131,selic
2025-10-14,0.055131,selic
2025-10-15,0.055131,selic
2025-10-16,0.055131,selic
2025-10-17,0.055131,selic
2025-10-20,0.055131,selic
2025-10-21,0.055131,selic
2025-10-22,0.055131,selic
2025-10-23,0.055131,selic
2025-10-24,0.055131,selic
2025-10-27,0.055131,selic
2025-10-28,0.055131,selic
2025-10-29,0.055131,selic
2025-10-30,0.055131,selic
2025-10-31,0.055131,selic
2025-11-03,0.055131,selic
2025-11-04,0.055131,selic
2025-11-05,0.055131,selic
2025-11-06,0.055131,selic
2025-11-07,0.055131,selic
2025-11-10,0.055131,selic
2025-11-11,0.055131,selic
2025-11-12,0.055131,selic
2025-11-13,0.055131,selic
2025-11-14,0.055131,selic
2025-11-17,0.055131,selic
2025-11-18,0.055131,selic
2025-11-19,0.055131,selic
2025-11-21,0.055131,selic
2025-11-24,0.055131,selic
2025-11-25,0.055131,selic
2025-11-26,0.055131,selic
2025-11-27,0.055131,selic
2025-11-28,0.055131,selic
2025-12-01,0.055131,selic
2025-12-02,0.055131,selic
2025-12-03,0.055131,selic
2025-12-04,0.055131,selic
2025-12-05,0.055131,selic
2025-12-08,0.055131,selic
2025-12-09,0.055131,selic
2025-12-10,0.055131,selic
2025-12-11,0.055131,selic
2025-12-12,0.055131,selic
2025-12-15,0.055131,selic
2025-12-16,0.055131,selic
2025-12-17,0.055131,selic
2025-12-18,0.055131,selic
2025-12-19,0.055131,selic
2025-12-22,0.055131,selic
2025-12-23,0.055131,selic
2025-12-24,0.055131,selic
2025-12-26,0.055131,selic
2025-12-29,0.055131,selic
2025-12-30,0.055131,selic
2025-12-31,0.055131,selic
2026-01-02,0.055131,selic
2026-01-05,0.055131,selic
2026-01-06,0.055131,selic
2026-01-07,0.055131,selic
2026-01-08,0.055131,selic
2026-01-09,0.055131,selic
2026-01-12,0.055131,selic
2026-01-13,0.055131,selic
2026-01-14,0.055131,selic
2026-01-15,0.055131,selic
2026-01-16,0.055131,selic
2026-01-19,0.055131,selic
2026-01-20,0.055131,selic
2026-01-21,0.055131,selic
2026-01-22,0.055131,selic
2026-01-23,0.055131,selic
2026-01-26,0.055131,selic
2026-01-27,0.055131,selic
2026-01-28,0.055131,selic
2026-01-29,0.055131,selic
2026-01-30,0.055131,selic
2026-02-02,0.055131,selic
2026-02-03,0.055131,selic
2026-02-04,0.055131,selic
2026-02-05,0.055131,selic
2026-02-06,0.055131,selic
2026-02-09,0.055131,selic
2026-02-10,0.055131,selic
2026-02-11,0.055131,selic
2026-02-12,0.055131,selic
2026-02-13,0.055131,selic
2026-02-18,0.055131,selic
2026-02-19,0.055131,selic
2026-02-20,0.055131,selic
2026-02-23,0.055131,selic
2026-02-24,0.055131,selic
2026-02-25,0.055131,selic
2026-02-26,0.055131,selic
2026-02-27,0.055131,selic
2026-03-02,0.055131,selic
2026-03-03,0.055131,selic
2026-03-04,0.055131,selic
2026-03-05,0.055131,selic
2026-03-06,0.055131,selic
2026-03-09,0.055131,selic
2026-03-10,0.055131,selic
2026-03-11,0.055131,selic
2026-03-12,0.055131,selic
2026-03-13,0.055131,selic
2026-03-16,0.055131,selic
2026-03-17,0.055131,selic
2026-03-18,0.055131,selic
2026-03-19,0.054266,selic
2026-03-20,0.054266,selic
2026-03-23,0.054266,selic
2026-03-24,0.054266,selic
2026-03-25,0.054266,selic
2026-03-26,0.054266,selic
2026-03-27,0.054266,selic
2026-03-30,0.054266,selic
2026-03-31,0.054266,selic
2026-04-01,0.054266,selic
2026-04-02,0.054266,selic
2026-04-06,0.054266,selic
2026-04-07,0.054266,selic
2026-04-08,0.054266,selic
2026-04-09,0.054266,selic
2026-04-10,0.054266,selic
2026-04-13,0.054266,selic
2026-04-14,0.054266,selic
2026-04-15,0.054266,selic
2026-04-16,0.054266,selic
2026-04-17,0.054266,selic
2026-04-20,0.054266,selic
2026-04-22,0.054266,selic
2026-04-23,0.054266,selic
2026-04-24,0.054266,selic
2026-04-27,0.054266,selic
2026-04-28,0.054266,selic
2026-04-29,0.054266,selic
2026-04-30,0.0534,selic
2026-05-04,0.0534,selic
2026-05-05,0.0534,selic
2026-05-06,0.0534,selic
2026-05-07,0.0534,selic
2026-05-08,0.0534,selic
2026-05-11,0.0534,selic
2026-05-12,0.0534,selic
2026-05-13,0.0534,selic
2026-05-14,0.0534,selic
2026-05-15,0.0534,selic
2026-05-18,0.0534,selic
2026-05-19,0.0534,selic
2026-05-20,0.0534,selic
2026-05-21,0.0534,selic
2026-05-22,0.0534,selic
2026-05-25,0.0534,selic
2026-05-26,0.0534,selic
2026-05-27,0.0534,selic
2026-05-28,0.0534,selic
2026-05-29,0.0534,selic
2026-06-01,0.0534,selic
2026-06-02,0.0534,selic
2026-06-03,0.0534,selic
2026-06-05,0.0534,selic
2026-06-08,0.0534,selic
2026-06-09,0.0534,selic
2026-06-10,0.0534,selic
2026-06-11,0.0534,selic
2026-06-12,0.0534,selic
2026-06-15,0.0534,selic
2026-06-16,0.0534,selic
2026-06-17,0.0534,selic
2026-06-18,0.052531,selic
2026-06-19,0.052531,selic
2026-06-22,0.052531,selic
2026-06-23,0.052531,selic
2026-06-24,0.052531,selic
2026-06-25,0.052531,selic
2026-06-26,0.052531,selic
2026-06-29,0.052531,selic
2026-06-30,0.052531,selic
2026-07-01,0.052531,selic
2026-07-02,0.052531,selic
2026-07-03,0.052531,selic
2026-07-06,0.052531,selic
2026-07-07,0.052531,selic
2026-07-08,0.052531,selic
2026-07-09,0.052531,selic
2026-07-10,0.052531,selic
2026-07-13,0.052531,selic
2026-07-14,0.052531,selic
2026-07-15,0.052531,selic
2026-07-16,0.052531,selic
2026-07-17,0.052531,selic
2026-07-20,0.052531,selic
2026-07-21,0.052531,selic
2026-07-22,0.052531,selic
2026-07-23,0.052531,selic
2026-07-24,0.052531,selic
2026-07-27,0.052531,selic
2026-07-28,0.052531,selic
2026-07-29,0.052531,selic
2026-07-30,0.052531,selic
2026-07-31,0.052531,selic
2026-08-03,0.052531,selic
2026-08-04,0.052531,selic
2026-08-05,0.052531,selic
2026-08-06,0.05166,selic
2026-08-07,0.05166,selic
2026-08-10,0.05166,selic
2026-08-11,0.05166,selic
2026-08-12,0.05166,selic
2026-08-13,0.05166,selic
2026-08-14,0.05166,selic
2026-08-17,0.05166,selic
2026-08-18,0.05166,selic
2026-08-19,0.05166,selic
2020-01-01,0.21,ipca
2020-02-01,0.25,ipca
2020-03-01,0.07,ipca
2020-04-01,-0.31,ipca
2020-05-01,-0.38,ipca
2020-06-01,0.26,ipca
2020-07-01,0.36,ipca
2020-08-01,0.24,ipca
2020-09-01,0.64,ipca
2020-10-01,0.86,ipca
2020-11-01,0.89,ipca
2020-12-01,1.35,ipca
2021-01-01,0.25,ipca
2021-02-01,0.86,ipca
2021-03-01,0.93,ipca
2021-04-01,0.31,ipca
2021-05-01,0.83,ipca
2021-06-01,0.53,ipca
2021-07-01,0.96,ipca
2021-08-01,0.87,ipca
2021-09-01,1.16,ipca
2021-10-01,1.25,ipca
2021-11-01,0.95,ipca
2021-12-01,0.73,ipca
2022-01-01,0.54,ipca
2022-02-01,1.01,ipca
2022-03-01,1.62,ipca
2022-04-01,1.06,ipca
2022-05-01,0.47,ipca
2022-06-01,0.67,ipca
2022-07-01,-0.68,ipca
2022-08-01,-0.36,ipca
2022-09-01,-0.29,ipca
2022-10-01,0.59,ipca
2022-11-01,0.41,ipca
2022-12-01,0.62,ipca
2023-01-01,0.53,ipca
2023-02-01,0.84,ipca
2023-03-01,0.71,ipca
2023-04-01,0.61,ipca
2023-05-01,0.23,ipca
2023-06-01,-0.08,ipca
2023-07-01,0.12,ipca
2023-08-01,0.23,ipca
2023-09-01,0.26,ipca
2023-10-01,0.24,ipca
2023-11-01,0.28,ipca
2023-12-01,0.56,ipca
2024-01-01,0.42,ipca
2024-02-01,0.83,ipca
2024-03-01,0.16,ipca
2024-04-01,0.38,ipca
2024-05-01,0.46,ipca
2024-06-01,0.21,ipca
2024-07-01,0.38,ipca
2024-08-01,-0.02,ipca
2024-09-01,0.44,ipca
2024-10-01,0.56,ipca
2024-11-01,0.39,ipca
2024-12-01,0.52,ipca
2025-01-01,0.16,ipca
2025-02-01,1.31,ipca
2025-03-01,0.56,ipca
2025-04-01,0.43,ipca
2025-05-01,0.26,ipca
2025-06-01,0.24,ipca
2025-07-01,0.26,ipca
2025-08-01,-0.11,ipca
2025-09-01,0.48,ipca
2025-10-01,0.09,ipca
2025-11-01,0.18,ipca
2025-12-01,0.33,ipca
2026-01-01,0.33,ipca
2026-02-01,0.7,ipca
2026-03-01,0.88,ipca
2026-04-01,0.67,ipca
2026-05-01,0.58,ipca
2026-06-01,0.16,ipca
2026-07-01,0.07,ipca
2020-01-02,0.017089,cdi
2020-01-03,0.017089,cdi
2020-01-06,0.017089,cdi
2020-01-07,0.017089,cdi
2020-01-08,0.017089,cdi
2020-01-09,0.017089,cdi
2020-01-10,0.017089,cdi
2020-01-13,0.017089,cdi
2020-01-14,0.017089,cdi
2020-01-15,0.017089,cdi
2020-01-16,0.017089,cdi
2020-01-17,0.017089,cdi
2020-01-20,0.017089,cdi
2020-01-21,0.017089,cdi
2020-01-22,0.017089,cdi
2020-01-23,0.017089,cdi
2020-01-24,0.017089,cdi
2020-01-27,0.017089,cdi
2020-01-28,0.017089,cdi
2020-01-29,0.017089,cdi
2020-01-30,0.017089,cdi
2020-01-31,0.017089,cdi
2020-02-03,0.017089,cdi
2020-02-04,0.017089,cdi
2020-02-05,0.017089,cdi
2020-02-06,0.016137,cdi
2020-02-07,0.016137,cdi
2020-02-10,0.016137,cdi
2020-02-11,0.016137,cdi
2020-02-12,0.016137,cdi
2020-02-13,0.016137,cdi
2020-02-14,0.016137,cdi
2020-02-17,0.016137,cdi
2020-02-18,0.016137,cdi
2020-02-19,0.016137,cdi
2020-02-20,0.016137,cdi
2020-02-21,0.016137,cdi
2020-02-26,0.016137,cdi
2020-02-27,0.016137,cdi
2020-02-28,0.016137,cdi
2020-03-02,0.016137,cdi
2020-03-03,0.016137,cdi
2020-03-04,0.016137,cdi
2020-03-05,0.016137,cdi
2020-03-06,0.016137,cdi
2020-03-09,0.016137,cdi
2020-03-10,0.016137,cdi
2020-03-11,0.016137,cdi
2020-03-12,0.016137,cdi
2020-03-13,0.016137,cdi
2020-03-16,0.016137,cdi
2020-03-17,0.016137,cdi
2020-03-18,0.016137,cdi
2020-03-19,0.014227,cdi
2020-03-20,0.014227,cdi
2020-03-23,0.014227,cdi
2020-03-24,0.014227,cdi
2020-03-25,0.014227,cdi
2020-03-26,0.014227,cdi
2020-03-27,0.014227,cdi
2020-03-30,0.014227,cdi
2020-03-31,0.014227,cdi
2020-04-01,0.014227,cdi
2020-04-02,0.014227,cdi
2020-04-03,0.014227,cdi
2020-04-06,0.014227,cdi
2020-04-07,0.014227,cdi
2020-04-08,0.014227,cdi
2020-04-09,0.014227,cdi
2020-04-13,0.014227,cdi
2020-04-14,0.014227,cdi
2020-04-15,0.014227,cdi
2020-04-16,0.014227,cdi
2020-04-17,0.014227,cdi
2020-04-20,0.014227,cdi
2020-04-22,0.014227,cdi
2020-04-23,0.014227,cdi
2020-04-24,0.014227,cdi
2020-04-27,0.014227,cdi
2020-04-28,0.014227,cdi
2020-04-29,0.014227,cdi
2020-04-30,0.014227,cdi
2020-05-04,0.014227,cdi
2020-05-05,0.014227,cdi
2020-05-06,0.014227,cdi
2020-05-07,0.011345,cdi
2020-05-08,0.011345,cdi
2020-05-11,0.011345,cdi
2020-05-12,0.011345,cdi
2020-05-13,0.011345,cdi
2020-05-14,0.011345,cdi
2020-05-15,0.011345,cdi
2020-05-18,0.011345,cdi
2020-05-19,0.011345,cdi
2020-05-20,0.011345,cdi
2020-05-21,0.011345,cdi
2020-05-22,0.011345,cdi
2020-05-25,0.011345,cdi
2020-05-26,0.011345,cdi
2020-05-27,0.011345,cdi
2020-05-28,0.011345,cdi
2020-05-29,0.011345,cdi
2020-06-01,0.011345,cdi
2020-06-02,0.011345,cdi
2020-06-03,0.011345,cdi
2020-06-04,0.011345,cdi
2020-06-05,0.011345,cdi
2020-06-08,0.011345,cdi
2020-06-09,0.011345,cdi
2020-06-10,0.011345,cdi
2020-06-12,0.011345,cdi
2020-06-15,0.011345,cdi
2020-06-16,0.011345,cdi
2020-06-17,0.011345,cdi
2020-06-18,0.008442,cdi
2020-06-19,0.008442,cdi
2020-06-22,0.008442,cdi
2020-06-23,0.008442,cdi
2020-06-24,0.008442,cdi
2020-06-25,0.008442,cdi
2020-06-26,0.008442,cdi
2020-06-29,0.008442,cdi
2020-06-30,0.008442,cdi
2020-07-01,0.008442,cdi
2020-07-02,0.008442,cdi
2020-07-03,0.008442,cdi
2020-07-06,0.008442,cdi
2020-07-07,0.008442,cdi
2020-07-08,0.008442,cdi
2020-07-09,0.008442,cdi
2020-07-10,0.008442,cdi
2020-07-13,0.008442,cdi
2020-07-14,0.008442,cdi
2020-07-15,0.008442,cdi
2020-07-16,0.008442,cdi
2020-07-17,0.008442,cdi
2020-07-20,0.008442,cdi
2020-07-21,0.008442,cdi
2020-07-22,0.008442,cdi
2020-07-23,0.008442,cdi
2020-07-24,0.008442,cdi
2020-07-27,0.008442,cdi
2020-07-28,0.008442,cdi
2020-07-29,0.008442,cdi
2020-07-30,0.008442,cdi
2020-07-31,0.008442,cdi
2020-08-03,0.008442,cdi
2020-08-04,0.008442,cdi
2020-08-05,0.008442,cdi
2020-08-06,0.007469,cdi
2020-08-07,0.007469,cdi
2020-08-10,0.007469,cdi
2020-08-11,0.007469,cdi
2020-08-12,0.007469,cdi
2020-08-13,0.007469,cdi
2020-08-14,0.007469,cdi
2020-08-17,0.007469,cdi
2020-08-18,0.007469,cdi
2020-08-19,0.007469,cdi
2020-08-20,0.007469,cdi
2020-08-21,0.007469,cdi
2020-08-24,0.007469,cdi
2020-08-25,0.007469,cdi
2020-08-26,0.007469,cdi
2020-08-27,0.007469,cdi
2020-08-28,0.007469,cdi
2020-08-31,0.007469,cdi
2020-09-01,0.007469,cdi
2020-09-02,0.007469,cdi
2020-09-03,0.007469,cdi
2020-09-04,0.007469,cdi
2020-09-08,0.007469,cdi
2020-09-09,0.007469,cdi
2020-09-10,0.007469,cdi
2020-09-11,0.007469,cdi
2020-09-14,0.007469,cdi
2020-09-15,0.007469,cdi
2020-09-16,0.007469,cdi
2020-09-17,0.007469,cdi
2020-09-18,0.007469,cdi
2020-09-21,0.007469,cdi
2020-09-22,0.007469,cdi
2020-09-23,0.007469,cdi
2020-09-24,0.007469,cdi
2020-09-25,0.007469,cdi
2020-09-28,0.007469,cdi
2020-09-29,0.007469,cdi
2020-09-30,0.007469,cdi
2020-10-01,0.007469,cdi
2020-10-02,0.007469,cdi
2020-10-05,0.007469,cdi
2020-10-06,0.007469,cdi
2020-10-07,0.007469,cdi
2020-10-08,0.007469,cdi
2020-10-09,0.007469,cdi
2020-10-13,0.007469,cdi
2020-10-14,0.007469,cdi
2020-10-15,0.007469,cdi
2020-10-16,0.007469,cdi
2020-10-19,0.007469,cdi
2020-10-20,0.007469,cdi
2020-10-21,0.007469,cdi
2020-10-22,0.007469,cdi
2020-10-23,0.007469,cdi
2020-10-26,0.007469,cdi
2020-10-27,0.007469,cdi
2020-10-28,0.007469,cdi
2020-10-29,0.007469,cdi
2020-10-30,0.007469,cdi
2020-11-03,0.007469,cdi
2020-11-04,0.007469,cdi
2020-11-05,0.007469,cdi
2020-11-06,0.007469,cdi
2020-11-09,0.007469,cdi
2020-11-10,0.007469,cdi
2020-11-11,0.007469,cdi
2020-11-12,0.007469,cdi
2020-11-13,0.007469,cdi
2020-11-16,0.007469,cdi
2020-11-17,0.007469,cdi
2020-11-18,0.007469,cdi
2020-11-19,0.007469,cdi
2020-11-20,0.007469,cdi
2020-11-23,0.007469,cdi
2020-11-24,0.007469,cdi
2020-11-25,0.007469,cdi
2020-11-26,0.007469,cdi
2020-11-27,0.007469,cdi
2020-11-30,0.007469,cdi
2020-12-01,0.007469,cdi
2020-12-02,0.007469,cdi
2020-12-03,0.007469,cdi
2020-12-04,0.007469,cdi
2020-12-07,0.007469,cdi
2020-12-08,0.007469,cdi
2020-12-09,0.007469,cdi
2020-12-10,0.007469,cdi
2020-12-11,0.007469,cdi
2020-12-14,0.007469,cdi
2020-12-15,0.007469,cdi
2020-12-16,0.007469,cdi
2020-12-17,0.007469,cdi
2020-12-18,0.007469,cdi
2020-12-21,0.007469,cdi
2020-12-22,0.007469,cdi
2020-12-23,0.007469,cdi
2020-12-24,0.007469,cdi
2020-12-28,0.007469,cdi
2020-12-29,0.007469,cdi
2020-12-30,0.007469,cdi
2020-12-31,0.007469,cdi
2021-01-04,0.007469,cdi
2021-01-05,0.007469,cdi
2021-01-06,0.007469,cdi
2021-01-07,0.007469,cdi
2021-01-08,0.007469,cdi
2021-01-11,0.007469,cdi
2021-01-12,0.007469,cdi
2021-01-13,0.007469,cdi
2021-01-14,0.007469,cdi
2021-01-15,0.007469,cdi
2021-01-18,0.007469,cdi
2021-01-19,0.007469,cdi
2021-01-20,0.007469,cdi
2021-01-21,0.007469,cdi
2021-01-22,0.007469,cdi
2021-01-25,0.007469,cdi
2021-01-26,0.007469,cdi
2021-01-27,0.007469,cdi
2021-01-28,0.007469,cdi
2021-01-29,0.007469,cdi
2021-02-01,0.007469,cdi
2021-02-02,0.007469,cdi
2021-02-03,0.007469,cdi
2021-02-04,0.007469,cdi
2021-02-05,0.007469,cdi
2021-02-08,0.007469,cdi
2021-02-09,0.007469,cdi
2021-02-10,0.007469,cdi
2021-02-11,0.007469,cdi
2021-02-12,0.007469,cdi
2021-02-17,0.007469,cdi
2021-02-18,0.007469,cdi
2021-02-19,0.007469,cdi
2021-02-22,0.007469,cdi
2021-02-23,0.007469,cdi
2021-02-24,0.007469,cdi
2021-02-25,0.007469,cdi
2021-02-26,0.007469,cdi
2021-03-01,0.007469,cdi
2021-03-02,0.007469,cdi
2021-03-03,0.007469,cdi
2021-03-04,0.007469,cdi
2021-03-05,0.007469,cdi
2021-03-08,0.007469,cdi
2021-03-09,0.007469,cdi
2021-03-10,0.007469,cdi
2021-03-11,0.007469,cdi
2021-03-12,0.007469,cdi
2021-03-15,0.007469,cdi
2021-03-16,0.007469,cdi
2021-03-17,0.007469,cdi
2021-03-18,0.010379,cdi
2021-03-19,0.010379,cdi
2021-03-22,0.010379,cdi
2021-03-23,0.010379,cdi
2021-03-24,0.010379,cdi
2021-03-25,0.010379,cdi
2021-03-26,0.010379,cdi
2021-03-29,0.010379,cdi
2021-03-30,0.010379,cdi
2021-03-31,0.010379,cdi
2021-04-01,0.010379,cdi
2021-04-05,0.010379,cdi
2021-04-06,0.010379,cdi
2021-04-07,0.010379,cdi
2021-04-08,0.010379,cdi
2021-04-09,0.010379,cdi
2021-04-12,0.010379,cdi
2021-04-13,0.010379,cdi
2021-04-14,0.010379,cdi
2021-04-15,0.010379,cdi
2021-04-16,0.010379,cdi
2021-04-19,0.010379,cdi
2021-04-20,0.010379,cdi
2021-04-22,0.010379,cdi
2021-04-23,0.010379,cdi
2021-04-26,0.010379,cdi
2021-04-27,0.010379,cdi
2021-04-28,0.010379,cdi
2021-04-29,0.010379,cdi
2021-04-30,0.010379,cdi
2021-05-03,0.010379,cdi
2021-05-04,0.010379,cdi
2021-05-05,0.010379,cdi
2021-05-06,0.013269,cdi
2021-05-07,0.013269,cdi
2021-05-10,0.013269,cdi
2021-05-11,0.013269,cdi
2021-05-12,0.013269,cdi
2021-05-13,0.013269,cdi
2021-05-14,0.013269,cdi
2021-05-17,0.013269,cdi
2021-05-18,0.013269,cdi
2021-05-19,0.013269,cdi
2021-05-20,0.013269,cdi
2021-05-21,0.013269,cdi
2021-05-24,0.013269,cdi
2021-05-25,0.013269,cdi
2021-05-26,0.013269,cdi
2021-05-27,0.013269,cdi
2021-05-28,0.013269,cdi
2021-05-31,0.013269,cdi
2021-06-01,0.013269,cdi
2021-06-02,0.013269,cdi
2021-06-04,0.013269,cdi
2021-06-07,0.013269,cdi
2021-06-08,0.013269,cdi
2021-06-09,0.013269,cdi
2021-06-10,0.013269,cdi
2021-06-11,0.013269,cdi
2021-06-14,0.013269,cdi
2021-06-15,0.013269,cdi
2021-06-16,0.013269,cdi
2021-06-17,0.016137,cdi
2021-06-18,0.016137,cdi
2021-06-21,0.016137,cdi
2021-06-22,0.016137,cdi
2021-06-23,0.016137,cdi
2021-06-24,0.016137,cdi
2021-06-25,0.016137,cdi
2021-06-28,0.016137,cdi
2021-06-29,0.016137,cdi
2021-06-30,0.016137,cdi
2021-07-01,0.016137,cdi
2021-07-02,0.016137,cdi
2021-07-05,0.016137,cdi
2021-07-06,0.016137,cdi
2021-07-07,0.016137,cdi
2021-07-08,0.016137,cdi
2021-07-09,0.016137,cdi
2021-07-12,0.016137,cdi
2021-07-13,0.016137,cdi
2021-07-14,0.016137,cdi
2021-07-15,0.016137,cdi
2021-07-16,0.016137,cdi
2021-07-19,0.016137,cdi
2021-07-20,0.016137,cdi
2021-07-21,0.016137,cdi
2021-07-22,0.016137,cdi
2021-07-23,0.016137,cdi
2021-07-26,0.016137,cdi
2021-07-27,0.016137,cdi
2021-07-28,0.016137,cdi
2021-07-29,0.016137,cdi
2021-07-30,0.016137,cdi
2021-08-02,0.016137,cdi
2021-08-03,0.016137,cdi
2021-08-04,0.016137,cdi
2021-08-05,0.01993,cdi
2021-08-06,0.01993,cdi
2021-08-09,0.01993,cdi
2021-08-10,0.01993,cdi
2021-08-11,0.01993,cdi
2021-08-12,0.01993,cdi
2021-08-13,0.01993,cdi
2021-08-16,0.01993,cdi
2021-08-17,0.01993,cdi
2021-08-18,0.01993,cdi
2021-08-19,0.01993,cdi
2021-08-20,0.01993,cdi
2021-08-23,0.01993,cdi
2021-08-24,0.01993,cdi
2021-08-25,0.01993,cdi
2021-08-26,0.01993,cdi
2021-08-27,0.01993,cdi
2021-08-30,0.01993,cdi
2021-08-31,0.01993,cdi
2021-09-01,0.01993,cdi
2021-09-02,0.01993,cdi
2021-09-03,0.01993,cdi
2021-09-06,0.01993,cdi
2021-09-08,0.01993,cdi
2021-09-09,0.01993,cdi
2021-09-10,0.01993,cdi
2021-09-13,0.01993,cdi
2021-09-14,0.01993,cdi
2021-09-15,0.01993,cdi
2021-09-16,0.01993,cdi
2021-09-17,0.01993,cdi
2021-09-20,0.01993,cdi
2021-09-21,0.01993,cdi
2021-09-22,0.01993,cdi
2021-09-23,0.023687,cdi
2021-09-24,0.023687,cdi
2021-09-27,0.023687,cdi
2021-09-28,0.023687,cdi
2021-09-29,0.023687,cdi
2021-09-30,0.023687,cdi
2021-10-01,0.023687,cdi
2021-10-04,0.023687,cdi
2021-10-05,0.023687,cdi
2021-10-06,0.023687,cdi
2021-10-07,0.023687,cdi
2021-10-08,0.023687,cdi
2021-10-11,0.023687,cdi
2021-10-13,0.023687,cdi
2021-10-14,0.023687,cdi
2021-10-15,0.023687,cdi
2021-10-18,0.023687,cdi
2021-10-19,0.023687,cdi
2021-10-20,0.023687,cdi
2021-10-21,0.023687,cdi
2021-10-22,0.023687,cdi
2021-10-25,0.023687,cdi
2021-10-26,0.023687,cdi
2021-10-27,0.023687,cdi
2021-10-28,0.029256,cdi
2021-10-29,0.029256,cdi
2021-11-01,0.029256,cdi
2021-11-03,0.029256,cdi
2021-11-04,0.029256,cdi
2021-11-05,0.029256,cdi
2021-11-08,0.029256,cdi
2021-11-09,0.029256,cdi
2021-11-10,0.029256,cdi
2021-11-11,0.029256,cdi
2021-11-12,0.029256,cdi
2021-11-16,0.029256,cdi
2021-11-17,0.029256,cdi
2021-11-18,0.029256,cdi
2021-11-19,0.029256,cdi
2021-11-22,0.029256,cdi
2021-11-23,0.029256,cdi
2021-11-24,0.029256,cdi
2021-11-25,0.029256,cdi
2021-11-26,0.029256,cdi
2021-11-29,0.029256,cdi
2021-11-30,0.029256,cdi
2021-12-01,0.029256,cdi
2021-12-02,0.029256,cdi
2021-12-03,0.029256,cdi
2021-12-06,0.029256,cdi
2021-12-07,0.029256,cdi
2021-12-08,0.029256,cdi
2021-12-09,0.034749,cdi
2021-12-10,0.034749,cdi
2021-12-13,0.034749,cdi
2021-12-14,0.034749,cdi
2021-12-15,0.034749,cdi
2021-12-16,0.034749,cdi
2021-12-17,0.034749,cdi
2021-12-20,0.034749,cdi
2021-12-21,0.034749,cdi
2021-12-22,0.034749,cdi
2021-12-23,0.034749,cdi
2021-12-24,0.034749,cdi
2021-12-27,0.034749,cdi
2021-12-28,0.034749,cdi
2021-12-29,0.034749,cdi
2021-12-30,0.034749,cdi
2021-12-31,0.034749,cdi
2022-01-03,0.034749,cdi
2022-01-04,0.034749,cdi
2022-01-05,0.034749,cdi
2022-01-06,0.034749,cdi
2022-01-07,0.034749,cdi
2022-01-10,0.034749,cdi
2022-01-11,0.034749,cdi
2022-01-12,0.034749,cdi
2022-01-13,0.034749,cdi
2022-01-14,0.034749,cdi
2022-01-17,0.034749,cdi
2022-01-18,0.034749,cdi
2022-01-19,0.034749,cdi
2022-01-20,0.034749,cdi
2022-01-21,0.034749,cdi
2022-01-24,0.034749,cdi
2022-01-25,0.034749,cdi
2022-01-26,0.034749,cdi
2022-01-27,0.034749,cdi
2022-01-28,0.034749,cdi
2022-01-31,0.034749,cdi
2022-02-01,0.034749,cdi
2022-02-02,0.034749,cdi
2022-02-03,0.040168,cdi
2022-02-04,0.040168,cdi
2022-02-07,0.040168,cdi
2022-02-08,0.040168,cdi
2022-02-09,0.040168,cdi
2022-02-10,0.040168,cdi
2022-02-11,0.040168,cdi
2022-02-14,0.040168,cdi
2022-02-15,0.040168,cdi
2022-02-16,0.040168,cdi
2022-02-17,0.040168,cdi
2022-02-18,0.040168,cdi
2022-02-21,0.040168,cdi
2022-02-22,0.040168,cdi
2022-02-23,0.040168,cdi
2022-02-24,0.040168,cdi
2022-02-25,0.040168,cdi
2022-03-02,0.040168,cdi
2022-03-03,0.040168,cdi
2022-03-04,0.040168,cdi
2022-03-07,0.040168,cdi
2022-03-08,0.040168,cdi
2022-03-09,0.040168,cdi
2022-03-10,0.040168,cdi
2022-03-11,0.040168,cdi
2022-03-14,0.040168,cdi
2022-03-15,0.040168,cdi
2022-03-16,0.040168,cdi
2022-03-17,0.043739,cdi
2022-03-18,0.043739,cdi
2022-03-21,0.043739,cdi
2022-03-22,0.043739,cdi
2022-03-23,0.043739,cdi
2022-03-24,0.043739,cdi
2022-03-25,0.043739,cdi
2022-03-28,0.043739,cdi
2022-03-29,0.043739,cdi
2022-03-30,0.043739,cdi
2022-03-31,0.043739,cdi
2022-04-01,0.043739,cdi
2022-04-04,0.043739,cdi
2022-04-05,0.043739,cdi
2022-04-06,0.043739,cdi
2022-04-07,0.043739,cdi
2022-04-08,0.043739,cdi
2022-04-11,0.043739,cdi
2022-04-12,0.043739,cdi
2022-04-13,0.043739,cdi
2022-04-14,0.043739,cdi
2022-04-18,0.043739,cdi
2022-04-19,0.043739,cdi
2022-04-20,0.043739,cdi
2022-04-22,0.043739,cdi
2022-04-25,0.043739,cdi
2022-04-26,0.043739,cdi
2022-04-27,0.043739,cdi
2022-04-28,0.043739,cdi
2022-04-29,0.043739,cdi
2022-05-02,0.043739,cdi
2022-05-03,0.043739,cdi
2022-05-04,0.043739,cdi
2022-05-05,0.047279,cdi
2022-05-06,0.047279,cdi
2022-05-09,0.047279,cdi
2022-05-10,0.047279,cdi
2022-05-11,0.047279,cdi
2022-05-12,0.047279,cdi
2022-05-13,0.047279,cdi
2022-05-16,0.047279,cdi
2022-05-17,0.047279,cdi
2022-05-18,0.047279,cdi
2022-05-19,0.047279,cdi
2022-05-20,0.047279,cdi
2022-05-23,0.047279,cdi
2022-05-24,0.047279,cdi
2022-05-25,0.047279,cdi
2022-05-26,0.047279,cdi
2022-05-27,0.047279,cdi
2022-05-30,0.047279,cdi
2022-05-31,0.047279,cdi
2022-06-01,0.047279,cdi
2022-06-02,0.047279,cdi
2022-06-03,0.047279,cdi
2022-06-06,0.047279,cdi
2022-06-07,0.047279,cdi
2022-06-08,0.047279,cdi
2022-06-09,0.047279,cdi
2022-06-10,0.047279,cdi
2022-06-13,0.047279,cdi
2022-06-14,0.047279,cdi
2022-06-15,0.047279,cdi
2022-06-17,0.049037,cdi
2022-06-20,0.049037,cdi
2022-06-21,0.049037,cdi
2022-06-22,0.049037,cdi
2022-06-23,0.049037,cdi
2022-06-24,0.049037,cdi
2022-06-27,0.049037,cdi
2022-06-28,0.049037,cdi
2022-06-29,0.049037,cdi
2022-06-30,0.049037,cdi
2022-07-01,0.049037,cdi
2022-07-04,0.049037,cdi
2022-07-05,0.049037,cdi
2022-07-06,0.049037,cdi
2022-07-07,0.049037,cdi
2022-07-08,0.049037,cdi
2022-07-11,0.049037,cdi
2022-07-12,0.049037,cdi
2022-07-13,0.049037,cdi
2022-07-14,0.049037,cdi
2022-07-15,0.049037,cdi
2022-07-18,0.049037,cdi
2022-07-19,0.049037,cdi
2022-07-20,0.049037,cdi
2022-07-21,0.049037,cdi
2022-07-22,0.049037,cdi
2022-07-25,0.049037,cdi
2022-07-26,0.049037,cdi
2022-07-27,0.049037,cdi
2022-07-28,0.049037,cdi
2022-07-29,0.049037,cdi
2022-08-01,0.049037,cdi
2022-08-02,0.049037,cdi
2022-08-03,0.049037,cdi
2022-08-04,0.050788,cdi
2022-08-05,0.050788,cdi
2022-08-08,0.050788,cdi
2022-08-09,0.050788,cdi
2022-08-10,0.050788,cdi
2022-08-11,0.050788,cdi
2022-08-12,0.050788,cdi
2022-08-15,0.050788,cdi
2022-08-16,0.050788,cdi
2022-08-17,0.050788,cdi
2022-08-18,0.050788,cdi
2022-08-19,0.050788,cdi
2022-08-22,0.050788,cdi
2022-08-23,0.050788,cdi
2022-08-24,0.050788,cdi
2022-08-25,0.050788,cdi
2022-08-26,0.050788,cdi
2022-08-29,0.050788,cdi
2022-08-30,0.050788,cdi
2022-08-31,0.050788,cdi
2022-09-01,0.050788,cdi
2022-09-02,0.050788,cdi
2022-09-05,0.050788,cdi
2022-09-06,0.050788,cdi
2022-09-08,0.050788,cdi
2022-09-09,0.050788,cdi
2022-09-12,0.050788,cdi
2022-09-13,0.050788,cdi
2022-09-14,0.050788,cdi
2022-09-15,0.050788,cdi
2022-09-16,0.050788,cdi
2022-09-19,0.050788,cdi
2022-09-20,0.050788,cdi
2022-09-21,0.050788,cdi
2022-09-22,0.050788,cdi
2022-09-23,0.050788,cdi
2022-09-26,0.050788,cdi
2022-09-27,0.050788,cdi
2022-09-28,0.050788,cdi
2022-09-29,0.050788,cdi
2022-09-30,0.050788,cdi
2022-10-03,0.050788,cdi
2022-10-04,0.050788,cdi
2022-10-05,0.050788,cdi
2022-10-06,0.050788,cdi
2022-10-07,0.050788,cdi
2022-10-10,0.050788,cdi
2022-10-11,0.050788,cdi
2022-10-13,0.050788,cdi
2022-10-14,0.050788,cdi
2022-10-17,0.050788,cdi
2022-10-18,0.050788,cdi
2022-10-19,0.050788,cdi
2022-10-20,0.050788,cdi
2022-10-21,0.050788,cdi
2022-10-24,0.050788,cdi
2022-10-25,0.050788,cdi
2022-10-26,0.050788,cdi
2022-10-27,0.050788,cdi
2022-10-28,0.050788,cdi
2022-10-31,0.050788,cdi
2022-11-01,0.050788,cdi
2022-11-03,0.050788,cdi
2022-11-04,0.050788,cdi
2022-11-07,0.050788,cdi
2022-11-08,0.050788,cdi
2022-11-09,0.050788,cdi
2022-11-10,0.050788,cdi
2022-11-11,0.050788,cdi
2022-11-14,0.050788,cdi
2022-11-16,0.050788,cdi
2022-11-17,0.050788,cdi
2022-11-18,0.050788,cdi
2022-11-21,0.050788,cdi
2022-11-22,0.050788,cdi
2022-11-23,0.050788,cdi
2022-11-24,0.050788,cdi
2022-11-25,0.050788,cdi
2022-11-28,0.050788,cdi
2022-11-29,0.050788,cdi
2022-11-30,0.050788,cdi
2022-12-01,0.050788,cdi
2022-12-02,0.050788,cdi
2022-12-05,0.050788,cdi
2022-12-06,0.050788,cdi
2022-12-07,0.050788,cdi
2022-12-08,0.050788,cdi
2022-12-09,0.050788,cdi
2022-12-12,0.050788,cdi
2022-12-13,0.050788,cdi
2022-12-14,0.050788,cdi
2022-12-15,0.050788,cdi
2022-12-16,0.050788,cdi
2022-12-19,0.050788,cdi
2022-12-20,0.050788,cdi
2022-12-21,0.050788,cdi
2022-12-22,0.050788,cdi
2022-12-23,0.050788,cdi
2022-12-26,0.050788,cdi
2022-12-27,0.050788,cdi
2022-12-28,0.050788,cdi
2022-12-29,0.050788,cdi
2022-12-30,0.050788,cdi
2023-01-02,0.050788,cdi
2023-01-03,0.050788,cdi
2023-01-04,0.050788,cdi
2023-01-05,0.050788,cdi
2023-01-06,0.050788,cdi
2023-01-09,0.050788,cdi
2023-01-10,0.050788,cdi
2023-01-11,0.050788,cdi
2023-01-12,0.050788,cdi
2023-01-13,0.050788,cdi
2023-01-16,0.050788,cdi
2023-01-17,0.050788,cdi
2023-01-18,0.050788,cdi
2023-01-19,0.050788,cdi
2023-01-20,0.050788,cdi
2023-01-23,0.050788,cdi
2023-01-24,0.050788,cdi
2023-01-25,0.050788,cdi
2023-01-26,0.050788,cdi
2023-01-27,0.050788,cdi
2023-01-30,0.050788,cdi
2023-01-31,0.050788,cdi
2023-02-01,0.050788,cdi
2023-02-02,0.050788,cdi
2023-02-03,0.050788,cdi
2023-02-06,0.050788,cdi
2023-02-07,0.050788,cdi
2023-02-08,0.050788,cdi
2023-02-09,0.050788,cdi
2023-02-10,0.050788,cdi
2023-02-13,0.050788,cdi
2023-02-14,0.050788,cdi
2023-02-15,0.050788,cdi
2023-02-16,0.050788,cdi
2023-02-17,0.050788,cdi
2023-02-22,0.050788,cdi
2023-02-23,0.050788,cdi
2023-02-24,0.050788,cdi
2023-02-27,0.050788,cdi
2023-02-28,0.050788,cdi
2023-03-01,0.050788,cdi
2023-03-02,0.050788,cdi
2023-03-03,0.050788,cdi
2023-03-06,0.050788,cdi
2023-03-07,0.050788,cdi
2023-03-08,0.050788,cdi
2023-03-09,0.050788,cdi
2023-03-10,0.050788,cdi
2023-03-13,0.050788,cdi
2023-03-14,0.050788,cdi
2023-03-15,0.050788,cdi
2023-03-16,0.050788,cdi
2023-03-17,0.050788,cdi
2023-03-20,0.050788,cdi
2023-03-21,0.050788,cdi
2023-03-22,0.050788,cdi
2023-03-23,0.050788,cdi
2023-03-24,0.050788,cdi
2023-03-27,0.050788,cdi
2023-03-28,0.050788,cdi
2023-03-29,0.050788,cdi
2023-03-30,0.050788,cdi
2023-03-31,0.050788,cdi
2023-04-03,0.050788,cdi
2023-04-04,0.050788,cdi
2023-04-05,0.050788,cdi
2023-04-06,0.050788,cdi
2023-04-10,0.050788,cdi
2023-04-11,0.050788,cdi
2023-04-12,0.050788,cdi
2023-04-13,0.050788,cdi
2023-04-14,0.050788,cdi
2023-04-17,0.050788,cdi
2023-04-18,0.050788,cdi
2023-04-19,0.050788,cdi
2023-04-20,0.050788,cdi
2023-04-24,0.050788,cdi
2023-04-25,0.050788,cdi
2023-04-26,0.050788,cdi
2023-04-27,0.050788,cdi
2023-04-28,0.050788,cdi
2023-05-02,0.050788,cdi
2023-05-03,0.050788,cdi
2023-05-04,0.050788,cdi
2023-05-05,0.050788,cdi
2023-05-08,0.050788,cdi
2023-05-09,0.050788,cdi
2023-05-10,0.050788,cdi
2023-05-11,0.050788,cdi
2023-05-12,0.050788,cdi
2023-05-15,0.050788,cdi
2023-05-16,0.050788,cdi
2023-05-17,0.050788,cdi
2023-05-18,0.050788,cdi
2023-05-19,0.050788,cdi
2023-05-22,0.050788,cdi
2023-05-23,0.050788,cdi
2023-05-24,0.050788,cdi
2023-05-25,0.050788,cdi
2023-05-26,0.050788,cdi
2023-05-29,0.050788,cdi
2023-05-30,0.050788,cdi
2023-05-31,0.050788,cdi
2023-06-01,0.050788,cdi
2023-06-02,0.050788,cdi
2023-06-05,0.050788,cdi
2023-06-06,0.050788,cdi
2023-06-07,0.050788,cdi
2023-06-09,0.050788,cdi
2023-06-12,0.050788,cdi
2023-06-13,0.050788,cdi
2023-06-14,0.050788,cdi
2023-06-15,0.050788,cdi
2023-06-16,0.050788,cdi
2023-06-19,0.050788,cdi
2023-06-20,0.050788,cdi
2023-06-21,0.050788,cdi
2023-06-22,0.050788,cdi
2023-06-23,0.050788,cdi
2023-06-26,0.050788,cdi
2023-06-27,0.050788,cdi
2023-06-28,0.050788,cdi
2023-06-29,0.050788,cdi
2023-06-30,0.050788,cdi
2023-07-03,0.050788,cdi
2023-07-04,0.050788,cdi
2023-07-05,0.050788,cdi
2023-07-06,0.050788,cdi
2023-07-07,0.050788,cdi
2023-07-10,0.050788,cdi
2023-07-11,0.050788,cdi
2023-07-12,0.050788,cdi
2023-07-13,0.050788,cdi
2023-07-14,0.050788,cdi
2023-07-17,0.050788,cdi
2023-07-18,0.050788,cdi
2023-07-19,0.050788,cdi
2023-07-20,0.050788,cdi
2023-07-21,0.050788,cdi
2023-07-24,0.050788,cdi
2023-07-25,0.050788,cdi
2023-07-26,0.050788,cdi
2023-07-27,0.050788,cdi
2023-07-28,0.050788,cdi
2023-07-31,0.050788,cdi
2023-08-01,0.050788,cdi
2023-08-02,0.050788,cdi
2023-08-03,0.049037,cdi
2023-08-04,0.049037,cdi
2023-08-07,0.049037,cdi
2023-08-08,0.049037,cdi
2023-08-09,0.049037,cdi
2023-08-10,0.049037,cdi
2023-08-11,0.049037,cdi
2023-08-14,0.049037,cdi
2023-08-15,0.049037,cdi
2023-08-16,0.049037,cdi
2023-08-17,0.049037,cdi
2023-08-18,0.049037,cdi
2023-08-21,0.049037,cdi
2023-08-22,0.049037,cdi
2023-08-23,0.049037,cdi
2023-08-24,0.049037,cdi
2023-08-25,0.049037,cdi
2023-08-28,0.049037,cdi
2023-08-29,0.049037,cdi
2023-08-30,0.049037,cdi
2023-08-31,0.049037,cdi
2023-09-01,0.049037,cdi
2023-09-04,0.049037,cdi
2023-09-05,0.049037,cdi
2023-09-06,0.049037,cdi
2023-09-08,0.049037,cdi
2023-09-11,0.049037,cdi
2023-09-12,0.049037,cdi
2023-09-13,0.049037,cdi
2023-09-14,0.049037,cdi
2023-09-15,0.049037,cdi
2023-09-18,0.049037,cdi
2023-09-19,0.049037,cdi
2023-09-20,0.049037,cdi
2023-09-21,0.047279,cdi
2023-09-22,0.047279,cdi
2023-09-25,0.047279,cdi
2023-09-26,0.047279,cdi
2023-09-27,0.047279,cdi
2023-09-28,0.047279,cdi
2023-09-29,0.047279,cdi
2023-10-02,0.047279,cdi
2023-10-03,0.047279,cdi
2023-10-04,0.047279,cdi
2023-10-05,0.047279,cdi
2023-10-06,0.047279,cdi
2023-10-09,0.047279,cdi
2023-10-10,0.047279,cdi
2023-10-11,0.047279,cdi
2023-10-13,0.047279,cdi
2023-10-16,0.047279,cdi
2023-10-17,0.047279,cdi
2023-10-18,0.047279,cdi
2023-10-19,0.047279,cdi
2023-10-20,0.047279,cdi
2023-10-23,0.047279,cdi
2023-10-24,0.047279,cdi
2023-10-25,0.047279,cdi
2023-10-26,0.047279,cdi
2023-10-27,0.047279,cdi
2023-10-30,0.047279,cdi
2023-10-31,0.047279,cdi
2023-11-01,0.047279,cdi
2023-11-03,0.045513,cdi
2023-11-06,0.045513,cdi
2023-11-07,0.045513,cdi
2023-11-08,0.045513,cdi
2023-11-09,0.045513,cdi
2023-11-10,0.045513,cdi
2023-11-13,0.045513,cdi
2023-11-14,0.045513,cdi
2023-11-16,0.045513,cdi
2023-11-17,0.045513,cdi
2023-11-20,0.045513,cdi
2023-11-21,0.045513,cdi
2023-11-22,0.045513,cdi
2023-11-23,0.045513,cdi
2023-11-24,0.045513,cdi
2023-11-27,0.045513,cdi
2023-11-28,0.045513,cdi
2023-11-29,0.045513,cdi
2023-11-30,0.045513,cdi
2023-12-01,0.045513,cdi
2023-12-04,0.045513,cdi
2023-12-05,0.045513,cdi
2023-12-06,0.045513,cdi
2023-12-07,0.045513,cdi
2023-12-08,0.045513,cdi
2023-12-11,0.045513,cdi
2023-12-12,0.045513,cdi
2023-12-13,0.045513,cdi
2023-12-14,0.043739,cdi
2023-12-15,0.043739,cdi
2023-12-18,0.043739,cdi
2023-12-19,0.043739,cdi
2023-12-20,0.043739,cdi
2023-12-21,0.043739,cdi
2023-12-22,0.043739,cdi
2023-12-26,0.043739,cdi
2023-12-27,0.043739,cdi
2023-12-28,0.043739,cdi
2023-12-29,0.043739,cdi
2024-01-02,0.043739,cdi
2024-01-03,0.043739,cdi
2024-01-04,0.043739,cdi
2024-01-05,0.043739,cdi
2024-01-08,0.043739,cdi
2024-01-09,0.043739,cdi
2024-01-10,0.043739,cdi
2024-01-11,0.043739,cdi
2024-01-12,0.043739,cdi
2024-01-15,0.043739,cdi
2024-01-16,0.043739,cdi
2024-01-17,0.043739,cdi
2024-01-18,0.043739,cdi
2024-01-19,0.043739,cdi
2024-01-22,0.043739,cdi
2024-01-23,0.043739,cdi
2024-01-24,0.043739,cdi
2024-01-25,0.043739,cdi
2024-01-26,0.043739,cdi
2024-01-29,0.043739,cdi
2024-01-30,0.043739,cdi
2024-01-31,0.043739,cdi
2024-02-01,0.041957,cdi
2024-02-02,0.041957,cdi
2024-02-05,0.041957,cdi
2024-02-06,0.041957,cdi
2024-02-07,0.041957,cdi
2024-02-08,0.041957,cdi
2024-02-09,0.041957,cdi
2024-02-14,0.041957,cdi
2024-02-15,0.041957,cdi
2024-02-16,0.041957,cdi
2024-02-19,0.041957,cdi
2024-02-20,0.041957,cdi
2024-02-21,0.041957,cdi
2024-02-22,0.041957,cdi
2024-02-23,0.041957,cdi
2024-02-26,0.041957,cdi
2024-02-27,0.041957,cdi
2024-02-28,0.041957,cdi
2024-02-29,0.041957,cdi
2024-03-01,0.041957,cdi
2024-03-04,0.041957,cdi
2024-03-05,0.041957,cdi
2024-03-06,0.041957,cdi
2024-03-07,0.041957,cdi
2024-03-08,0.041957,cdi
2024-03-11,0.041957,cdi
2024-03-12,0.041957,cdi
2024-03-13,0.041957,cdi
2024-03-14,0.041957,cdi
2024-03-15,0.041957,cdi
2024-03-18,0.041957,cdi
2024-03-19,0.041957,cdi
2024-03-20,0.041957,cdi
2024-03-21,0.040168,cdi
2024-03-22,0.040168,cdi
2024-03-25,0.040168,cdi
2024-03-26,0.040168,cdi
2024-03-27,0.040168,cdi
2024-03-28,0.040168,cdi
2024-04-01,0.040168,cdi
2024-04-02,0.040168,cdi
2024-04-03,0.040168,cdi
2024-04-04,0.040168,cdi
2024-04-05,0.040168,cdi
2024-04-08,0.040168,cdi
2024-04-09,0.040168,cdi
2024-04-10,0.040168,cdi
2024-04-11,0.040168,cdi
2024-04-12,0.040168,cdi
2024-04-15,0.040168,cdi
2024-04-16,0.040168,cdi
2024-04-17,0.040168,cdi
2024-04-18,0.040168,cdi
2024-04-19,0.040168,cdi
2024-04-22,0.040168,cdi
2024-04-23,0.040168,cdi
2024-04-24,0.040168,cdi
2024-04-25,0.040168,cdi
2024-04-26,0.040168,cdi
2024-04-29,0.040168,cdi
2024-04-30,0.040168,cdi
2024-05-02,0.040168,cdi
2024-05-03,0.040168,cdi
2024-05-06,0.040168,cdi
2024-05-07,0.040168,cdi
2024-05-08,0.040168,cdi
2024-05-09,0.03927,cdi
2024-05-10,0.03927,cdi
2024-05-13,0.03927,cdi
2024-05-14,0.03927,cdi
2024-05-15,0.03927,cdi
2024-05-16,0.03927,cdi
2024-05-17,0.03927,cdi
2024-05-20,0.03927,cdi
2024-05-21,0.03927,cdi
2024-05-22,0.03927,cdi
2024-05-23,0.03927,cdi
2024-05-24,0.03927,cdi
2024-05-27,0.03927,cdi
2024-05-28,0.03927,cdi
2024-05-29,0.03927,cdi
2024-05-31,0.03927,cdi
2024-06-03,0.03927,cdi
2024-06-04,0.03927,cdi
2024-06-05,0.03927,cdi
2024-06-06,0.03927,cdi
2024-06-07,0.03927,cdi
2024-06-10,0.03927,cdi
2024-06-11,0.03927,cdi
2024-06-12,0.03927,cdi
2024-06-13,0.03927,cdi
2024-06-14,0.03927,cdi
2024-06-17,0.03927,cdi
2024-06-18,0.03927,cdi
2024-06-19,0.03927,cdi
2024-06-20,0.03927,cdi
2024-06-21,0.03927,cdi
2024-06-24,0.03927,cdi
2024-06-25,0.03927,cdi
2024-06-26,0.03927,cdi
2024-06-27,0.03927,cdi
2024-06-28,0.03927,cdi
2024-07-01,0.03927,cdi
2024-07-02,0.03927,cdi
2024-07-03,0.03927,cdi
2024-07-04,0.03927,cdi
2024-07-05,0.03927,cdi
2024-07-08,0.03927,cdi
2024-07-09,0.03927,cdi
2024-07-10,0.03927,cdi
2024-07-11,0.03927,cdi
2024-07-12,0.03927,cdi
2024-07-15,0.03927,cdi
2024-07-16,0.03927,cdi
2024-07-17,0.03927,cdi
2024-07-18,0.03927,cdi
2024-07-19,0.03927,cdi
2024-07-22,0.03927,cdi
2024-07-23,0.03927,cdi
2024-07-24,0.03927,cdi
2024-07-25,0.03927,cdi
2024-07-26,0.03927,cdi
2024-07-29,0.03927,cdi
2024-07-30,0.03927,cdi
2024-07-31,0.03927,cdi
2024-08-01,0.03927,cdi
2024-08-02,0.03927,cdi
2024-08-05,0.03927,cdi
2024-08-06,0.03927,cdi
2024-08-07,0.03927,cdi
2024-08-08,0.03927,cdi
2024-08-09,0.03927,cdi
2024-08-12,0.03927,cdi
2024-08-13,0.03927,cdi
2024-08-14,0.03927,cdi
2024-08-15,0.03927,cdi
2024-08-16,0.03927,cdi
2024-08-19,0.03927,cdi
2024-08-20,0.03927,cdi
2024-08-21,0.03927,cdi
2024-08-22,0.03927,cdi
2024-08-23,0.03927,cdi
2024-08-26,0.03927,cdi
2024-08-27,0.03927,cdi
2024-08-28,0.03927,cdi
2024-08-29,0.03927,cdi
2024-08-30,0.03927,cdi
2024-09-02,0.03927,cdi
2024-09-03,0.03927,cdi
2024-09-04,0.03927,cdi
2024-09-05,0.03927,cdi
2024-09-06,0.03927,cdi
2024-09-09,0.03927,cdi
2024-09-10,0.03927,cdi
2024-09-11,0.03927,cdi
2024-09-12,0.03927,cdi
2024-09-13,0.03927,cdi
2024-09-16,0.03927,cdi
2024-09-17,0.03927,cdi
2024-09-18,0.03927,cdi
2024-09-19,0.040168,cdi
2024-09-20,0.040168,cdi
2024-09-23,0.040168,cdi
2024-09-24,0.040168,cdi
2024-09-25,0.040168,cdi
2024-09-26,0.040168,cdi
2024-09-27,0.040168,cdi
2024-09-30,0.040168,cdi
2024-10-01,0.040168,cdi
2024-10-02,0.040168,cdi
2024-10-03,0.040168,cdi
2024-10-04,0.040168,cdi
2024-10-07,0.040168,cdi
2024-10-08,0.040168,cdi
2024-10-09,0.040168,cdi
2024-10-10,0.040168,cdi
2024-10-11,0.040168,cdi
2024-10-14,0.040168,cdi
2024-10-15,0.040168,cdi
2024-10-16,0.040168,cdi
2024-10-17,0.040168,cdi
2024-10-18,0.040168,cdi
2024-10-21,0.040168,cdi
2024-10-22,0.040168,cdi
2024-10-23,0.040168,cdi
2024-10-24,0.040168,cdi
2024-10-25,0.040168,cdi
2024-10-28,0.040168,cdi
2024-10-29,0.040168,cdi
2024-10-30,0.040168,cdi
2024-10-31,0.040168,cdi
2024-11-01,0.040168,cdi
2024-11-04,0.040168,cdi
2024-11-05,0.040168,cdi
2024-11-06,0.040168,cdi
2024-11-07,0.041957,cdi
2024-11-08,0.041957,cdi
2024-11-11,0.041957,cdi
2024-11-12,0.041957,cdi
2024-11-13,0.041957,cdi
2024-11-14,0.041957,cdi
2024-11-18,0.041957,cdi
2024-11-19,0.041957,cdi
2024-11-21,0.041957,cdi
2024-11-22,0.041957,cdi
2024-11-25,0.041957,cdi
2024-11-26,0.041957,cdi
2024-11-27,0.041957,cdi
2024-11-28,0.041957,cdi
2024-11-29,0.041957,cdi
2024-12-02,0.041957,cdi
2024-12-03,0.041957,cdi
2024-12-04,0.041957,cdi
2024-12-05,0.041957,cdi
2024-12-06,0.041957,cdi
2024-12-09,0.041957,cdi
2024-12-10,0.041957,cdi
2024-12-11,0.041957,cdi
2024-12-12,0.045513,cdi
2024-12-13,0.045513,cdi
2024-12-16,0.045513,cdi
2024-12-17,0.045513,cdi
2024-12-18,0.045513,cdi
2024-12-19,0.045513,cdi
2024-12-20,0.045513,cdi
2024-12-23,0.045513,cdi
2024-12-24,0.045513,cdi
2024-12-26,0.045513,cdi
2024-12-27,0.045513,cdi
2024-12-30,0.045513,cdi
2024-12-31,0.045513,cdi
2025-01-02,0.045513,cdi
2025-01-03,0.045513,cdi
2025-01-06,0.045513,cdi
2025-01-07,0.045513,cdi
2025-01-08,0.045513,cdi
2025-01-09,0.045513,cdi
2025-01-10,0.045513,cdi
2025-01-13,0.045513,cdi
2025-01-14,0.045513,cdi
2025-01-15,0.045513,cdi
2025-01-16,0.045513,cdi
2025-01-17,0.045513,cdi
2025-01-20,0.045513,cdi
2025-01-21,0.045513,cdi
2025-01-22,0.045513,cdi
2025-01-23,0.045513,cdi
2025-01-24,0.045513,cdi
2025-01-27,0.045513,cdi
2025-01-28,0.045513,cdi
2025-01-29,0.045513,cdi
2025-01-30,0.049037,cdi
2025-01-31,0.049037,cdi
2025-02-03,0.049037,cdi
2025-02-04,0.049037,cdi
2025-02-05,0.049037,cdi
2025-02-06,0.049037,cdi
2025-02-07,0.049037,cdi
2025-02-10,0.049037,cdi
2025-02-11,0.049037,cdi
2025-02-12,0.049037,cdi
2025-02-13,0.049037,cdi
2025-02-14,0.049037,cdi
2025-02-17,0.049037,cdi
2025-02-18,0.049037,cdi
2025-02-19,0.049037,cdi
2025-02-20,0.049037,cdi
2025-02-21,0.049037,cdi
2025-02-24,0.049037,cdi
2025-02-25,0.049037,cdi
2025-02-26,0.049037,cdi
2025-02-27,0.049037,cdi
2025-02-28,0.049037,cdi
2025-03-05,0.049037,cdi
2025-03-06,0.049037,cdi
2025-03-07,0.049037,cdi
2025-03-10,0.049037,cdi
2025-03-11,0.049037,cdi
2025-03-12,0.049037,cdi
2025-03-13,0.049037,cdi
2025-03-14,0.049037,cdi
2025-03-17,0.049037,cdi
2025-03-18,0.049037,cdi
2025-03-19,0.049037,cdi
2025-03-20,0.052531,cdi
2025-03-21,0.052531,cdi
2025-03-24,0.052531,cdi
2025-03-25,0.052531,cdi
2025-03-26,0.052531,cdi
2025-03-27,0.052531,cdi
2025-03-28,0.052531,cdi
2025-03-31,0.052531,cdi
2025-04-01,0.052531,cdi
2025-04-02,0.052531,cdi
2025-04-03,0.052531,cdi
2025-04-04,0.052531,cdi
2025-04-07,0.052531,cdi
2025-04-08,0.052531,cdi
2025-04-09,0.052531,cdi
2025-04-10,0.052531,cdi
2025-04-11,0.052531,cdi
2025-04-14,0.052531,cdi
2025-04-15,0.052531,cdi
2025-04-16,0.052531,cdi
2025-04-17,0.052531,cdi
2025-04-22,0.052531,cdi
2025-04-23,0.052531,cdi
2025-04-24,0.052531,cdi
2025-04-25,0.052531,cdi
2025-04-28,0.052531,cdi
2025-04-29,0.052531,cdi
2025-04-30,0.052531,cdi
2025-05-02,0.052531,cdi
2025-05-05,0.052531,cdi
2025-05-06,0.052531,cdi
2025-05-07,0.052531,cdi
2025-05-08,0.054266,cdi
2025-05-09,0.054266,cdi
2025-05-12,0.054266,cdi
2025-05-13,0.054266,cdi
2025-05-14,0.054266,cdi
2025-05-15,0.054266,cdi
2025-05-16,0.054266,cdi
2025-05-19,0.054266,cdi
2025-05-20,0.054266,cdi
2025-05-21,0.054266,cdi
2025-05-22,0.054266,cdi
2025-05-23,0.054266,cdi
2025-05-26,0.054266,cdi
2025-05-27,0.054266,cdi
2025-05-28,0.054266,cdi
2025-05-29,0.054266,cdi
2025-05-30,0.054266,cdi
2025-06-02,0.054266,cdi
2025-06-03,0.054266,cdi
2025-06-04,0.054266,cdi
2025-06-05,0.054266,cdi
2025-06-06,0.054266,cdi
2025-06-09,0.054266,cdi
2025-06-10,0.054266,cdi
2025-06-11,0.054266,cdi
2025-06-12,0.054266,cdi
2025-06-13,0.054266,cdi
2025-06-16,0.054266,cdi
2025-06-17,0.054266,cdi
2025-06-18,0.054266,cdi
2025-06-20,0.055131,cdi
2025-06-23,0.055131,cdi
2025-06-24,0.055131,cdi
2025-06-25,0.055131,cdi
2025-06-26,0.055131,cdi
2025-06-27,0.055131,cdi
2025-06-30,0.055131,cdi
2025-07-01,0.055131,cdi
2025-07-02,0.055131,cdi
2025-07-03,0.055131,cdi
2025-07-04,0.055131,cdi
2025-07-07,0.055131,cdi
2025-07-08,0.055131,cdi
2025-07-09,0.055131,cdi
2025-07-10,0.055131,cdi
2025-07-11,0.055131,cdi
2025-07-14,0.055131,cdi
2025-07-15,0.055131,cdi
2025-07-16,0.055131,cdi
2025-07-17,0.055131,cdi
2025-07-18,0.055131,cdi
2025-07-21,0.055131,cdi
2025-07-22,0.055131,cdi
2025-07-23,0.055131,cdi
2025-07-24,0.055131,cdi
2025-07-25,0.055131,cdi
2025-07-28,0.055131,cdi
2025-07-29,0.055131,cdi
2025-07-30,0.055131,cdi
2025-07-31,0.055131,cdi
2025-08-01,0.055131,cdi
2025-08-04,0.055131,cdi
2025-08-05,0.055131,cdi
2025-08-06,0.055131,cdi
2025-08-07,0.055131,cdi
2025-08-08,0.055131,cdi
2025-08-11,0.055131,cdi
2025-08-12,0.055131,cdi
2025-08-13,0.055131,cdi
2025-08-14,0.055131,cdi
2025-08-15,0.055131,cdi
2025-08-18,0.055131,cdi
2025-08-19,0.055131,cdi
2025-08-20,0.055131,cdi
2025-08-21,0.055131,cdi
2025-08-22,0.055131,cdi
2025-08-25,0.055131,cdi
2025-08-26,0.055131,cdi
2025-08-27,0.055131,cdi
2025-08-28,0.055131,cdi
2025-08-29,0.055131,cdi
2025-09-01,0.055131,cdi
2025-09-02,0.055131,cdi
2025-09-03,0.055131,cdi
2025-09-04,0.055131,cdi
2025-09-05,0.055131,cdi
2025-09-08,0.055131,cdi
2025-09-09,0.055131,cdi
2025-09-10,0.055131,cdi
2025-09-11,0.055131,cdi
2025-09-12,0.055131,cdi
2025-09-15,0.055131,cdi
2025-09-16,0.055131,cdi
2025-09-17,0.055131,cdi
2025-09-18,0.055131,cdi
2025-09-19,0.055131,cdi
2025-09-22,0.055131,cdi
2025-09-23,0.055131,cdi
2025-09-24,0.055131,cdi
2025-09-25,0.055131,cdi
2025-09-26,0.055131,cdi
2025-09-29,0.055131,cdi
2025-09-30,0.055131,cdi
2025-10-01,0.055131,cdi
2025-10-02,0.055131,cdi
2025-10-03,0.055131,cdi
2025-10-06,0.055131,cdi
2025-10-07,0.055131,cdi
2025-10-08,0.055131,cdi
2025-10-09,0.055131,cdi
2025-10-10,0.055131,cdi
2025-10-13,0.055131,cdi
2025-10-14,0.055131,cdi
2025-10-15,0.055131,cdi
2025-10-16,0.055131,cdi
2025-10-17,0.055131,cdi
2025-10-20,0.055131,cdi
2025-10-21,0.055131,cdi
2025-10-22,0.055131,cdi
2025-10-23,0.055131,cdi
2025-10-24,0.055131,cdi
2025-10-27,0.055131,cdi
2025-10-28,0.055131,cdi
2025-10-29,0.055131,cdi
2025-10-30,0.055131,cdi
2025-10-31,0.055131,cdi
2025-11-03,0.055131,cdi
2025-11-04,0.055131,cdi
2025-11-05,0.055131,cdi
2025-11-06,0.055131,cdi
2025-11-07,0.055131,cdi
2025-11-10,0.055131,cdi
2025-11-11,0.055131,cdi
2025-11-12,0.055131,cdi
2025-11-13,0.055131,cdi
2025-11-14,0.055131,cdi
2025-11-17,0.055131,cdi
2025-11-18,0.055131,cdi
2025-11-19,0.055131,cdi
2025-11-21,0.055131,cdi
2025-11-24,0.055131,cdi
2025-11-25,0.055131,cdi
2025-11-26,0.055131,cdi
2025-11-27,0.055131,cdi
2025-11-28,0.055131,cdi
2025-12-01,0.055131,cdi
2025-12-02,0.055131,cdi
2025-12-03,0.055131,cdi
2025-12-04,0.055131,cdi
2025-12-05,0.055131,cdi
2025-12-08,0.055131,cdi
2025-12-09,0.055131,cdi
2025-12-10,0.055131,cdi
2025-12-11,0.055131,cdi
2025-12-12,0.055131,cdi
2025-12-15,0.055131,cdi
2025-12-16,0.055131,cdi
2025-12-17,0.055131,cdi
2025-12-18,0.055131,cdi
2025-12-19,0.055131,cdi
2025-12-22,0.055131,cdi
2025-12-23,0.055131,cdi
2025-12-24,0.055131,cdi
2025-12-26,0.055131,cdi
2025-12-29,0.055131,cdi
2025-12-30,0.055131,cdi
2025-12-31,0.055131,cdi
2026-01-02,0.055131,cdi
2026-01-05,0.055131,cdi
2026-01-06,0.055131,cdi
2026-01-07,0.055131,cdi
2026-01-08,0.055131,cdi
2026-01-09,0.055131,cdi
2026-01-12,0.055131,cdi
2026-01-13,0.055131,cdi
2026-01-14,0.055131,cdi
2026-01-15,0.055131,cdi
2026-01-16,0.055131,cdi
2026-01-19,0.055131,cdi
2026-01-20,0.055131,cdi
2026-01-21,0.055131,cdi
2026-01-22,0.055131,cdi
2026-01-23,0.055131,cdi
2026-01-26,0.055131,cdi
2026-01-27,0.055131,cdi
2026-01-28,0.055131,cdi
2026-01-29,0.055131,cdi
2026-01-30,0.055131,cdi
2026-02-02,0.055131,cdi
2026-02-03,0.055131,cdi
2026-02-04,0.055131,cdi
2026-02-05,0.055131,cdi
2026-02-06,0.055131,cdi
2026-02-09,0.055131,cdi
2026-02-10,0.055131,cdi
2026-02-11,0.055131,cdi
2026-02-12,0.055131,cdi
2026-02-13,0.055131,cdi
2026-02-18,0.055131,cdi
2026-02-19,0.055131,cdi
2026-02-20,0.055131,cdi
2026-02-23,0.055131,cdi
2026-02-24,0.055131,cdi
2026-02-25,0.055131,cdi
2026-02-26,0.055131,cdi
2026-02-27,0.055131,cdi
2026-03-02,0.055131,cdi
2026-03-03,0.055131,cdi
2026-03-04,0.055131,cdi
2026-03-05,0.055131,cdi
2026-03-06,0.055131,cdi
2026-03-09,0.055131,cdi
2026-03-10,0.055131,cdi
2026-03-11,0.055131,cdi
2026-03-12,0.055131,cdi
2026-03-13,0.055131,cdi
2026-03-16,0.055131,cdi
2026-03-17,0.055131,cdi
2026-03-18,0.055131,cdi
2026-03-19,0.054266,cdi
2026-03-20,0.054266,cdi
2026-03-23,0.054266,cdi
2026-03-24,0.054266,cdi
2026-03-25,0.054266,cdi
2026-03-26,0.054266,cdi
2026-03-27,0.054266,cdi
2026-03-30,0.054266,cdi
2026-03-31,0.054266,cdi
2026-04-01,0.054266,cdi
2026-04-02,0.054266,cdi
2026-04-06,0.054266,cdi
2026-04-07,0.054266,cdi
2026-04-08,0.054266,cdi
2026-04-09,0.054266,cdi
2026-04-10,0.054266,cdi
2026-04-13,0.054266,cdi
2026-04-14,0.054266,cdi
2026-04-15,0.054266,cdi
2026-04-16,0.054266,cdi
2026-04-17,0.054266,cdi
2026-04-20,0.054266,cdi
2026-04-22,0.054266,cdi
2026-04-23,0.054266,cdi
2026-04-24,0.054266,cdi
2026-04-27,0.054266,cdi
2026-04-28,0.054266,cdi
2026-04-29,0.054266,cdi
2026-04-30,0.0534,cdi
2026-05-04,0.0534,cdi
2026-05-05,0.0534,cdi
2026-05-06,0.0534,cdi
2026-05-07,0.0534,cdi
2026-05-08,0.0534,cdi
2026-05-11,0.0534,cdi
2026-05-12,0.0534,cdi
2026-05-13,0.0534,cdi
2026-05-14,0.0534,cdi
2026-05-15,0.0534,cdi
2026-05-18,0.0534,cdi
2026-05-19,0.0534,cdi
2026-05-20,0.0534,cdi
2026-05-21,0.0534,cdi
2026-05-22,0.0534,cdi
2026-05-25,0.0534,cdi
2026-05-26,0.0534,cdi
2026-05-27,0.0534,cdi
2026-05-28,0.0534,cdi
2026-05-29,0.0534,cdi
2026-06-01,0.0534,cdi
2026-06-02,0.0534,cdi
2026-06-03,0.0534,cdi
2026-06-05,0.0534,cdi
2026-06-08,0.0534,cdi
2026-06-09,0.0534,cdi
2026-06-10,0.0534,cdi
2026-06-11,0.0534,cdi
2026-06-12,0.0534,cdi
2026-06-15,0.0534,cdi
2026-06-16,0.0534,cdi
2026-06-17,0.0534,cdi
2026-06-18,0.052531,cdi
2026-06-19,0.052531,cdi
2026-06-22,0.052531,cdi
2026-06-23,0.052531,cdi
2026-06-24,0.052531,cdi
2026-06-25,0.052531,cdi
2026-06-26,0.052531,cdi
2026-06-29,0.052531,cdi
2026-06-30,0.052531,cdi
2026-07-01,0.052531,cdi
2026-07-02,0.052531,cdi
2026-07-03,0.052531,cdi
2026-07-06,0.052531,cdi
2026-07-07,0.052531,cdi
2026-07-08,0.052531,cdi
2026-07-09,0.052531,cdi
2026-07-10,0.052531,cdi
2026-07-13,0.052531,cdi
2026-07-14,0.052531,cdi
2026-07-15,0.052531,cdi
2026-07-16,0.052531,cdi
2026-07-17,0.052531,cdi
2026-07-20,0.052531,cdi
2026-07-21,0.052531,cdi
2026-07-22,0.052531,cdi
2026-07-23,0.052531,cdi
2026-07-24,0.052531,cdi
2026-07-27,0.052531,cdi
2026-07-28,0.052531,cdi
2026-07-29,0.052531,cdi
2026-07-30,0.052531,cdi
2026-07-31,0.052531,cdi
2026-08-03,0.052531,cdi
2026-08-04,0.052531,cdi
2026-08-05,0.052531,cdi
2026-08-06,0.05166,cdi
2026-08-07,0.05166,cdi
2026-08-10,0.05166,cdi
2026-08-11,0.05166,cdi
2026-08-12,0.05166,cdi
2026-08-13,0.05166,cdi
2026-08-14,0.05166,cdi
2026-08-17,0.05166,cdi
2026-08-18,0.05166,cdi
2026-08-19,0.05166,cdi
2020-01-02,4.0213,cambio_dolar
2020-01-03,4.0522,cambio_dolar
2020-01-06,4.0554,cambio_dolar
2020-01-07,4.0841,cambio_dolar
2020-01-08,4.0672,cambio_dolar
2020-01-09,4.0744,cambio_dolar
2020-01-10,4.0745,cambio_dolar
2020-01-13,4.1309,cambio_dolar
2020-01-14,4.1443,cambio_dolar
2020-01-15,4.1622,cambio_dolar
2020-01-16,4.1726,cambio_dolar
2020-01-17,4.1837,cambio_dolar
2020-01-20,4.1829,cambio_dolar
2020-01-21,4.2014,cambio_dolar
2020-01-22,4.1889,cambio_dolar
2020-01-23,4.1662,cambio_dolar
2020-01-24,4.1769,cambio_dolar
2020-01-27,4.2196,cambio_dolar
2020-01-28,4.2064,cambio_dolar
2020-01-29,4.2013,cambio_dolar
2020-01-30,4.2523,cambio_dolar
2020-01-31,4.2695,cambio_dolar
2020-02-03,4.2475,cambio_dolar
2020-02-04,4.2381,cambio_dolar
2020-02-05,4.2449,cambio_dolar
2020-02-06,4.2477,cambio_dolar
2020-02-07,4.3076,cambio_dolar
2020-02-10,4.3195,cambio_dolar
2020-02-11,4.3148,cambio_dolar
2020-02-12,4.3366,cambio_dolar
2020-02-13,4.3389,cambio_dolar
2020-02-14,4.3163,cambio_dolar
2020-02-17,4.3157,cambio_dolar
2020-02-18,4.3471,cambio_dolar
2020-02-19,4.3728,cambio_dolar
2020-02-20,4.3873,cambio_dolar
2020-02-21,4.3924,cambio_dolar
2020-02-26,4.4359,cambio_dolar
2020-02-27,4.4764,cambio_dolar
2020-02-28,4.4987,cambio_dolar
2020-03-02,4.4946,cambio_dolar
2020-03-03,4.4883,cambio_dolar
2020-03-04,4.5258,cambio_dolar
2020-03-05,4.6207,cambio_dolar
2020-03-06,4.6459,cambio_dolar
2020-03-09,4.7379,cambio_dolar
2020-03-10,4.6693,cambio_dolar
2020-03-11,4.6738,cambio_dolar
2020-03-12,4.8833,cambio_dolar
2020-03-13,4.7362,cambio_dolar
2020-03-16,4.9471,cambio_dolar
2020-03-17,5.0496,cambio_dolar
2020-03-18,5.1107,cambio_dolar
2020-03-19,5.1444,cambio_dolar
2020-03-20,5.0248,cambio_dolar
2020-03-23,5.0805,cambio_dolar
2020-03-24,5.0713,cambio_dolar
2020-03-25,5.0706,cambio_dolar
2020-03-26,5.001,cambio_dolar
2020-03-27,5.1109,cambio_dolar
2020-03-30,5.1594,cambio_dolar
2020-03-31,5.1987,cambio_dolar
2020-04-01,5.2404,cambio_dolar
2020-04-02,5.2651,cambio_dolar
2020-04-03,5.2997,cambio_dolar
2020-04-06,5.2471,cambio_dolar
2020-04-07,5.2217,cambio_dolar
2020-04-08,5.2123,cambio_dolar
2020-04-09,5.0779,cambio_dolar
2020-04-13,5.1824,cambio_dolar
2020-04-14,5.1858,cambio_dolar
2020-04-15,5.2579,cambio_dolar
2020-04-16,5.2377,cambio_dolar
2020-04-17,5.2573,cambio_dolar
2020-04-20,5.2837,cambio_dolar
2020-04-22,5.3847,cambio_dolar
2020-04-23,5.4467,cambio_dolar
2020-04-24,5.651,cambio_dolar
2020-04-27,5.6358,cambio_dolar
2020-04-28,5.5683,cambio_dolar
2020-04-29,5.4291,cambio_dolar
2020-04-30,5.427,cambio_dolar
2020-05-04,5.5816,cambio_dolar
2020-05-05,5.5354,cambio_dolar
2020-05-06,5.6676,cambio_dolar
2020-05-07,5.8365,cambio_dolar
2020-05-08,5.7653,cambio_dolar
2020-05-11,5.7954,cambio_dolar
2020-05-12,5.7723,cambio_dolar
2020-05-13,5.9022,cambio_dolar
2020-05-14,5.9372,cambio_dolar
2020-05-15,5.8229,cambio_dolar
2020-05-18,5.7375,cambio_dolar
2020-05-19,5.7216,cambio_dolar
2020-05-20,5.6968,cambio_dolar
2020-05-21,5.6019,cambio_dolar
2020-05-22,5.5808,cambio_dolar
2020-05-25,5.4772,cambio_dolar
2020-05-26,5.3707,cambio_dolar
2020-05-27,5.2992,cambio_dolar
2020-05-28,5.3405,cambio_dolar
2020-05-29,5.4263,cambio_dolar
2020-06-01,5.3639,cambio_dolar
2020-06-02,5.2601,cambio_dolar
2020-06-03,5.0516,cambio_dolar
2020-06-04,5.1041,cambio_dolar
2020-06-05,4.9775,cambio_dolar
2020-06-08,4.9331,cambio_dolar
2020-06-09,4.9057,cambio_dolar
2020-06-10,4.8894,cambio_dolar
2020-06-12,5.0373,cambio_dolar
2020-06-15,5.1883,cambio_dolar
2020-06-16,5.1285,cambio_dolar
2020-06-17,5.2499,cambio_dolar
2020-06-18,5.3468,cambio_dolar
2020-06-19,5.3466,cambio_dolar
2020-06-22,5.2226,cambio_dolar
2020-06-23,5.1705,cambio_dolar
2020-06-24,5.2435,cambio_dolar
2020-06-25,5.3287,cambio_dolar
2020-06-26,5.4629,cambio_dolar
2020-06-29,5.4416,cambio_dolar
2020-06-30,5.476,cambio_dolar
2020-07-01,5.3651,cambio_dolar
2020-07-02,5.3028,cambio_dolar
2020-07-03,5.3374,cambio_dolar
2020-07-06,5.3085,cambio_dolar
2020-07-07,5.3318,cambio_dolar
2020-07-08,5.3482,cambio_dolar
2020-07-09,5.2978,cambio_dolar
2020-07-10,5.344,cambio_dolar
2020-07-13,5.3486,cambio_dolar
2020-07-14,5.4288,cambio_dolar
2020-07-15,5.3491,cambio_dolar
2020-07-16,5.356,cambio_dolar
2020-07-17,5.351,cambio_dolar
2020-07-20,5.3635,cambio_dolar
2020-07-21,5.2283,cambio_dolar
2020-07-22,5.1111,cambio_dolar
2020-07-23,5.1647,cambio_dolar
2020-07-24,5.2146,cambio_dolar
2020-07-27,5.1889,cambio_dolar
2020-07-28,5.1777,cambio_dolar
2020-07-29,5.1395,cambio_dolar
2020-07-30,5.1837,cambio_dolar
2020-07-31,5.2033,cambio_dolar
2020-08-03,5.3075,cambio_dolar
2020-08-04,5.3329,cambio_dolar
2020-08-05,5.276,cambio_dolar
2020-08-06,5.3431,cambio_dolar
2020-08-07,5.4227,cambio_dolar
2020-08-10,5.3933,cambio_dolar
2020-08-11,5.4285,cambio_dolar
2020-08-12,5.4551,cambio_dolar
2020-08-13,5.3801,cambio_dolar
2020-08-14,5.3852,cambio_dolar
2020-08-17,5.4497,cambio_dolar
2020-08-18,5.4659,cambio_dolar
2020-08-19,5.4906,cambio_dolar
2020-08-20,5.651,cambio_dolar
2020-08-21,5.6064,cambio_dolar
2020-08-24,5.5954,cambio_dolar
2020-08-25,5.5997,cambio_dolar
2020-08-26,5.568,cambio_dolar
2020-08-27,5.5956,cambio_dolar
2020-08-28,5.4679,cambio_dolar
2020-08-31,5.4713,cambio_dolar
2020-09-01,5.3732,cambio_dolar
2020-09-02,5.3741,cambio_dolar
2020-09-03,5.3079,cambio_dolar
2020-09-04,5.2848,cambio_dolar
2020-09-08,5.3698,cambio_dolar
2020-09-09,5.3024,cambio_dolar
2020-09-10,5.2936,cambio_dolar
2020-09-11,5.2854,cambio_dolar
2020-09-14,5.2984,cambio_dolar
2020-09-15,5.2728,cambio_dolar
2020-09-16,5.2532,cambio_dolar
2020-09-17,5.2593,cambio_dolar
2020-09-18,5.2889,cambio_dolar
2020-09-21,5.444,cambio_dolar
2020-09-22,5.4329,cambio_dolar
2020-09-23,5.5311,cambio_dolar
2020-09-24,5.5714,cambio_dolar
2020-09-25,5.5667,cambio_dolar
2020-09-28,5.5858,cambio_dolar
2020-09-29,5.6528,cambio_dolar
2020-09-30,5.6407,cambio_dolar
2020-10-01,5.6441,cambio_dolar
2020-10-02,5.6464,cambio_dolar
2020-10-05,5.6299,cambio_dolar
2020-10-06,5.5205,cambio_dolar
2020-10-07,5.6018,cambio_dolar
2020-10-08,5.62,cambio_dolar
2020-10-09,5.5393,cambio_dolar
2020-10-13,5.5859,cambio_dolar
2020-10-14,5.5675,cambio_dolar
2020-10-15,5.6172,cambio_dolar
2020-10-16,5.6226,cambio_dolar
2020-10-19,5.6023,cambio_dolar
2020-10-20,5.583,cambio_dolar
2020-10-21,5.6006,cambio_dolar
2020-10-22,5.582,cambio_dolar
2020-10-23,5.612,cambio_dolar
2020-10-26,5.6328,cambio_dolar
2020-10-27,5.6491,cambio_dolar
2020-10-28,5.7325,cambio_dolar
2020-10-29,5.7803,cambio_dolar
2020-10-30,5.7718,cambio_dolar
2020-11-03,5.6895,cambio_dolar
2020-11-04,5.6932,cambio_dolar
2020-11-05,5.5624,cambio_dolar
2020-11-06,5.5313,cambio_dolar
2020-11-09,5.2821,cambio_dolar
2020-11-10,5.3696,cambio_dolar
2020-11-11,5.402,cambio_dolar
2020-11-12,5.4094,cambio_dolar
2020-11-13,5.4854,cambio_dolar
2020-11-16,5.4198,cambio_dolar
2020-11-17,5.3968,cambio_dolar
2020-11-18,5.2932,cambio_dolar
2020-11-19,5.333,cambio_dolar
2020-11-20,5.3505,cambio_dolar
2020-11-23,5.3828,cambio_dolar
2020-11-24,5.4037,cambio_dolar
2020-11-25,5.3508,cambio_dolar
2020-11-26,5.3201,cambio_dolar
2020-11-27,5.3494,cambio_dolar
2020-11-30,5.3317,cambio_dolar
2020-12-01,5.2789,cambio_dolar
2020-12-02,5.2267,cambio_dolar
2020-12-03,5.1625,cambio_dolar
2020-12-04,5.1706,cambio_dolar
2020-12-07,5.1018,cambio_dolar
2020-12-08,5.092,cambio_dolar
2020-12-09,5.1109,cambio_dolar
2020-12-10,5.0852,cambio_dolar
2020-12-11,5.0691,cambio_dolar
2020-12-14,5.0578,cambio_dolar
2020-12-15,5.0968,cambio_dolar
2020-12-16,5.1057,cambio_dolar
2020-12-17,5.0612,cambio_dolar
2020-12-18,5.0986,cambio_dolar
2020-12-21,5.1572,cambio_dolar
2020-12-22,5.1473,cambio_dolar
2020-12-23,5.174,cambio_dolar
2020-12-24,5.18,cambio_dolar
2020-12-28,5.239,cambio_dolar
2020-12-29,5.1942,cambio_dolar
2020-12-30,5.1967,cambio_dolar
2020-12-31,5.1967,cambio_dolar
2021-01-04,5.1626,cambio_dolar
2021-01-05,5.3269,cambio_dolar
2021-01-06,5.3182,cambio_dolar
2021-01-07,5.3433,cambio_dolar
2021-01-08,5.3683,cambio_dolar
2021-01-11,5.4966,cambio_dolar
2021-01-12,5.4637,cambio_dolar
2021-01-13,5.307,cambio_dolar
2021-01-14,5.2617,cambio_dolar
2021-01-15,5.2714,cambio_dolar
2021-01-18,5.2788,cambio_dolar
2021-01-19,5.2945,cambio_dolar
2021-01-20,5.3033,cambio_dolar
2021-01-21,5.3166,cambio_dolar
2021-01-22,5.4301,cambio_dolar
2021-01-25,5.5089,cambio_dolar
2021-01-26,5.3865,cambio_dolar
2021-01-27,5.3824,cambio_dolar
2021-01-28,5.4282,cambio_dolar
2021-01-29,5.4759,cambio_dolar
2021-02-01,5.4608,cambio_dolar
2021-02-02,5.3875,cambio_dolar
2021-02-03,5.3423,cambio_dolar
2021-02-04,5.391,cambio_dolar
2021-02-05,5.3884,cambio_dolar
2021-02-08,5.367,cambio_dolar
2021-02-09,5.4216,cambio_dolar
2021-02-10,5.4024,cambio_dolar
2021-02-11,5.3626,cambio_dolar
2021-02-12,5.3815,cambio_dolar
2021-02-17,5.4138,cambio_dolar
2021-02-18,5.4238,cambio_dolar
2021-02-19,5.3924,cambio_dolar
2021-02-22,5.5044,cambio_dolar
2021-02-23,5.449,cambio_dolar
2021-02-24,5.4182,cambio_dolar
2021-02-25,5.46,cambio_dolar
2021-02-26,5.5302,cambio_dolar
2021-03-01,5.5832,cambio_dolar
2021-03-02,5.6844,cambio_dolar
2021-03-03,5.7342,cambio_dolar
2021-03-04,5.6008,cambio_dolar
2021-03-05,5.687,cambio_dolar
2021-03-08,5.7343,cambio_dolar
2021-03-09,5.8397,cambio_dolar
2021-03-10,5.7449,cambio_dolar
2021-03-11,5.589,cambio_dolar
2021-03-12,5.564,cambio_dolar
2021-03-15,5.6296,cambio_dolar
2021-03-16,5.5851,cambio_dolar
2021-03-17,5.6579,cambio_dolar
2021-03-18,5.5474,cambio_dolar
2021-03-19,5.5082,cambio_dolar
2021-03-22,5.5269,cambio_dolar
2021-03-23,5.4951,cambio_dolar
2021-03-24,5.533,cambio_dolar
2021-03-25,5.6585,cambio_dolar
2021-03-26,5.7042,cambio_dolar
2021-03-29,5.7925,cambio_dolar
2021-03-30,5.7642,cambio_dolar
2021-03-31,5.6973,cambio_dolar
2021-04-01,5.6849,cambio_dolar
2021-04-05,5.6579,cambio_dolar
2021-04-06,5.6263,cambio_dolar
2021-04-07,5.5864,cambio_dolar
2021-04-08,5.5817,cambio_dolar
2021-04-09,5.6445,cambio_dolar
2021-04-12,5.6582,cambio_dolar
2021-04-13,5.7064,cambio_dolar
2021-04-14,5.6936,cambio_dolar
2021-04-15,5.6234,cambio_dolar
2021-04-16,5.6328,cambio_dolar
2021-04-19,5.575,cambio_dolar
2021-04-20,5.5266,cambio_dolar
2021-04-22,5.497,cambio_dolar
2021-04-23,5.4787,cambio_dolar
2021-04-26,5.4566,cambio_dolar
2021-04-27,5.4424,cambio_dolar
2021-04-28,5.4005,cambio_dolar
2021-04-29,5.3662,cambio_dolar
2021-04-30,5.4036,cambio_dolar
2021-05-03,5.4087,cambio_dolar
2021-05-04,5.4505,cambio_dolar
2021-05-05,5.3872,cambio_dolar
2021-05-06,5.2897,cambio_dolar
2021-05-07,5.2217,cambio_dolar
2021-05-10,5.2227,cambio_dolar
2021-05-11,5.2403,cambio_dolar
2021-05-12,5.2353,cambio_dolar
2021-05-13,5.2815,cambio_dolar
2021-05-14,5.2701,cambio_dolar
2021-05-17,5.2755,cambio_dolar
2021-05-18,5.2588,cambio_dolar
2021-05-19,5.2822,cambio_dolar
2021-05-20,5.2905,cambio_dolar
2021-05-21,5.3027,cambio_dolar
2021-05-24,5.3198,cambio_dolar
2021-05-25,5.3143,cambio_dolar
2021-05-26,5.3164,cambio_dolar
2021-05-27,5.284,cambio_dolar
2021-05-28,5.2281,cambio_dolar
2021-05-31,5.2322,cambio_dolar
2021-06-01,5.1636,cambio_dolar
2021-06-02,5.1147,cambio_dolar
2021-06-04,5.0666,cambio_dolar
2021-06-07,5.0498,cambio_dolar
2021-06-08,5.0489,cambio_dolar
2021-06-09,5.0533,cambio_dolar
2021-06-10,5.0635,cambio_dolar
2021-06-11,5.119,cambio_dolar
2021-06-14,5.0707,cambio_dolar
2021-06-15,5.0874,cambio_dolar
2021-06-16,5.0207,cambio_dolar
2021-06-17,5.0359,cambio_dolar
2021-06-18,5.0314,cambio_dolar
2021-06-21,5.0373,cambio_dolar
2021-06-22,5.0178,cambio_dolar
2021-06-23,4.9519,cambio_dolar
2021-06-24,4.9277,cambio_dolar
2021-06-25,4.9206,cambio_dolar
2021-06-28,4.942,cambio_dolar
2021-06-29,4.945,cambio_dolar
2021-06-30,5.0022,cambio_dolar
2021-07-01,5.0055,cambio_dolar
2021-07-02,5.0293,cambio_dolar
2021-07-05,5.0749,cambio_dolar
2021-07-06,5.1645,cambio_dolar
2021-07-07,5.2328,cambio_dolar
2021-07-08,5.2587,cambio_dolar
2021-07-09,5.2393,cambio_dolar
2021-07-12,5.2239,cambio_dolar
2021-07-13,5.177,cambio_dolar
2021-07-14,5.088,cambio_dolar
2021-07-15,5.1,cambio_dolar
2021-07-16,5.0941,cambio_dolar
2021-07-19,5.1978,cambio_dolar
2021-07-20,5.2465,cambio_dolar
2021-07-21,5.2516,cambio_dolar
2021-07-22,5.1978,cambio_dolar
2021-07-23,5.1701,cambio_dolar
2021-07-26,5.1863,cambio_dolar
2021-07-27,5.1669,cambio_dolar
2021-07-28,5.1527,cambio_dolar
2021-07-29,5.0682,cambio_dolar
2021-07-30,5.1216,cambio_dolar
2021-08-02,5.1379,cambio_dolar
2021-08-03,5.2464,cambio_dolar
2021-08-04,5.2091,cambio_dolar
2021-08-05,5.1464,cambio_dolar
2021-08-06,5.241,cambio_dolar
2021-08-09,5.2774,cambio_dolar
2021-08-10,5.2217,cambio_dolar
2021-08-11,5.2013,cambio_dolar
2021-08-12,5.2351,cambio_dolar
2021-08-13,5.2474,cambio_dolar
2021-08-16,5.2495,cambio_dolar
2021-08-17,5.2585,cambio_dolar
2021-08-18,5.3025,cambio_dolar
2021-08-19,5.418,cambio_dolar
2021-08-20,5.4274,cambio_dolar
2021-08-23,5.3686,cambio_dolar
2021-08-24,5.3017,cambio_dolar
2021-08-25,5.2465,cambio_dolar
2021-08-26,5.2429,cambio_dolar
2021-08-27,5.22,cambio_dolar
2021-08-30,5.1952,cambio_dolar
2021-08-31,5.1433,cambio_dolar
2021-09-01,5.1576,cambio_dolar
2021-09-02,5.1735,cambio_dolar
2021-09-03,5.1685,cambio_dolar
2021-09-06,5.1773,cambio_dolar
2021-09-08,5.2524,cambio_dolar
2021-09-09,5.2825,cambio_dolar
2021-09-10,5.2158,cambio_dolar
2021-09-13,5.219,cambio_dolar
2021-09-14,5.226,cambio_dolar
2021-09-15,5.2576,cambio_dolar
2021-09-16,5.2594,cambio_dolar
2021-09-17,5.3103,cambio_dolar
2021-09-20,5.3332,cambio_dolar
2021-09-21,5.3044,cambio_dolar
2021-09-22,5.2783,cambio_dolar
2021-09-23,5.2891,cambio_dolar
2021-09-24,5.3435,cambio_dolar
2021-09-27,5.3478,cambio_dolar
2021-09-28,5.4206,cambio_dolar
2021-09-29,5.4173,cambio_dolar
2021-09-30,5.4394,cambio_dolar
2021-10-01,5.3911,cambio_dolar
2021-10-04,5.4204,cambio_dolar
2021-10-05,5.4611,cambio_dolar
2021-10-06,5.5097,cambio_dolar
2021-10-07,5.514,cambio_dolar
2021-10-08,5.5084,cambio_dolar
2021-10-11,5.5161,cambio_dolar
2021-10-13,5.5471,cambio_dolar
2021-10-14,5.4988,cambio_dolar
2021-10-15,5.451,cambio_dolar
2021-10-18,5.5193,cambio_dolar
2021-10-19,5.5521,cambio_dolar
2021-10-20,5.5571,cambio_dolar
2021-10-21,5.6423,cambio_dolar
2021-10-22,5.7117,cambio_dolar
2021-10-25,5.5973,cambio_dolar
2021-10-26,5.58,cambio_dolar
2021-10-27,5.5667,cambio_dolar
2021-10-28,5.6124,cambio_dolar
2021-10-29,5.643,cambio_dolar
2021-11-01,5.6694,cambio_dolar
2021-11-03,5.6672,cambio_dolar
2021-11-04,5.5942,cambio_dolar
2021-11-05,5.5455,cambio_dolar
2021-11-08,5.5627,cambio_dolar
2021-11-09,5.4957,cambio_dolar
2021-11-10,5.459,cambio_dolar
2021-11-11,5.4171,cambio_dolar
2021-11-12,5.4199,cambio_dolar
2021-11-16,5.4772,cambio_dolar
2021-11-17,5.4993,cambio_dolar
2021-11-18,5.547,cambio_dolar
2021-11-19,5.5584,cambio_dolar
2021-11-22,5.5841,cambio_dolar
2021-11-23,5.6456,cambio_dolar
2021-11-24,5.6027,cambio_dolar
2021-11-25,5.574,cambio_dolar
2021-11-26,5.5865,cambio_dolar
2021-11-29,5.6118,cambio_dolar
2021-11-30,5.6199,cambio_dolar
2021-12-01,5.6168,cambio_dolar
2021-12-02,5.6345,cambio_dolar
2021-12-03,5.6432,cambio_dolar
2021-12-06,5.6877,cambio_dolar
2021-12-07,5.6411,cambio_dolar
2021-12-08,5.5779,cambio_dolar
2021-12-09,5.5564,cambio_dolar
2021-12-10,5.5931,cambio_dolar
2021-12-13,5.6357,cambio_dolar
2021-12-14,5.6461,cambio_dolar
2021-12-15,5.7127,cambio_dolar
2021-12-16,5.6963,cambio_dolar
2021-12-17,5.6959,cambio_dolar
2021-12-20,5.7055,cambio_dolar
2021-12-21,5.7372,cambio_dolar
2021-12-22,5.7201,cambio_dolar
2021-12-23,5.691,cambio_dolar
2021-12-24,5.6591,cambio_dolar
2021-12-27,5.665,cambio_dolar
2021-12-28,5.6438,cambio_dolar
2021-12-29,5.6619,cambio_dolar
2021-12-30,5.5805,cambio_dolar
2021-12-31,5.5805,cambio_dolar
2022-01-03,5.6309,cambio_dolar
2022-01-04,5.6776,cambio_dolar
2022-01-05,5.6628,cambio_dolar
2022-01-06,5.7042,cambio_dolar
2022-01-07,5.6753,cambio_dolar
2022-01-10,5.6736,cambio_dolar
2022-01-11,5.6351,cambio_dolar
2022-01-12,5.5611,cambio_dolar
2022-01-13,5.5246,cambio_dolar
2022-01-14,5.5349,cambio_dolar
2022-01-17,5.5058,cambio_dolar
2022-01-18,5.5213,cambio_dolar
2022-01-19,5.4978,cambio_dolar
2022-01-20,5.4166,cambio_dolar
2022-01-21,5.4401,cambio_dolar
2022-01-24,5.491,cambio_dolar
2022-01-25,5.4971,cambio_dolar
2022-01-26,5.4324,cambio_dolar
2022-01-27,5.3812,cambio_dolar
2022-01-28,5.3954,cambio_dolar
2022-01-31,5.3574,cambio_dolar
2022-02-01,5.281,cambio_dolar
2022-02-02,5.2956,cambio_dolar
2022-02-03,5.3025,cambio_dolar
2022-02-04,5.3284,cambio_dolar
2022-02-07,5.2913,cambio_dolar
2022-02-08,5.2699,cambio_dolar
2022-02-09,5.2735,cambio_dolar
2022-02-10,5.2101,cambio_dolar
2022-02-11,5.1987,cambio_dolar
2022-02-14,5.2106,cambio_dolar
2022-02-15,5.1881,cambio_dolar
2022-02-16,5.163,cambio_dolar
2022-02-17,5.1565,cambio_dolar
2022-02-18,5.1339,cambio_dolar
2022-02-21,5.0997,cambio_dolar
2022-02-22,5.0611,cambio_dolar
2022-02-23,5.0143,cambio_dolar
2022-02-24,5.1174,cambio_dolar
2022-02-25,5.1394,cambio_dolar
2022-03-02,5.1347,cambio_dolar
2022-03-03,5.0479,cambio_dolar
2022-03-04,5.0758,cambio_dolar
2022-03-07,5.0579,cambio_dolar
2022-03-08,5.0903,cambio_dolar
2022-03-09,5.0094,cambio_dolar
2022-03-10,5.0513,cambio_dolar
2022-03-11,5.0255,cambio_dolar
2022-03-14,5.0647,cambio_dolar
2022-03-15,5.1314,cambio_dolar
2022-03-16,5.1287,cambio_dolar
2022-03-17,5.0764,cambio_dolar
2022-03-18,5.0411,cambio_dolar
2022-03-21,4.9666,cambio_dolar
2022-03-22,4.9208,cambio_dolar
2022-03-23,4.8704,cambio_dolar
2022-03-24,4.8067,cambio_dolar
2022-03-25,4.7782,cambio_dolar
2022-03-28,4.7905,cambio_dolar
2022-03-29,4.7486,cambio_dolar
2022-03-30,4.7497,cambio_dolar
2022-03-31,4.7378,cambio_dolar
2022-04-01,4.6984,cambio_dolar
2022-04-04,4.6175,cambio_dolar
2022-04-05,4.64,cambio_dolar
2022-04-06,4.6967,cambio_dolar
2022-04-07,4.7422,cambio_dolar
2022-04-08,4.7513,cambio_dolar
2022-04-11,4.7025,cambio_dolar
2022-04-12,4.6483,cambio_dolar
2022-04-13,4.6811,cambio_dolar
2022-04-14,4.7158,cambio_dolar
2022-04-18,4.6746,cambio_dolar
2022-04-19,4.6664,cambio_dolar
2022-04-20,4.6397,cambio_dolar
2022-04-22,4.7326,cambio_dolar
2022-04-25,4.8818,cambio_dolar
2022-04-26,4.9666,cambio_dolar
2022-04-27,5.0167,cambio_dolar
2022-04-28,5.011,cambio_dolar
2022-04-29,4.9191,cambio_dolar
2022-05-02,5.0266,cambio_dolar
2022-05-03,5.0167,cambio_dolar
2022-05-04,5.0093,cambio_dolar
2022-05-05,5.0051,cambio_dolar
2022-05-06,5.075,cambio_dolar
2022-05-09,5.134,cambio_dolar
2022-05-10,5.139,cambio_dolar
2022-05-11,5.1244,cambio_dolar
2022-05-12,5.1482,cambio_dolar
2022-05-13,5.1075,cambio_dolar
2022-05-16,5.0666,cambio_dolar
2022-05-17,4.9676,cambio_dolar
2022-05-18,4.9592,cambio_dolar
2022-05-19,4.9198,cambio_dolar
2022-05-20,4.8777,cambio_dolar
2022-05-23,4.7973,cambio_dolar
2022-05-24,4.8106,cambio_dolar
2022-05-25,4.8359,cambio_dolar
2022-05-26,4.7967,cambio_dolar
2022-05-27,4.7434,cambio_dolar
2022-05-30,4.7216,cambio_dolar
2022-05-31,4.7289,cambio_dolar
2022-06-01,4.7765,cambio_dolar
2022-06-02,4.7879,cambio_dolar
2022-06-03,4.7956,cambio_dolar
2022-06-06,4.7839,cambio_dolar
2022-06-07,4.8909,cambio_dolar
2022-06-08,4.8711,cambio_dolar
2022-06-09,4.8951,cambio_dolar
2022-06-10,4.9836,cambio_dolar
2022-06-13,5.1033,cambio_dolar
2022-06-14,5.1203,cambio_dolar
2022-06-15,5.1119,cambio_dolar
2022-06-17,5.1313,cambio_dolar
2022-06-20,5.1641,cambio_dolar
2022-06-21,5.1462,cambio_dolar
2022-06-22,5.1509,cambio_dolar
2022-06-23,5.1833,cambio_dolar
2022-06-24,5.2334,cambio_dolar
2022-06-27,5.2214,cambio_dolar
2022-06-28,5.2179,cambio_dolar
2022-06-29,5.2268,cambio_dolar
2022-06-30,5.238,cambio_dolar
2022-07-01,5.3142,cambio_dolar
2022-07-04,5.3038,cambio_dolar
2022-07-05,5.3899,cambio_dolar
2022-07-06,5.4321,cambio_dolar
2022-07-07,5.364,cambio_dolar
2022-07-08,5.3086,cambio_dolar
2022-07-11,5.3477,cambio_dolar
2022-07-12,5.412,cambio_dolar
2022-07-13,5.3992,cambio_dolar
2022-07-14,5.4568,cambio_dolar
2022-07-15,5.4014,cambio_dolar
2022-07-18,5.3675,cambio_dolar
2022-07-19,5.3904,cambio_dolar
2022-07-20,5.4288,cambio_dolar
2022-07-21,5.475,cambio_dolar
2022-07-22,5.4522,cambio_dolar
2022-07-25,5.4144,cambio_dolar
2022-07-26,5.3608,cambio_dolar
2022-07-27,5.3074,cambio_dolar
2022-07-28,5.2149,cambio_dolar
2022-07-29,5.1884,cambio_dolar
2022-08-01,5.1606,cambio_dolar
2022-08-02,5.2329,cambio_dolar
2022-08-03,5.2846,cambio_dolar
2022-08-04,5.2409,cambio_dolar
2022-08-05,5.2165,cambio_dolar
2022-08-08,5.1247,cambio_dolar
2022-08-09,5.1224,cambio_dolar
2022-08-10,5.0497,cambio_dolar
2022-08-11,5.1127,cambio_dolar
2022-08-12,5.1023,cambio_dolar
2022-08-15,5.0925,cambio_dolar
2022-08-16,5.134,cambio_dolar
2022-08-17,5.1784,cambio_dolar
2022-08-18,5.1773,cambio_dolar
2022-08-19,5.1961,cambio_dolar
2022-08-22,5.1709,cambio_dolar
2022-08-23,5.103,cambio_dolar
2022-08-24,5.105,cambio_dolar
2022-08-25,5.1173,cambio_dolar
2022-08-26,5.0903,cambio_dolar
2022-08-29,5.0428,cambio_dolar
2022-08-30,5.0617,cambio_dolar
2022-08-31,5.179,cambio_dolar
2022-09-01,5.2007,cambio_dolar
2022-09-02,5.1878,cambio_dolar
2022-09-05,5.1686,cambio_dolar
2022-09-06,5.2228,cambio_dolar
2022-09-08,5.2155,cambio_dolar
2022-09-09,5.1633,cambio_dolar
2022-09-12,5.1183,cambio_dolar
2022-09-13,5.1794,cambio_dolar
2022-09-14,5.1774,cambio_dolar
2022-09-15,5.2211,cambio_dolar
2022-09-16,5.2882,cambio_dolar
2022-09-19,5.2367,cambio_dolar
2022-09-20,5.1705,cambio_dolar
2022-09-21,5.1692,cambio_dolar
2022-09-22,5.1677,cambio_dolar
2022-09-23,5.2257,cambio_dolar
2022-09-26,5.3548,cambio_dolar
2022-09-27,5.3508,cambio_dolar
2022-09-28,5.3594,cambio_dolar
2022-09-29,5.3916,cambio_dolar
2022-09-30,5.4066,cambio_dolar
2022-10-03,5.2002,cambio_dolar
2022-10-04,5.1411,cambio_dolar
2022-10-05,5.2144,cambio_dolar
2022-10-06,5.2009,cambio_dolar
2022-10-07,5.2221,cambio_dolar
2022-10-10,5.1941,cambio_dolar
2022-10-11,5.2068,cambio_dolar
2022-10-13,5.3017,cambio_dolar
2022-10-14,5.2824,cambio_dolar
2022-10-17,5.2713,cambio_dolar
2022-10-18,5.2697,cambio_dolar
2022-10-19,5.2808,cambio_dolar
2022-10-20,5.2176,cambio_dolar
2022-10-21,5.1919,cambio_dolar
2022-10-24,5.2744,cambio_dolar
2022-10-25,5.3091,cambio_dolar
2022-10-26,5.3248,cambio_dolar
2022-10-27,5.3003,cambio_dolar
2022-10-28,5.3454,cambio_dolar
2022-10-31,5.257,cambio_dolar
2022-11-01,5.15,cambio_dolar
2022-11-03,5.1349,cambio_dolar
2022-11-04,5.036,cambio_dolar
2022-11-07,5.0886,cambio_dolar
2022-11-08,5.1744,cambio_dolar
2022-11-09,5.1629,cambio_dolar
2022-11-10,5.3064,cambio_dolar
2022-11-11,5.3051,cambio_dolar
2022-11-14,5.3013,cambio_dolar
2022-11-16,5.3204,cambio_dolar
2022-11-17,5.4655,cambio_dolar
2022-11-18,5.3477,cambio_dolar
2022-11-21,5.3259,cambio_dolar
2022-11-22,5.3339,cambio_dolar
2022-11-23,5.393,cambio_dolar
2022-11-24,5.3149,cambio_dolar
2022-11-25,5.3508,cambio_dolar
2022-11-28,5.3796,cambio_dolar
2022-11-29,5.3076,cambio_dolar
2022-11-30,5.2941,cambio_dolar
2022-12-01,5.1948,cambio_dolar
2022-12-02,5.1974,cambio_dolar
2022-12-05,5.2464,cambio_dolar
2022-12-06,5.2396,cambio_dolar
2022-12-07,5.2208,cambio_dolar
2022-12-08,5.2091,cambio_dolar
2022-12-09,5.2396,cambio_dolar
2022-12-12,5.3066,cambio_dolar
2022-12-13,5.2669,cambio_dolar
2022-12-14,5.3406,cambio_dolar
2022-12-15,5.3183,cambio_dolar
2022-12-16,5.2806,cambio_dolar
2022-12-19,5.316,cambio_dolar
2022-12-20,5.2427,cambio_dolar
2022-12-21,5.2031,cambio_dolar
2022-12-22,5.1871,cambio_dolar
2022-12-23,5.1445,cambio_dolar
2022-12-26,5.1872,cambio_dolar
2022-12-27,5.2832,cambio_dolar
2022-12-28,5.2736,cambio_dolar
2022-12-29,5.2177,cambio_dolar
2022-12-30,5.2177,cambio_dolar
2023-01-02,5.3436,cambio_dolar
2023-01-03,5.3759,cambio_dolar
2023-01-04,5.4459,cambio_dolar
2023-01-05,5.4026,cambio_dolar
2023-01-06,5.2855,cambio_dolar
2023-01-09,5.2967,cambio_dolar
2023-01-10,5.2395,cambio_dolar
2023-01-11,5.202,cambio_dolar
2023-01-12,5.14,cambio_dolar
2023-01-13,5.1146,cambio_dolar
2023-01-16,5.1115,cambio_dolar
2023-01-17,5.1203,cambio_dolar
2023-01-18,5.0909,cambio_dolar
2023-01-19,5.2144,cambio_dolar
2023-01-20,5.1986,cambio_dolar
2023-01-23,5.1922,cambio_dolar
2023-01-24,5.1696,cambio_dolar
2023-01-25,5.1042,cambio_dolar
2023-01-26,5.0951,cambio_dolar
2023-01-27,5.0767,cambio_dolar
2023-01-30,5.0959,cambio_dolar
2023-01-31,5.0993,cambio_dolar
2023-02-01,5.0721,cambio_dolar
2023-02-02,4.9901,cambio_dolar
2023-02-03,5.103,cambio_dolar
2023-02-06,5.1763,cambio_dolar
2023-02-07,5.1695,cambio_dolar
2023-02-08,5.2036,cambio_dolar
2023-02-09,5.2315,cambio_dolar
2023-02-10,5.2526,cambio_dolar
2023-02-13,5.1834,cambio_dolar
2023-02-14,5.1507,cambio_dolar
2023-02-15,5.2243,cambio_dolar
2023-02-16,5.2432,cambio_dolar
2023-02-17,5.2012,cambio_dolar
2023-02-22,5.173,cambio_dolar
2023-02-23,5.133,cambio_dolar
2023-02-24,5.1791,cambio_dolar
2023-02-27,5.196,cambio_dolar
2023-02-28,5.2078,cambio_dolar
2023-03-01,5.207,cambio_dolar
2023-03-02,5.208,cambio_dolar
2023-03-03,5.2037,cambio_dolar
2023-03-06,5.197,cambio_dolar
2023-03-07,5.1901,cambio_dolar
2023-03-08,5.1387,cambio_dolar
2023-03-09,5.1353,cambio_dolar
2023-03-10,5.1822,cambio_dolar
2023-03-13,5.24,cambio_dolar
2023-03-14,5.2362,cambio_dolar
2023-03-15,5.2981,cambio_dolar
2023-03-16,5.2892,cambio_dolar
2023-03-17,5.2679,cambio_dolar
2023-03-20,5.2467,cambio_dolar
2023-03-21,5.2444,cambio_dolar
2023-03-22,5.2648,cambio_dolar
2023-03-23,5.2632,cambio_dolar
2023-03-24,5.2921,cambio_dolar
2023-03-27,5.2306,cambio_dolar
2023-03-28,5.1733,cambio_dolar
2023-03-29,5.1493,cambio_dolar
2023-03-30,5.1254,cambio_dolar
2023-03-31,5.0804,cambio_dolar
2023-04-03,5.0637,cambio_dolar
2023-04-04,5.0762,cambio_dolar
2023-04-05,5.0447,cambio_dolar
2023-04-06,5.0683,cambio_dolar
2023-04-10,5.0834,cambio_dolar
2023-04-11,5.0128,cambio_dolar
2023-04-12,4.9496,cambio_dolar
2023-04-13,4.9097,cambio_dolar
2023-04-14,4.9455,cambio_dolar
2023-04-17,4.9421,cambio_dolar
2023-04-18,4.9678,cambio_dolar
2023-04-19,5.0467,cambio_dolar
2023-04-20,5.0497,cambio_dolar
2023-04-24,5.0595,cambio_dolar
2023-04-25,5.0613,cambio_dolar
2023-04-26,5.0585,cambio_dolar
2023-04-27,5.015,cambio_dolar
2023-04-28,5.0007,cambio_dolar
2023-05-02,5.0334,cambio_dolar
2023-05-03,5.0227,cambio_dolar
2023-05-04,5.0106,cambio_dolar
2023-05-05,4.9696,cambio_dolar
2023-05-08,4.9696,cambio_dolar
2023-05-09,5.0007,cambio_dolar
2023-05-10,4.9547,cambio_dolar
2023-05-11,4.9696,cambio_dolar
2023-05-12,4.9234,cambio_dolar
2023-05-15,4.9103,cambio_dolar
2023-05-16,4.9122,cambio_dolar
2023-05-17,4.9513,cambio_dolar
2023-05-18,4.9647,cambio_dolar
2023-05-19,4.9858,cambio_dolar
2023-05-22,4.968,cambio_dolar
2023-05-23,4.9674,cambio_dolar
2023-05-24,4.9474,cambio_dolar
2023-05-25,4.999,cambio_dolar
2023-05-26,5.0114,cambio_dolar
2023-05-29,4.9954,cambio_dolar
2023-05-30,5.0593,cambio_dolar
2023-05-31,5.0959,cambio_dolar
2023-06-01,5.035,cambio_dolar
2023-06-02,4.9558,cambio_dolar
2023-06-05,4.9236,cambio_dolar
2023-06-06,4.9292,cambio_dolar
2023-06-07,4.9119,cambio_dolar
2023-06-09,4.8922,cambio_dolar
2023-06-12,4.8832,cambio_dolar
2023-06-13,4.8533,cambio_dolar
2023-06-14,4.8462,cambio_dolar
2023-06-15,4.8222,cambio_dolar
2023-06-16,4.8286,cambio_dolar
2023-06-19,4.7803,cambio_dolar
2023-06-20,4.793,cambio_dolar
2023-06-21,4.7795,cambio_dolar
2023-06-22,4.775,cambio_dolar
2023-06-23,4.7799,cambio_dolar
2023-06-26,4.7698,cambio_dolar
2023-06-27,4.7903,cambio_dolar
2023-06-28,4.8563,cambio_dolar
2023-06-29,4.8584,cambio_dolar
2023-06-30,4.8192,cambio_dolar
2023-07-03,4.7876,cambio_dolar
2023-07-04,4.8056,cambio_dolar
2023-07-05,4.8577,cambio_dolar
2023-07-06,4.8977,cambio_dolar
2023-07-07,4.8799,cambio_dolar
2023-07-10,4.8735,cambio_dolar
2023-07-11,4.8949,cambio_dolar
2023-07-12,4.8058,cambio_dolar
2023-07-13,4.8038,cambio_dolar
2023-07-14,4.7957,cambio_dolar
2023-07-17,4.8302,cambio_dolar
2023-07-18,4.804,cambio_dolar
2023-07-19,4.8,cambio_dolar
2023-07-20,4.7888,cambio_dolar
2023-07-21,4.7732,cambio_dolar
2023-07-24,4.7457,cambio_dolar
2023-07-25,4.7496,cambio_dolar
2023-07-26,4.7368,cambio_dolar
2023-07-27,4.7202,cambio_dolar
2023-07-28,4.7253,cambio_dolar
2023-07-31,4.7415,cambio_dolar
2023-08-01,4.7752,cambio_dolar
2023-08-02,4.8083,cambio_dolar
2023-08-03,4.8797,cambio_dolar
2023-08-04,4.8609,cambio_dolar
2023-08-07,4.901,cambio_dolar
2023-08-08,4.9217,cambio_dolar
2023-08-09,4.9015,cambio_dolar
2023-08-10,4.8518,cambio_dolar
2023-08-11,4.8918,cambio_dolar
2023-08-14,4.9481,cambio_dolar
2023-08-15,4.9812,cambio_dolar
2023-08-16,4.9772,cambio_dolar
2023-08-17,4.9816,cambio_dolar
2023-08-18,4.9724,cambio_dolar
2023-08-21,4.9847,cambio_dolar
2023-08-22,4.9431,cambio_dolar
2023-08-23,4.8977,cambio_dolar
2023-08-24,4.8748,cambio_dolar
2023-08-25,4.8772,cambio_dolar
2023-08-28,4.8938,cambio_dolar
2023-08-29,4.8706,cambio_dolar
2023-08-30,4.8653,cambio_dolar
2023-08-31,4.9219,cambio_dolar
2023-09-01,4.9318,cambio_dolar
2023-09-04,4.9176,cambio_dolar
2023-09-05,4.9705,cambio_dolar
2023-09-06,4.9762,cambio_dolar
2023-09-08,4.9835,cambio_dolar
2023-09-11,4.9366,cambio_dolar
2023-09-12,4.9505,cambio_dolar
2023-09-13,4.9171,cambio_dolar
2023-09-14,4.8751,cambio_dolar
2023-09-15,4.8689,cambio_dolar
2023-09-18,4.8535,cambio_dolar
2023-09-19,4.8575,cambio_dolar
2023-09-20,4.8487,cambio_dolar
2023-09-21,4.9229,cambio_dolar
2023-09-22,4.9131,cambio_dolar
2023-09-25,4.9606,cambio_dolar
2023-09-26,4.9717,cambio_dolar
2023-09-27,5.0289,cambio_dolar
2023-09-28,5.0475,cambio_dolar
2023-09-29,5.0076,cambio_dolar
2023-10-02,5.0679,cambio_dolar
2023-10-03,5.11,cambio_dolar
2023-10-04,5.1526,cambio_dolar
2023-10-05,5.1713,cambio_dolar
2023-10-06,5.1918,cambio_dolar
2023-10-09,5.1666,cambio_dolar
2023-10-10,5.0862,cambio_dolar
2023-10-11,5.0496,cambio_dolar
2023-10-13,5.0625,cambio_dolar
2023-10-16,5.0618,cambio_dolar
2023-10-17,5.0384,cambio_dolar
2023-10-18,5.0568,cambio_dolar
2023-10-19,5.054,cambio_dolar
2023-10-20,5.0528,cambio_dolar
2023-10-23,5.0164,cambio_dolar
2023-10-24,5.0065,cambio_dolar
2023-10-25,4.9981,cambio_dolar
2023-10-26,5.0055,cambio_dolar
2023-10-27,4.948,cambio_dolar
2023-10-30,5.0074,cambio_dolar
2023-10-31,5.0575,cambio_dolar
2023-11-01,5.0194,cambio_dolar
2023-11-03,4.891,cambio_dolar
2023-11-06,4.8999,cambio_dolar
2023-11-07,4.867,cambio_dolar
2023-11-08,4.8855,cambio_dolar
2023-11-09,4.9007,cambio_dolar
2023-11-10,4.9219,cambio_dolar
2023-11-13,4.9247,cambio_dolar
2023-11-14,4.8682,cambio_dolar
2023-11-16,4.8575,cambio_dolar
2023-11-17,4.8849,cambio_dolar
2023-11-20,4.8723,cambio_dolar
2023-11-21,4.8806,cambio_dolar
2023-11-22,4.8968,cambio_dolar
2023-11-23,4.8931,cambio_dolar
2023-11-24,4.8927,cambio_dolar
2023-11-27,4.8951,cambio_dolar
2023-11-28,4.8867,cambio_dolar
2023-11-29,4.8933,cambio_dolar
2023-11-30,4.9355,cambio_dolar
2023-12-01,4.9191,cambio_dolar
2023-12-04,4.9091,cambio_dolar
2023-12-05,4.9522,cambio_dolar
2023-12-06,4.9031,cambio_dolar
2023-12-07,4.8949,cambio_dolar
2023-12-08,4.9158,cambio_dolar
2023-12-11,4.944,cambio_dolar
2023-12-12,4.9476,cambio_dolar
2023-12-13,4.958,cambio_dolar
2023-12-14,4.8912,cambio_dolar
2023-12-15,4.9397,cambio_dolar
2023-12-18,4.9399,cambio_dolar
2023-12-19,4.8663,cambio_dolar
2023-12-20,4.8766,cambio_dolar
2023-12-21,4.8755,cambio_dolar
2023-12-22,4.8619,cambio_dolar
2023-12-26,4.8368,cambio_dolar
2023-12-27,4.8306,cambio_dolar
2023-12-28,4.8413,cambio_dolar
2023-12-29,4.8413,cambio_dolar
2024-01-02,4.8916,cambio_dolar
2024-01-03,4.9212,cambio_dolar
2024-01-04,4.9188,cambio_dolar
2024-01-05,4.8899,cambio_dolar
2024-01-08,4.885,cambio_dolar
2024-01-09,4.8937,cambio_dolar
2024-01-10,4.8901,cambio_dolar
2024-01-11,4.8794,cambio_dolar
2024-01-12,4.8543,cambio_dolar
2024-01-15,4.8765,cambio_dolar
2024-01-16,4.9038,cambio_dolar
2024-01-17,4.9346,cambio_dolar
2024-01-18,4.9403,cambio_dolar
2024-01-19,4.9223,cambio_dolar
2024-01-22,4.949,cambio_dolar
2024-01-23,4.9715,cambio_dolar
2024-01-24,4.9192,cambio_dolar
2024-01-25,4.9232,cambio_dolar
2024-01-26,4.9125,cambio_dolar
2024-01-29,4.9225,cambio_dolar
2024-01-30,4.9638,cambio_dolar
2024-01-31,4.9535,cambio_dolar
2024-02-01,4.935,cambio_dolar
2024-02-02,4.9471,cambio_dolar
2024-02-05,5.0053,cambio_dolar
2024-02-06,4.9687,cambio_dolar
2024-02-07,4.9608,cambio_dolar
2024-02-08,4.9804,cambio_dolar
2024-02-09,4.9717,cambio_dolar
2024-02-14,4.9723,cambio_dolar
2024-02-15,4.971,cambio_dolar
2024-02-16,4.9761,cambio_dolar
2024-02-19,4.9585,cambio_dolar
2024-02-20,4.9408,cambio_dolar
2024-02-21,4.9303,cambio_dolar
2024-02-22,4.9419,cambio_dolar
2024-02-23,4.9851,cambio_dolar
2024-02-26,4.9819,cambio_dolar
2024-02-27,4.9575,cambio_dolar
2024-02-28,4.9557,cambio_dolar
2024-02-29,4.9833,cambio_dolar
2024-03-01,4.9596,cambio_dolar
2024-03-04,4.9475,cambio_dolar
2024-03-05,4.9488,cambio_dolar
2024-03-06,4.9398,cambio_dolar
2024-03-07,4.9364,cambio_dolar
2024-03-08,4.9751,cambio_dolar
2024-03-11,4.9777,cambio_dolar
2024-03-12,4.9813,cambio_dolar
2024-03-13,4.9803,cambio_dolar
2024-03-14,4.9768,cambio_dolar
2024-03-15,4.9937,cambio_dolar
2024-03-18,5.0124,cambio_dolar
2024-03-19,5.0352,cambio_dolar
2024-03-20,5.012,cambio_dolar
2024-03-21,4.9807,cambio_dolar
2024-03-22,4.9897,cambio_dolar
2024-03-25,4.9869,cambio_dolar
2024-03-26,4.987,cambio_dolar
2024-03-27,4.9856,cambio_dolar
2024-03-28,4.9962,cambio_dolar
2024-04-01,5.0532,cambio_dolar
2024-04-02,5.0476,cambio_dolar
2024-04-03,5.0724,cambio_dolar
2024-04-04,5.0237,cambio_dolar
2024-04-05,5.052,cambio_dolar
2024-04-08,5.0421,cambio_dolar
2024-04-09,5.008,cambio_dolar
2024-04-10,5.0654,cambio_dolar
2024-04-11,5.0765,cambio_dolar
2024-04-12,5.1364,cambio_dolar
2024-04-15,5.1746,cambio_dolar
2024-04-16,5.2635,cambio_dolar
2024-04-17,5.2469,cambio_dolar
2024-04-18,5.2512,cambio_dolar
2024-04-19,5.2269,cambio_dolar
2024-04-22,5.2043,cambio_dolar
2024-04-23,5.1626,cambio_dolar
2024-04-24,5.1592,cambio_dolar
2024-04-25,5.1679,cambio_dolar
2024-04-26,5.1184,cambio_dolar
2024-04-29,5.1155,cambio_dolar
2024-04-30,5.1718,cambio_dolar
2024-05-02,5.1184,cambio_dolar
2024-05-03,5.0668,cambio_dolar
2024-05-06,5.0727,cambio_dolar
2024-05-07,5.061,cambio_dolar
2024-05-08,5.0887,cambio_dolar
2024-05-09,5.1577,cambio_dolar
2024-05-10,5.1464,cambio_dolar
2024-05-13,5.1412,cambio_dolar
2024-05-14,5.1356,cambio_dolar
2024-05-15,5.1423,cambio_dolar
2024-05-16,5.127,cambio_dolar
2024-05-17,5.1157,cambio_dolar
2024-05-20,5.1085,cambio_dolar
2024-05-21,5.1037,cambio_dolar
2024-05-22,5.1502,cambio_dolar
2024-05-23,5.1443,cambio_dolar
2024-05-24,5.1508,cambio_dolar
2024-05-27,5.1704,cambio_dolar
2024-05-28,5.1538,cambio_dolar
2024-05-29,5.1972,cambio_dolar
2024-05-31,5.2416,cambio_dolar
2024-06-03,5.2373,cambio_dolar
2024-06-04,5.2687,cambio_dolar
2024-06-05,5.2841,cambio_dolar
2024-06-06,5.2681,cambio_dolar
2024-06-07,5.2802,cambio_dolar
2024-06-10,5.3666,cambio_dolar
2024-06-11,5.3524,cambio_dolar
2024-06-12,5.3891,cambio_dolar
2024-06-13,5.3974,cambio_dolar
2024-06-14,5.363,cambio_dolar
2024-06-17,5.413,cambio_dolar
2024-06-18,5.4074,cambio_dolar
2024-06-19,5.4647,cambio_dolar
2024-06-20,5.4254,cambio_dolar
2024-06-21,5.4416,cambio_dolar
2024-06-24,5.4,cambio_dolar
2024-06-25,5.429,cambio_dolar
2024-06-26,5.5097,cambio_dolar
2024-06-27,5.5229,cambio_dolar
2024-06-28,5.5589,cambio_dolar
2024-07-01,5.5893,cambio_dolar
2024-07-02,5.6677,cambio_dolar
2024-07-03,5.5863,cambio_dolar
2024-07-04,5.4839,cambio_dolar
2024-07-05,5.497,cambio_dolar
2024-07-08,5.472,cambio_dolar
2024-07-09,5.4387,cambio_dolar
2024-07-10,5.3967,cambio_dolar
2024-07-11,5.41,cambio_dolar
2024-07-12,5.4529,cambio_dolar
2024-07-15,5.4563,cambio_dolar
2024-07-16,5.4274,cambio_dolar
2024-07-17,5.467,cambio_dolar
2024-07-18,5.5426,cambio_dolar
2024-07-19,5.5543,cambio_dolar
2024-07-22,5.5598,cambio_dolar
2024-07-23,5.5807,cambio_dolar
2024-07-24,5.6346,cambio_dolar
2024-07-25,5.6402,cambio_dolar
2024-07-26,5.6465,cambio_dolar
2024-07-29,5.6479,cambio_dolar
2024-07-30,5.6532,cambio_dolar
2024-07-31,5.6621,cambio_dolar
2024-08-01,5.6681,cambio_dolar
2024-08-02,5.7366,cambio_dolar
2024-08-05,5.7646,cambio_dolar
2024-08-06,5.6528,cambio_dolar
2024-08-07,5.6093,cambio_dolar
2024-08-08,5.6172,cambio_dolar
2024-08-09,5.5115,cambio_dolar
2024-08-12,5.4911,cambio_dolar
2024-08-13,5.4875,cambio_dolar
2024-08-14,5.4502,cambio_dolar
2024-08-15,5.4651,cambio_dolar
2024-08-16,5.4632,cambio_dolar
2024-08-19,5.4237,cambio_dolar
2024-08-20,5.4547,cambio_dolar
2024-08-21,5.4707,cambio_dolar
2024-08-22,5.5524,cambio_dolar
2024-08-23,5.5263,cambio_dolar
2024-08-26,5.4921,cambio_dolar
2024-08-27,5.4969,cambio_dolar
2024-08-28,5.5315,cambio_dolar
2024-08-29,5.6358,cambio_dolar
2024-08-30,5.6562,cambio_dolar
2024-09-02,5.623,cambio_dolar
2024-09-03,5.6224,cambio_dolar
2024-09-04,5.6359,cambio_dolar
2024-09-05,5.6049,cambio_dolar
2024-09-06,5.5702,cambio_dolar
2024-09-09,5.6097,cambio_dolar
2024-09-10,5.6254,cambio_dolar
2024-09-11,5.6387,cambio_dolar
2024-09-12,5.6554,cambio_dolar
2024-09-13,5.5717,cambio_dolar
2024-09-16,5.5207,cambio_dolar
2024-09-17,5.501,cambio_dolar
2024-09-18,5.4767,cambio_dolar
2024-09-19,5.4189,cambio_dolar
2024-09-20,5.4775,cambio_dolar
2024-09-23,5.5446,cambio_dolar
2024-09-24,5.4702,cambio_dolar
2024-09-25,5.4736,cambio_dolar
2024-09-26,5.4412,cambio_dolar
2024-09-27,5.4431,cambio_dolar
2024-09-30,5.4481,cambio_dolar
2024-10-01,5.4521,cambio_dolar
2024-10-02,5.4305,cambio_dolar
2024-10-03,5.485,cambio_dolar
2024-10-04,5.4686,cambio_dolar
2024-10-07,5.4626,cambio_dolar
2024-10-08,5.5197,cambio_dolar
2024-10-09,5.5737,cambio_dolar
2024-10-10,5.5819,cambio_dolar
2024-10-11,5.6263,cambio_dolar
2024-10-14,5.6045,cambio_dolar
2024-10-15,5.6378,cambio_dolar
2024-10-16,5.6749,cambio_dolar
2024-10-17,5.6758,cambio_dolar
2024-10-18,5.6672,cambio_dolar
2024-10-21,5.7068,cambio_dolar
2024-10-22,5.6958,cambio_dolar
2024-10-23,5.7149,cambio_dolar
2024-10-24,5.7087,cambio_dolar
2024-10-25,5.6969,cambio_dolar
2024-10-28,5.6988,cambio_dolar
2024-10-29,5.714,cambio_dolar
2024-10-30,5.7801,cambio_dolar
2024-10-31,5.7779,cambio_dolar
2024-11-01,5.8073,cambio_dolar
2024-11-04,5.7898,cambio_dolar
2024-11-05,5.7846,cambio_dolar
2024-11-06,5.7648,cambio_dolar
2024-11-07,5.6624,cambio_dolar
2024-11-08,5.7648,cambio_dolar
2024-11-11,5.798,cambio_dolar
2024-11-12,5.7694,cambio_dolar
2024-11-13,5.7713,cambio_dolar
2024-11-14,5.7885,cambio_dolar
2024-11-18,5.7603,cambio_dolar
2024-11-19,5.7743,cambio_dolar
2024-11-21,5.8173,cambio_dolar
2024-11-22,5.8124,cambio_dolar
2024-11-25,5.8002,cambio_dolar
2024-11-26,5.799,cambio_dolar
2024-11-27,5.8291,cambio_dolar
2024-11-28,5.9871,cambio_dolar
2024-11-29,6.0535,cambio_dolar
2024-12-02,6.0634,cambio_dolar
2024-12-03,6.0707,cambio_dolar
2024-12-04,6.0581,cambio_dolar
2024-12-05,5.9849,cambio_dolar
2024-12-06,6.0293,cambio_dolar
2024-12-09,6.057,cambio_dolar
2024-12-10,6.0529,cambio_dolar
2024-12-11,6.032,cambio_dolar
2024-12-12,5.9408,cambio_dolar
2024-12-13,6.04,cambio_dolar
2024-12-16,6.0509,cambio_dolar
2024-12-17,6.1685,cambio_dolar
2024-12-18,6.1624,cambio_dolar
2024-12-19,6.1841,cambio_dolar
2024-12-20,6.078,cambio_dolar
2024-12-23,6.1612,cambio_dolar
2024-12-24,6.1541,cambio_dolar
2024-12-26,6.1656,cambio_dolar
2024-12-27,6.1991,cambio_dolar
2024-12-30,6.1923,cambio_dolar
2024-12-31,6.1923,cambio_dolar
2025-01-02,6.2086,cambio_dolar
2025-01-03,6.1563,cambio_dolar
2025-01-06,6.1119,cambio_dolar
2025-01-07,6.0741,cambio_dolar
2025-01-08,6.1321,cambio_dolar
2025-01-09,6.0896,cambio_dolar
2025-01-10,6.0965,cambio_dolar
2025-01-13,6.1079,cambio_dolar
2025-01-14,6.0671,cambio_dolar
2025-01-15,6.0377,cambio_dolar
2025-01-16,6.0322,cambio_dolar
2025-01-17,6.0609,cambio_dolar
2025-01-20,6.0498,cambio_dolar
2025-01-21,6.044,cambio_dolar
2025-01-22,5.9674,cambio_dolar
2025-01-23,5.9399,cambio_dolar
2025-01-24,5.8925,cambio_dolar
2025-01-27,5.9272,cambio_dolar
2025-01-28,5.893,cambio_dolar
2025-01-29,5.8596,cambio_dolar
2025-01-30,5.9006,cambio_dolar
2025-01-31,5.8301,cambio_dolar
2025-02-03,5.8687,cambio_dolar
2025-02-04,5.7927,cambio_dolar
2025-02-05,5.7997,cambio_dolar
2025-02-06,5.7856,cambio_dolar
2025-02-07,5.7557,cambio_dolar
2025-02-10,5.7808,cambio_dolar
2025-02-11,5.7788,cambio_dolar
2025-02-12,5.7711,cambio_dolar
2025-02-13,5.7788,cambio_dolar
2025-02-14,5.7283,cambio_dolar
2025-02-17,5.7105,cambio_dolar
2025-02-18,5.6979,cambio_dolar
2025-02-19,5.7087,cambio_dolar
2025-02-20,5.7019,cambio_dolar
2025-02-21,5.7027,cambio_dolar
2025-02-24,5.7258,cambio_dolar
2025-02-25,5.7779,cambio_dolar
2025-02-26,5.7757,cambio_dolar
2025-02-27,5.8228,cambio_dolar
2025-02-28,5.8488,cambio_dolar
2025-03-05,5.7914,cambio_dolar
2025-03-06,5.7489,cambio_dolar
2025-03-07,5.7688,cambio_dolar
2025-03-10,5.793,cambio_dolar
2025-03-11,5.8346,cambio_dolar
2025-03-12,5.8268,cambio_dolar
2025-03-13,5.8131,cambio_dolar
2025-03-14,5.7419,cambio_dolar
2025-03-17,5.7082,cambio_dolar
2025-03-18,5.6852,cambio_dolar
2025-03-19,5.6657,cambio_dolar
2025-03-20,5.6628,cambio_dolar
2025-03-21,5.7241,cambio_dolar
2025-03-24,5.7403,cambio_dolar
2025-03-25,5.6992,cambio_dolar
2025-03-26,5.7298,cambio_dolar
2025-03-27,5.7474,cambio_dolar
2025-03-28,5.766,cambio_dolar
2025-03-31,5.7422,cambio_dolar
2025-04-01,5.7051,cambio_dolar
2025-04-02,5.6923,cambio_dolar
2025-04-03,5.6067,cambio_dolar
2025-04-04,5.7777,cambio_dolar
2025-04-07,5.8877,cambio_dolar
2025-04-08,5.9368,cambio_dolar
2025-04-09,6.0605,cambio_dolar
2025-04-10,5.9115,cambio_dolar
2025-04-11,5.8737,cambio_dolar
2025-04-14,5.8425,cambio_dolar
2025-04-15,5.8707,cambio_dolar
2025-04-16,5.8808,cambio_dolar
2025-04-17,5.8559,cambio_dolar
2025-04-22,5.7496,cambio_dolar
2025-04-23,5.688,cambio_dolar
2025-04-24,5.6738,cambio_dolar
2025-04-25,5.6846,cambio_dolar
2025-04-28,5.6681,cambio_dolar
2025-04-29,5.6467,cambio_dolar
2025-04-30,5.6608,cambio_dolar
2025-05-02,5.6394,cambio_dolar
2025-05-05,5.652,cambio_dolar
2025-05-06,5.721,cambio_dolar
2025-05-07,5.7375,cambio_dolar
2025-05-08,5.686,cambio_dolar
2025-05-09,5.6511,cambio_dolar
2025-05-12,5.6822,cambio_dolar
2025-05-13,5.6262,cambio_dolar
2025-05-14,5.61,cambio_dolar
2025-05-15,5.6328,cambio_dolar
2025-05-16,5.6925,cambio_dolar
2025-05-19,5.6591,cambio_dolar
2025-05-20,5.662,cambio_dolar
2025-05-21,5.6571,cambio_dolar
2025-05-22,5.639,cambio_dolar
2025-05-23,5.6932,cambio_dolar
2025-05-26,5.6619,cambio_dolar
2025-05-27,5.6539,cambio_dolar
2025-05-28,5.6936,cambio_dolar
2025-05-29,5.6559,cambio_dolar
2025-05-30,5.7087,cambio_dolar
2025-06-02,5.6937,cambio_dolar
2025-06-03,5.6694,cambio_dolar
2025-06-04,5.6332,cambio_dolar
2025-06-05,5.5969,cambio_dolar
2025-06-06,5.5947,cambio_dolar
2025-06-09,5.576,cambio_dolar
2025-06-10,5.5557,cambio_dolar
2025-06-11,5.539,cambio_dolar
2025-06-12,5.5388,cambio_dolar
2025-06-13,5.5652,cambio_dolar
2025-06-16,5.5123,cambio_dolar
2025-06-17,5.4773,cambio_dolar
2025-06-18,5.4879,cambio_dolar
2025-06-20,5.4957,cambio_dolar
2025-06-23,5.5213,cambio_dolar
2025-06-24,5.4938,cambio_dolar
2025-06-25,5.5427,cambio_dolar
2025-06-26,5.5145,cambio_dolar
2025-06-27,5.4759,cambio_dolar
2025-06-30,5.4571,cambio_dolar
2025-07-01,5.4511,cambio_dolar
2025-07-02,5.4512,cambio_dolar
2025-07-03,5.4208,cambio_dolar
2025-07-04,5.409,cambio_dolar
2025-07-07,5.4552,cambio_dolar
2025-07-08,5.4571,cambio_dolar
2025-07-09,5.4626,cambio_dolar
2025-07-10,5.5433,cambio_dolar
2025-07-11,5.5722,cambio_dolar
2025-07-14,5.5595,cambio_dolar
2025-07-15,5.5576,cambio_dolar
2025-07-16,5.5722,cambio_dolar
2025-07-17,5.5737,cambio_dolar
2025-07-18,5.5466,cambio_dolar
2025-07-21,5.5625,cambio_dolar
2025-07-22,5.5709,cambio_dolar
2025-07-23,5.5537,cambio_dolar
2025-07-24,5.5239,cambio_dolar
2025-07-25,5.5426,cambio_dolar
2025-07-28,5.5877,cambio_dolar
2025-07-29,5.5764,cambio_dolar
2025-07-30,5.6034,cambio_dolar
2025-07-31,5.6021,cambio_dolar
2025-08-01,5.5436,cambio_dolar
2025-08-04,5.5113,cambio_dolar
2025-08-05,5.5119,cambio_dolar
2025-08-06,5.4802,cambio_dolar
2025-08-07,5.4638,cambio_dolar
2025-08-08,5.4254,cambio_dolar
2025-08-11,5.4473,cambio_dolar
2025-08-12,5.4052,cambio_dolar
2025-08-13,5.3928,cambio_dolar
2025-08-14,5.4095,cambio_dolar
2025-08-15,5.3928,cambio_dolar
2025-08-18,5.4155,cambio_dolar
2025-08-19,5.4716,cambio_dolar
2025-08-20,5.4726,cambio_dolar
2025-08-21,5.4828,cambio_dolar
2025-08-22,5.4392,cambio_dolar
2025-08-25,5.4174,cambio_dolar
2025-08-26,5.4218,cambio_dolar
2025-08-27,5.4428,cambio_dolar
2025-08-28,5.4115,cambio_dolar
2025-08-29,5.4264,cambio_dolar
2025-09-01,5.4378,cambio_dolar
2025-09-02,5.468,cambio_dolar
2025-09-03,5.4485,cambio_dolar
2025-09-04,5.4587,cambio_dolar
2025-09-05,5.3968,cambio_dolar
2025-09-08,5.4278,cambio_dolar
2025-09-09,5.4278,cambio_dolar
2025-09-10,5.4123,cambio_dolar
2025-09-11,5.3858,cambio_dolar
2025-09-12,5.3677,cambio_dolar
2025-09-15,5.3208,cambio_dolar
2025-09-16,5.3096,cambio_dolar
2025-09-17,5.3011,cambio_dolar
2025-09-18,5.301,cambio_dolar
2025-09-19,5.3276,cambio_dolar
2025-09-22,5.3457,cambio_dolar
2025-09-23,5.3063,cambio_dolar
2025-09-24,5.3112,cambio_dolar
2025-09-25,5.3425,cambio_dolar
2025-09-26,5.3445,cambio_dolar
2025-09-29,5.3229,cambio_dolar
2025-09-30,5.3186,cambio_dolar
2025-10-01,5.3208,cambio_dolar
2025-10-02,5.3449,cambio_dolar
2025-10-03,5.3498,cambio_dolar
2025-10-06,5.3226,cambio_dolar
2025-10-07,5.3363,cambio_dolar
2025-10-08,5.3427,cambio_dolar
2025-10-09,5.3538,cambio_dolar
2025-10-10,5.4446,cambio_dolar
2025-10-13,5.4629,cambio_dolar
2025-10-14,5.4982,cambio_dolar
2025-10-15,5.4464,cambio_dolar
2025-10-16,5.4354,cambio_dolar
2025-10-17,5.439,cambio_dolar
2025-10-20,5.3771,cambio_dolar
2025-10-21,5.3848,cambio_dolar
2025-10-22,5.3898,cambio_dolar
2025-10-23,5.384,cambio_dolar
2025-10-24,5.3797,cambio_dolar
2025-10-27,5.3744,cambio_dolar
2025-10-28,5.369,cambio_dolar
2025-10-29,5.3416,cambio_dolar
2025-10-30,5.385,cambio_dolar
2025-10-31,5.3843,cambio_dolar
2025-11-03,5.3505,cambio_dolar
2025-11-04,5.3846,cambio_dolar
2025-11-05,5.3798,cambio_dolar
2025-11-06,5.3451,cambio_dolar
2025-11-07,5.3567,cambio_dolar
2025-11-10,5.3181,cambio_dolar
2025-11-11,5.2729,cambio_dolar
2025-11-12,5.2885,cambio_dolar
2025-11-13,5.282,cambio_dolar
2025-11-14,5.2952,cambio_dolar
2025-11-17,5.3108,cambio_dolar
2025-11-18,5.3361,cambio_dolar
2025-11-19,5.3346,cambio_dolar
2025-11-21,5.3902,cambio_dolar
2025-11-24,5.3948,cambio_dolar
2025-11-25,5.3841,cambio_dolar
2025-11-26,5.3694,cambio_dolar
2025-11-27,5.349,cambio_dolar
2025-11-28,5.3338,cambio_dolar
2025-12-01,5.3469,cambio_dolar
2025-12-02,5.3465,cambio_dolar
2025-12-03,5.3114,cambio_dolar
2025-12-04,5.2952,cambio_dolar
2025-12-05,5.3405,cambio_dolar
2025-12-08,5.4249,cambio_dolar
2025-12-09,5.457,cambio_dolar
2025-12-10,5.4656,cambio_dolar
2025-12-11,5.4237,cambio_dolar
2025-12-12,5.4011,cambio_dolar
2025-12-15,5.3929,cambio_dolar
2025-12-16,5.4505,cambio_dolar
2025-12-17,5.5093,cambio_dolar
2025-12-18,5.5283,cambio_dolar
2025-12-19,5.516,cambio_dolar
2025-12-22,5.5389,cambio_dolar
2025-12-23,5.5643,cambio_dolar
2025-12-24,5.535,cambio_dolar
2025-12-26,5.5413,cambio_dolar
2025-12-29,5.5739,cambio_dolar
2025-12-30,5.5024,cambio_dolar
2025-12-31,5.5024,cambio_dolar
2026-01-02,5.4372,cambio_dolar
2026-01-05,5.4351,cambio_dolar
2026-01-06,5.3797,cambio_dolar
2026-01-07,5.388,cambio_dolar
2026-01-08,5.386,cambio_dolar
2026-01-09,5.3707,cambio_dolar
2026-01-12,5.376,cambio_dolar
2026-01-13,5.3764,cambio_dolar
2026-01-14,5.3795,cambio_dolar
2026-01-15,5.3846,cambio_dolar
2026-01-16,5.3798,cambio_dolar
2026-01-19,5.3653,cambio_dolar
2026-01-20,5.379,cambio_dolar
2026-01-21,5.3368,cambio_dolar
2026-01-22,5.3118,cambio_dolar
2026-01-23,5.2879,cambio_dolar
2026-01-26,5.276,cambio_dolar
2026-01-27,5.2392,cambio_dolar
2026-01-28,5.1838,cambio_dolar
2026-01-29,5.1956,cambio_dolar
2026-01-30,5.2301,cambio_dolar
2026-02-02,5.2587,cambio_dolar
2026-02-03,5.2236,cambio_dolar
2026-02-04,5.2359,cambio_dolar
2026-02-05,5.258,cambio_dolar
2026-02-06,5.2341,cambio_dolar
2026-02-09,5.1943,cambio_dolar
2026-02-10,5.2021,cambio_dolar
2026-02-11,5.1836,cambio_dolar
2026-02-12,5.1674,cambio_dolar
2026-02-13,5.2288,cambio_dolar
2026-02-18,5.2349,cambio_dolar
2026-02-19,5.2257,cambio_dolar
2026-02-20,5.2006,cambio_dolar
2026-02-23,5.1635,cambio_dolar
2026-02-24,5.1682,cambio_dolar
2026-02-25,5.144,cambio_dolar
2026-02-26,5.1382,cambio_dolar
2026-02-27,5.1495,cambio_dolar
2026-03-02,5.2001,cambio_dolar
2026-03-03,5.287,cambio_dolar
2026-03-04,5.2091,cambio_dolar
2026-03-05,5.2447,cambio_dolar
2026-03-06,5.2878,cambio_dolar
2026-03-09,5.2139,cambio_dolar
2026-03-10,5.1622,cambio_dolar
2026-03-11,5.1596,cambio_dolar
2026-03-12,5.2051,cambio_dolar
2026-03-13,5.2541,cambio_dolar
2026-03-16,5.2647,cambio_dolar
2026-03-17,5.2022,cambio_dolar
2026-03-18,5.2112,cambio_dolar
2026-03-19,5.2587,cambio_dolar
2026-03-20,5.28,cambio_dolar
2026-03-23,5.244,cambio_dolar
2026-03-24,5.2599,cambio_dolar
2026-03-25,5.2275,cambio_dolar
2026-03-26,5.2308,cambio_dolar
2026-03-27,5.2376,cambio_dolar
2026-03-30,5.2353,cambio_dolar
2026-03-31,5.2194,cambio_dolar
2026-04-01,5.1606,cambio_dolar
2026-04-02,5.1655,cambio_dolar
2026-04-06,5.1532,cambio_dolar
2026-04-07,5.1625,cambio_dolar
2026-04-08,5.0899,cambio_dolar
2026-04-09,5.0821,cambio_dolar
2026-04-10,5.0229,cambio_dolar
2026-04-13,5.0244,cambio_dolar
2026-04-14,4.9806,cambio_dolar
2026-04-15,4.9928,cambio_dolar
2026-04-16,5.0007,cambio_dolar
2026-04-17,4.9695,cambio_dolar
2026-04-20,4.9844,cambio_dolar
2026-04-22,4.9653,cambio_dolar
2026-04-23,4.9539,cambio_dolar
2026-04-24,5.0083,cambio_dolar
2026-04-27,4.97,cambio_dolar
2026-04-28,4.9878,cambio_dolar
2026-04-29,4.9985,cambio_dolar
2026-04-30,4.9886,cambio_dolar
2026-05-04,4.9587,cambio_dolar
2026-05-05,4.9242,cambio_dolar
2026-05-06,4.9274,cambio_dolar
2026-05-07,4.917,cambio_dolar
2026-05-08,4.8999,cambio_dolar
2026-05-11,4.8973,cambio_dolar
2026-05-12,4.8977,cambio_dolar
2026-05-13,4.9118,cambio_dolar
2026-05-14,4.9809,cambio_dolar
2026-05-15,5.0654,cambio_dolar
2026-05-18,5.0093,cambio_dolar
2026-05-19,5.0378,cambio_dolar
2026-05-20,5.0301,cambio_dolar
2026-05-21,5.0077,cambio_dolar
2026-05-22,5.014,cambio_dolar
2026-05-25,5.0072,cambio_dolar
2026-05-26,5.0211,cambio_dolar
2026-05-27,5.0579,cambio_dolar
2026-05-28,5.0517,cambio_dolar
2026-05-29,5.0569,cambio_dolar
2026-06-01,5.0303,cambio_dolar
2026-06-02,5.016,cambio_dolar
2026-06-03,5.0415,cambio_dolar
2026-06-05,5.1244,cambio_dolar
2026-06-08,5.1695,cambio_dolar
2026-06-09,5.1693,cambio_dolar
2026-06-10,5.1763,cambio_dolar
2026-06-11,5.1478,cambio_dolar
2026-06-12,5.0827,cambio_dolar
2026-06-15,5.043,cambio_dolar
2026-06-16,5.078,cambio_dolar
2026-06-17,5.0641,cambio_dolar
2026-06-18,5.1613,cambio_dolar
2026-06-19,5.1442,cambio_dolar
2026-06-22,5.1395,cambio_dolar
2026-06-23,5.1743,cambio_dolar
2026-06-24,5.2098,cambio_dolar
2026-06-25,5.1892,cambio_dolar
2026-06-26,5.1695,cambio_dolar
2026-06-29,5.1717,cambio_dolar
2026-06-30,5.1766,cambio_dolar
2026-07-01,5.195,cambio_dolar
2026-07-02,5.1945,cambio_dolar
2026-07-03,5.1717,cambio_dolar
2026-07-06,5.167,cambio_dolar
2026-07-07,5.1458,cambio_dolar
2026-07-08,5.1552,cambio_dolar
2026-07-09,5.1329,cambio_dolar
2026-07-10,5.1088,cambio_dolar
2026-07-13,5.1183,cambio_dolar
2026-07-14,5.0742,cambio_dolar
2026-07-15,5.0727,cambio_dolar
2026-07-16,5.0975,cambio_dolar
2026-07-17,5.1176,cambio_dolar
2026-07-20,5.0894,cambio_dolar
2026-07-21,5.078,cambio_dolar
2026-07-22,5.0638,cambio_dolar
2026-07-23,5.0807,cambio_dolar
2026-07-24,5.0666,cambio_dolar
2026-07-27,5.1005,cambio_dolar
2026-07-28,5.1177,cambio_dolar
2026-07-29,5.1217,cambio_dolar
2026-07-30,5.0739,cambio_dolar
2026-07-31,5.0773,cambio_dolar
2026-08-03,5.0723,cambio_dolar
2026-08-04,5.1053,cambio_dolar
2026-08-05,5.1154,cambio_dolar
2026-08-06,5.1017,cambio_dolar
2026-08-07,5.0908,cambio_dolar
2026-08-10,5.0963,cambio_dolar
2026-08-11,5.1285,cambio_dolar
2026-08-12,5.1639,cambio_dolar
2026-08-13,5.1859,cambio_dolar
2026-08-14,5.2236,cambio_dolar
2026-08-17,5.2014,cambio_dolar
2026-08-18,5.2043,cambio_dolar
2026-08-19,5.1714,cambio_dolar
2026-08-20,5.1862,cambio_dolar
